treatment_id,replicate_id,study_year,plos_system,source_value_Mg_C_ha,correction_factor,SOC_stock_0_30cm_Mg_C_ha,correction_note,attributes_json
socs_sys1,1,0,1,52,0.905,47.06,rescaled x0.905 for the White et al. (2024) correction (10.1371/journal.pone.0307250),"{""stock_basis"":""maximum_equivalent_soil_mass"",""source_file"":""White_Data in Brief_Supplemental Tables.xlsx"",""source_sheet"":""Supplementary Table 1"",""source_value_Mg_ha"":52,""plos_system"":1,""correction_doi"":""10.1371/journal.pone.0307250"",""correction_factor"":0.905,""derivation_script"":""data_raw/white_salinas_2020/correct_soc_stocks_2024.R""}"
socs_sys1,1,1,1,21,0.905,19.005,rescaled x0.905 for the White et al. (2024) correction (10.1371/journal.pone.0307250),"{""stock_basis"":""maximum_equivalent_soil_mass"",""source_file"":""White_Data in Brief_Supplemental Tables.xlsx"",""source_sheet"":""Supplementary Table 1"",""source_value_Mg_ha"":21,""plos_system"":1,""correction_doi"":""10.1371/journal.pone.0307250"",""correction_factor"":0.905,""derivation_script"":""data_raw/white_salinas_2020/correct_soc_stocks_2024.R""}"
socs_sys1,1,2,1,34,0.905,30.77,rescaled x0.905 for the White et al. (2024) correction (10.1371/journal.pone.0307250),"{""stock_basis"":""maximum_equivalent_soil_mass"",""source_file"":""White_Data in Brief_Supplemental Tables.xlsx"",""source_sheet"":""Supplementary Table 1"",""source_value_Mg_ha"":34,""plos_system"":1,""correction_doi"":""10.1371/journal.pone.0307250"",""correction_factor"":0.905,""derivation_script"":""data_raw/white_salinas_2020/correct_soc_stocks_2024.R""}"
socs_sys1,1,3,1,28,0.905,25.34,rescaled x0.905 for the White et al. (2024) correction (10.1371/journal.pone.0307250),"{""stock_basis"":""maximum_equivalent_soil_mass"",""source_file"":""White_Data in Brief_Supplemental Tables.xlsx"",""source_sheet"":""Supplementary Table 1"",""source_value_Mg_ha"":28,""plos_system"":1,""correction_doi"":""10.1371/journal.pone.0307250"",""correction_factor"":0.905,""derivation_script"":""data_raw/white_salinas_2020/correct_soc_stocks_2024.R""}"
socs_sys1,1,4,1,22,0.905,19.91,rescaled x0.905 for the White et al. (2024) correction (10.1371/journal.pone.0307250),"{""stock_basis"":""maximum_equivalent_soil_mass"",""source_file"":""White_Data in Brief_Supplemental Tables.xlsx"",""source_sheet"":""Supplementary Table 1"",""source_value_Mg_ha"":22,""plos_system"":1,""correction_doi"":""10.1371/journal.pone.0307250"",""correction_factor"":0.905,""derivation_script"":""data_raw/white_salinas_2020/correct_soc_stocks_2024.R""}"
socs_sys1,1,5,1,24,0.905,21.72,rescaled x0.905 for the White et al. (2024) correction (10.1371/journal.pone.0307250),"{""stock_basis"":""maximum_equivalent_soil_mass"",""source_file"":""White_Data in Brief_Supplemental Tables.xlsx"",""source_sheet"":""Supplementary Table 1"",""source_value_Mg_ha"":24,""plos_system"":1,""correction_doi"":""10.1371/journal.pone.0307250"",""correction_factor"":0.905,""derivation_script"":""data_raw/white_salinas_2020/correct_soc_stocks_2024.R""}"
socs_sys1,1,6,1,26,0.905,23.53,rescaled x0.905 for the White et al. (2024) correction (10.1371/journal.pone.0307250),"{""stock_basis"":""maximum_equivalent_soil_mass"",""source_file"":""White_Data in Brief_Supplemental Tables.xlsx"",""source_sheet"":""Supplementary Table 1"",""source_value_Mg_ha"":26,""plos_system"":1,""correction_doi"":""10.1371/journal.pone.0307250"",""correction_factor"":0.905,""derivation_script"":""data_raw/white_salinas_2020/correct_soc_stocks_2024.R""}"
socs_sys1,1,7,1,15,0.905,13.575000000000001,rescaled x0.905 for the White et al. (2024) correction (10.1371/journal.pone.0307250),"{""stock_basis"":""maximum_equivalent_soil_mass"",""source_file"":""White_Data in Brief_Supplemental Tables.xlsx"",""source_sheet"":""Supplementary Table 1"",""source_value_Mg_ha"":15,""plos_system"":1,""correction_doi"":""10.1371/journal.pone.0307250"",""correction_factor"":0.905,""derivation_script"":""data_raw/white_salinas_2020/correct_soc_stocks_2024.R""}"
socs_sys1,1,8,1,22,0.905,19.91,rescaled x0.905 for the White et al. (2024) correction (10.1371/journal.pone.0307250),"{""stock_basis"":""maximum_equivalent_soil_mass"",""source_file"":""White_Data in Brief_Supplemental Tables.xlsx"",""source_sheet"":""Supplementary Table 1"",""source_value_Mg_ha"":22,""plos_system"":1,""correction_doi"":""10.1371/journal.pone.0307250"",""correction_factor"":0.905,""derivation_script"":""data_raw/white_salinas_2020/correct_soc_stocks_2024.R""}"
socs_sys1,2,0,1,49,0.905,44.345,rescaled x0.905 for the White et al. (2024) correction (10.1371/journal.pone.0307250),"{""stock_basis"":""maximum_equivalent_soil_mass"",""source_file"":""White_Data in Brief_Supplemental Tables.xlsx"",""source_sheet"":""Supplementary Table 1"",""source_value_Mg_ha"":49,""plos_system"":1,""correction_doi"":""10.1371/journal.pone.0307250"",""correction_factor"":0.905,""derivation_script"":""data_raw/white_salinas_2020/correct_soc_stocks_2024.R""}"
socs_sys1,2,1,1,12,0.905,10.86,rescaled x0.905 for the White et al. (2024) correction (10.1371/journal.pone.0307250),"{""stock_basis"":""maximum_equivalent_soil_mass"",""source_file"":""White_Data in Brief_Supplemental Tables.xlsx"",""source_sheet"":""Supplementary Table 1"",""source_value_Mg_ha"":12,""plos_system"":1,""correction_doi"":""10.1371/journal.pone.0307250"",""correction_factor"":0.905,""derivation_script"":""data_raw/white_salinas_2020/correct_soc_stocks_2024.R""}"
socs_sys1,2,2,1,30,0.905,27.150000000000002,rescaled x0.905 for the White et al. (2024) correction (10.1371/journal.pone.0307250),"{""stock_basis"":""maximum_equivalent_soil_mass"",""source_file"":""White_Data in Brief_Supplemental Tables.xlsx"",""source_sheet"":""Supplementary Table 1"",""source_value_Mg_ha"":30,""plos_system"":1,""correction_doi"":""10.1371/journal.pone.0307250"",""correction_factor"":0.905,""derivation_script"":""data_raw/white_salinas_2020/correct_soc_stocks_2024.R""}"
socs_sys1,2,3,1,29,0.905,26.245,rescaled x0.905 for the White et al. (2024) correction (10.1371/journal.pone.0307250),"{""stock_basis"":""maximum_equivalent_soil_mass"",""source_file"":""White_Data in Brief_Supplemental Tables.xlsx"",""source_sheet"":""Supplementary Table 1"",""source_value_Mg_ha"":29,""plos_system"":1,""correction_doi"":""10.1371/journal.pone.0307250"",""correction_factor"":0.905,""derivation_script"":""data_raw/white_salinas_2020/correct_soc_stocks_2024.R""}"
socs_sys1,2,4,1,18,0.905,16.29,rescaled x0.905 for the White et al. (2024) correction (10.1371/journal.pone.0307250),"{""stock_basis"":""maximum_equivalent_soil_mass"",""source_file"":""White_Data in Brief_Supplemental Tables.xlsx"",""source_sheet"":""Supplementary Table 1"",""source_value_Mg_ha"":18,""plos_system"":1,""correction_doi"":""10.1371/journal.pone.0307250"",""correction_factor"":0.905,""derivation_script"":""data_raw/white_salinas_2020/correct_soc_stocks_2024.R""}"
socs_sys1,2,5,1,20,0.905,18.1,rescaled x0.905 for the White et al. (2024) correction (10.1371/journal.pone.0307250),"{""stock_basis"":""maximum_equivalent_soil_mass"",""source_file"":""White_Data in Brief_Supplemental Tables.xlsx"",""source_sheet"":""Supplementary Table 1"",""source_value_Mg_ha"":20,""plos_system"":1,""correction_doi"":""10.1371/journal.pone.0307250"",""correction_factor"":0.905,""derivation_script"":""data_raw/white_salinas_2020/correct_soc_stocks_2024.R""}"
socs_sys1,2,6,1,29,0.905,26.245,rescaled x0.905 for the White et al. (2024) correction (10.1371/journal.pone.0307250),"{""stock_basis"":""maximum_equivalent_soil_mass"",""source_file"":""White_Data in Brief_Supplemental Tables.xlsx"",""source_sheet"":""Supplementary Table 1"",""source_value_Mg_ha"":29,""plos_system"":1,""correction_doi"":""10.1371/journal.pone.0307250"",""correction_factor"":0.905,""derivation_script"":""data_raw/white_salinas_2020/correct_soc_stocks_2024.R""}"
socs_sys1,2,7,1,20,0.905,18.1,rescaled x0.905 for the White et al. (2024) correction (10.1371/journal.pone.0307250),"{""stock_basis"":""maximum_equivalent_soil_mass"",""source_file"":""White_Data in Brief_Supplemental Tables.xlsx"",""source_sheet"":""Supplementary Table 1"",""source_value_Mg_ha"":20,""plos_system"":1,""correction_doi"":""10.1371/journal.pone.0307250"",""correction_factor"":0.905,""derivation_script"":""data_raw/white_salinas_2020/correct_soc_stocks_2024.R""}"
socs_sys1,2,8,1,17,0.905,15.385,rescaled x0.905 for the White et al. (2024) correction (10.1371/journal.pone.0307250),"{""stock_basis"":""maximum_equivalent_soil_mass"",""source_file"":""White_Data in Brief_Supplemental Tables.xlsx"",""source_sheet"":""Supplementary Table 1"",""source_value_Mg_ha"":17,""plos_system"":1,""correction_doi"":""10.1371/journal.pone.0307250"",""correction_factor"":0.905,""derivation_script"":""data_raw/white_salinas_2020/correct_soc_stocks_2024.R""}"
socs_sys1,3,0,1,46,0.905,41.63,rescaled x0.905 for the White et al. (2024) correction (10.1371/journal.pone.0307250),"{""stock_basis"":""maximum_equivalent_soil_mass"",""source_file"":""White_Data in Brief_Supplemental Tables.xlsx"",""source_sheet"":""Supplementary Table 1"",""source_value_Mg_ha"":46,""plos_system"":1,""correction_doi"":""10.1371/journal.pone.0307250"",""correction_factor"":0.905,""derivation_script"":""data_raw/white_salinas_2020/correct_soc_stocks_2024.R""}"
socs_sys1,3,1,1,9,0.905,8.145,rescaled x0.905 for the White et al. (2024) correction (10.1371/journal.pone.0307250),"{""stock_basis"":""maximum_equivalent_soil_mass"",""source_file"":""White_Data in Brief_Supplemental Tables.xlsx"",""source_sheet"":""Supplementary Table 1"",""source_value_Mg_ha"":9,""plos_system"":1,""correction_doi"":""10.1371/journal.pone.0307250"",""correction_factor"":0.905,""derivation_script"":""data_raw/white_salinas_2020/correct_soc_stocks_2024.R""}"
socs_sys1,3,2,1,23,0.905,20.815,rescaled x0.905 for the White et al. (2024) correction (10.1371/journal.pone.0307250),"{""stock_basis"":""maximum_equivalent_soil_mass"",""source_file"":""White_Data in Brief_Supplemental Tables.xlsx"",""source_sheet"":""Supplementary Table 1"",""source_value_Mg_ha"":23,""plos_system"":1,""correction_doi"":""10.1371/journal.pone.0307250"",""correction_factor"":0.905,""derivation_script"":""data_raw/white_salinas_2020/correct_soc_stocks_2024.R""}"
socs_sys1,3,3,1,22,0.905,19.91,rescaled x0.905 for the White et al. (2024) correction (10.1371/journal.pone.0307250),"{""stock_basis"":""maximum_equivalent_soil_mass"",""source_file"":""White_Data in Brief_Supplemental Tables.xlsx"",""source_sheet"":""Supplementary Table 1"",""source_value_Mg_ha"":22,""plos_system"":1,""correction_doi"":""10.1371/journal.pone.0307250"",""correction_factor"":0.905,""derivation_script"":""data_raw/white_salinas_2020/correct_soc_stocks_2024.R""}"
socs_sys1,3,4,1,18,0.905,16.29,rescaled x0.905 for the White et al. (2024) correction (10.1371/journal.pone.0307250),"{""stock_basis"":""maximum_equivalent_soil_mass"",""source_file"":""White_Data in Brief_Supplemental Tables.xlsx"",""source_sheet"":""Supplementary Table 1"",""source_value_Mg_ha"":18,""plos_system"":1,""correction_doi"":""10.1371/journal.pone.0307250"",""correction_factor"":0.905,""derivation_script"":""data_raw/white_salinas_2020/correct_soc_stocks_2024.R""}"
socs_sys1,3,5,1,16,0.905,14.48,rescaled x0.905 for the White et al. (2024) correction (10.1371/journal.pone.0307250),"{""stock_basis"":""maximum_equivalent_soil_mass"",""source_file"":""White_Data in Brief_Supplemental Tables.xlsx"",""source_sheet"":""Supplementary Table 1"",""source_value_Mg_ha"":16,""plos_system"":1,""correction_doi"":""10.1371/journal.pone.0307250"",""correction_factor"":0.905,""derivation_script"":""data_raw/white_salinas_2020/correct_soc_stocks_2024.R""}"
socs_sys1,3,6,1,23,0.905,20.815,rescaled x0.905 for the White et al. (2024) correction (10.1371/journal.pone.0307250),"{""stock_basis"":""maximum_equivalent_soil_mass"",""source_file"":""White_Data in Brief_Supplemental Tables.xlsx"",""source_sheet"":""Supplementary Table 1"",""source_value_Mg_ha"":23,""plos_system"":1,""correction_doi"":""10.1371/journal.pone.0307250"",""correction_factor"":0.905,""derivation_script"":""data_raw/white_salinas_2020/correct_soc_stocks_2024.R""}"
socs_sys1,3,7,1,22,0.905,19.91,rescaled x0.905 for the White et al. (2024) correction (10.1371/journal.pone.0307250),"{""stock_basis"":""maximum_equivalent_soil_mass"",""source_file"":""White_Data in Brief_Supplemental Tables.xlsx"",""source_sheet"":""Supplementary Table 1"",""source_value_Mg_ha"":22,""plos_system"":1,""correction_doi"":""10.1371/journal.pone.0307250"",""correction_factor"":0.905,""derivation_script"":""data_raw/white_salinas_2020/correct_soc_stocks_2024.R""}"
socs_sys1,3,8,1,18,0.905,16.29,rescaled x0.905 for the White et al. (2024) correction (10.1371/journal.pone.0307250),"{""stock_basis"":""maximum_equivalent_soil_mass"",""source_file"":""White_Data in Brief_Supplemental Tables.xlsx"",""source_sheet"":""Supplementary Table 1"",""source_value_Mg_ha"":18,""plos_system"":1,""correction_doi"":""10.1371/journal.pone.0307250"",""correction_factor"":0.905,""derivation_script"":""data_raw/white_salinas_2020/correct_soc_stocks_2024.R""}"
socs_sys1,4,0,1,44,0.905,39.82,rescaled x0.905 for the White et al. (2024) correction (10.1371/journal.pone.0307250),"{""stock_basis"":""maximum_equivalent_soil_mass"",""source_file"":""White_Data in Brief_Supplemental Tables.xlsx"",""source_sheet"":""Supplementary Table 1"",""source_value_Mg_ha"":44,""plos_system"":1,""correction_doi"":""10.1371/journal.pone.0307250"",""correction_factor"":0.905,""derivation_script"":""data_raw/white_salinas_2020/correct_soc_stocks_2024.R""}"
socs_sys1,4,1,1,17,0.905,15.385,rescaled x0.905 for the White et al. (2024) correction (10.1371/journal.pone.0307250),"{""stock_basis"":""maximum_equivalent_soil_mass"",""source_file"":""White_Data in Brief_Supplemental Tables.xlsx"",""source_sheet"":""Supplementary Table 1"",""source_value_Mg_ha"":17,""plos_system"":1,""correction_doi"":""10.1371/journal.pone.0307250"",""correction_factor"":0.905,""derivation_script"":""data_raw/white_salinas_2020/correct_soc_stocks_2024.R""}"
socs_sys1,4,2,1,25,0.905,22.625,rescaled x0.905 for the White et al. (2024) correction (10.1371/journal.pone.0307250),"{""stock_basis"":""maximum_equivalent_soil_mass"",""source_file"":""White_Data in Brief_Supplemental Tables.xlsx"",""source_sheet"":""Supplementary Table 1"",""source_value_Mg_ha"":25,""plos_system"":1,""correction_doi"":""10.1371/journal.pone.0307250"",""correction_factor"":0.905,""derivation_script"":""data_raw/white_salinas_2020/correct_soc_stocks_2024.R""}"
socs_sys1,4,3,1,26,0.905,23.53,rescaled x0.905 for the White et al. (2024) correction (10.1371/journal.pone.0307250),"{""stock_basis"":""maximum_equivalent_soil_mass"",""source_file"":""White_Data in Brief_Supplemental Tables.xlsx"",""source_sheet"":""Supplementary Table 1"",""source_value_Mg_ha"":26,""plos_system"":1,""correction_doi"":""10.1371/journal.pone.0307250"",""correction_factor"":0.905,""derivation_script"":""data_raw/white_salinas_2020/correct_soc_stocks_2024.R""}"
socs_sys1,4,4,1,24,0.905,21.72,rescaled x0.905 for the White et al. (2024) correction (10.1371/journal.pone.0307250),"{""stock_basis"":""maximum_equivalent_soil_mass"",""source_file"":""White_Data in Brief_Supplemental Tables.xlsx"",""source_sheet"":""Supplementary Table 1"",""source_value_Mg_ha"":24,""plos_system"":1,""correction_doi"":""10.1371/journal.pone.0307250"",""correction_factor"":0.905,""derivation_script"":""data_raw/white_salinas_2020/correct_soc_stocks_2024.R""}"
socs_sys1,4,5,1,30,0.905,27.150000000000002,rescaled x0.905 for the White et al. (2024) correction (10.1371/journal.pone.0307250),"{""stock_basis"":""maximum_equivalent_soil_mass"",""source_file"":""White_Data in Brief_Supplemental Tables.xlsx"",""source_sheet"":""Supplementary Table 1"",""source_value_Mg_ha"":30,""plos_system"":1,""correction_doi"":""10.1371/journal.pone.0307250"",""correction_factor"":0.905,""derivation_script"":""data_raw/white_salinas_2020/correct_soc_stocks_2024.R""}"
socs_sys1,4,6,1,25,0.905,22.625,rescaled x0.905 for the White et al. (2024) correction (10.1371/journal.pone.0307250),"{""stock_basis"":""maximum_equivalent_soil_mass"",""source_file"":""White_Data in Brief_Supplemental Tables.xlsx"",""source_sheet"":""Supplementary Table 1"",""source_value_Mg_ha"":25,""plos_system"":1,""correction_doi"":""10.1371/journal.pone.0307250"",""correction_factor"":0.905,""derivation_script"":""data_raw/white_salinas_2020/correct_soc_stocks_2024.R""}"
socs_sys1,4,7,1,27,0.905,24.435000000000002,rescaled x0.905 for the White et al. (2024) correction (10.1371/journal.pone.0307250),"{""stock_basis"":""maximum_equivalent_soil_mass"",""source_file"":""White_Data in Brief_Supplemental Tables.xlsx"",""source_sheet"":""Supplementary Table 1"",""source_value_Mg_ha"":27,""plos_system"":1,""correction_doi"":""10.1371/journal.pone.0307250"",""correction_factor"":0.905,""derivation_script"":""data_raw/white_salinas_2020/correct_soc_stocks_2024.R""}"
socs_sys1,4,8,1,24,0.905,21.72,rescaled x0.905 for the White et al. (2024) correction (10.1371/journal.pone.0307250),"{""stock_basis"":""maximum_equivalent_soil_mass"",""source_file"":""White_Data in Brief_Supplemental Tables.xlsx"",""source_sheet"":""Supplementary Table 1"",""source_value_Mg_ha"":24,""plos_system"":1,""correction_doi"":""10.1371/journal.pone.0307250"",""correction_factor"":0.905,""derivation_script"":""data_raw/white_salinas_2020/correct_soc_stocks_2024.R""}"
socs_sys2,1,0,2,50,0.905,45.25,rescaled x0.905 for the White et al. (2024) correction (10.1371/journal.pone.0307250),"{""stock_basis"":""maximum_equivalent_soil_mass"",""source_file"":""White_Data in Brief_Supplemental Tables.xlsx"",""source_sheet"":""Supplementary Table 1"",""source_value_Mg_ha"":50,""plos_system"":2,""correction_doi"":""10.1371/journal.pone.0307250"",""correction_factor"":0.905,""derivation_script"":""data_raw/white_salinas_2020/correct_soc_stocks_2024.R""}"
socs_sys2,1,1,2,26,0.905,23.53,rescaled x0.905 for the White et al. (2024) correction (10.1371/journal.pone.0307250),"{""stock_basis"":""maximum_equivalent_soil_mass"",""source_file"":""White_Data in Brief_Supplemental Tables.xlsx"",""source_sheet"":""Supplementary Table 1"",""source_value_Mg_ha"":26,""plos_system"":2,""correction_doi"":""10.1371/journal.pone.0307250"",""correction_factor"":0.905,""derivation_script"":""data_raw/white_salinas_2020/correct_soc_stocks_2024.R""}"
socs_sys2,1,2,2,42,0.905,38.01,rescaled x0.905 for the White et al. (2024) correction (10.1371/journal.pone.0307250),"{""stock_basis"":""maximum_equivalent_soil_mass"",""source_file"":""White_Data in Brief_Supplemental Tables.xlsx"",""source_sheet"":""Supplementary Table 1"",""source_value_Mg_ha"":42,""plos_system"":2,""correction_doi"":""10.1371/journal.pone.0307250"",""correction_factor"":0.905,""derivation_script"":""data_raw/white_salinas_2020/correct_soc_stocks_2024.R""}"
socs_sys2,1,3,2,35,0.905,31.675,rescaled x0.905 for the White et al. (2024) correction (10.1371/journal.pone.0307250),"{""stock_basis"":""maximum_equivalent_soil_mass"",""source_file"":""White_Data in Brief_Supplemental Tables.xlsx"",""source_sheet"":""Supplementary Table 1"",""source_value_Mg_ha"":35,""plos_system"":2,""correction_doi"":""10.1371/journal.pone.0307250"",""correction_factor"":0.905,""derivation_script"":""data_raw/white_salinas_2020/correct_soc_stocks_2024.R""}"
socs_sys2,1,4,2,31,0.905,28.055,rescaled x0.905 for the White et al. (2024) correction (10.1371/journal.pone.0307250),"{""stock_basis"":""maximum_equivalent_soil_mass"",""source_file"":""White_Data in Brief_Supplemental Tables.xlsx"",""source_sheet"":""Supplementary Table 1"",""source_value_Mg_ha"":31,""plos_system"":2,""correction_doi"":""10.1371/journal.pone.0307250"",""correction_factor"":0.905,""derivation_script"":""data_raw/white_salinas_2020/correct_soc_stocks_2024.R""}"
socs_sys2,1,5,2,27,0.905,24.435000000000002,rescaled x0.905 for the White et al. (2024) correction (10.1371/journal.pone.0307250),"{""stock_basis"":""maximum_equivalent_soil_mass"",""source_file"":""White_Data in Brief_Supplemental Tables.xlsx"",""source_sheet"":""Supplementary Table 1"",""source_value_Mg_ha"":27,""plos_system"":2,""correction_doi"":""10.1371/journal.pone.0307250"",""correction_factor"":0.905,""derivation_script"":""data_raw/white_salinas_2020/correct_soc_stocks_2024.R""}"
socs_sys2,1,6,2,33,0.905,29.865000000000002,rescaled x0.905 for the White et al. (2024) correction (10.1371/journal.pone.0307250),"{""stock_basis"":""maximum_equivalent_soil_mass"",""source_file"":""White_Data in Brief_Supplemental Tables.xlsx"",""source_sheet"":""Supplementary Table 1"",""source_value_Mg_ha"":33,""plos_system"":2,""correction_doi"":""10.1371/journal.pone.0307250"",""correction_factor"":0.905,""derivation_script"":""data_raw/white_salinas_2020/correct_soc_stocks_2024.R""}"
socs_sys2,1,7,2,21,0.905,19.005,rescaled x0.905 for the White et al. (2024) correction (10.1371/journal.pone.0307250),"{""stock_basis"":""maximum_equivalent_soil_mass"",""source_file"":""White_Data in Brief_Supplemental Tables.xlsx"",""source_sheet"":""Supplementary Table 1"",""source_value_Mg_ha"":21,""plos_system"":2,""correction_doi"":""10.1371/journal.pone.0307250"",""correction_factor"":0.905,""derivation_script"":""data_raw/white_salinas_2020/correct_soc_stocks_2024.R""}"
socs_sys2,1,8,2,24,0.905,21.72,rescaled x0.905 for the White et al. (2024) correction (10.1371/journal.pone.0307250),"{""stock_basis"":""maximum_equivalent_soil_mass"",""source_file"":""White_Data in Brief_Supplemental Tables.xlsx"",""source_sheet"":""Supplementary Table 1"",""source_value_Mg_ha"":24,""plos_system"":2,""correction_doi"":""10.1371/journal.pone.0307250"",""correction_factor"":0.905,""derivation_script"":""data_raw/white_salinas_2020/correct_soc_stocks_2024.R""}"
socs_sys2,2,0,2,60,0.905,54.300000000000004,rescaled x0.905 for the White et al. (2024) correction (10.1371/journal.pone.0307250),"{""stock_basis"":""maximum_equivalent_soil_mass"",""source_file"":""White_Data in Brief_Supplemental Tables.xlsx"",""source_sheet"":""Supplementary Table 1"",""source_value_Mg_ha"":60,""plos_system"":2,""correction_doi"":""10.1371/journal.pone.0307250"",""correction_factor"":0.905,""derivation_script"":""data_raw/white_salinas_2020/correct_soc_stocks_2024.R""}"
socs_sys2,2,1,2,19,0.905,17.195,rescaled x0.905 for the White et al. (2024) correction (10.1371/journal.pone.0307250),"{""stock_basis"":""maximum_equivalent_soil_mass"",""source_file"":""White_Data in Brief_Supplemental Tables.xlsx"",""source_sheet"":""Supplementary Table 1"",""source_value_Mg_ha"":19,""plos_system"":2,""correction_doi"":""10.1371/journal.pone.0307250"",""correction_factor"":0.905,""derivation_script"":""data_raw/white_salinas_2020/correct_soc_stocks_2024.R""}"
socs_sys2,2,2,2,27,0.905,24.435000000000002,rescaled x0.905 for the White et al. (2024) correction (10.1371/journal.pone.0307250),"{""stock_basis"":""maximum_equivalent_soil_mass"",""source_file"":""White_Data in Brief_Supplemental Tables.xlsx"",""source_sheet"":""Supplementary Table 1"",""source_value_Mg_ha"":27,""plos_system"":2,""correction_doi"":""10.1371/journal.pone.0307250"",""correction_factor"":0.905,""derivation_script"":""data_raw/white_salinas_2020/correct_soc_stocks_2024.R""}"
socs_sys2,2,3,2,34,0.905,30.77,rescaled x0.905 for the White et al. (2024) correction (10.1371/journal.pone.0307250),"{""stock_basis"":""maximum_equivalent_soil_mass"",""source_file"":""White_Data in Brief_Supplemental Tables.xlsx"",""source_sheet"":""Supplementary Table 1"",""source_value_Mg_ha"":34,""plos_system"":2,""correction_doi"":""10.1371/journal.pone.0307250"",""correction_factor"":0.905,""derivation_script"":""data_raw/white_salinas_2020/correct_soc_stocks_2024.R""}"
socs_sys2,2,4,2,26,0.905,23.53,rescaled x0.905 for the White et al. (2024) correction (10.1371/journal.pone.0307250),"{""stock_basis"":""maximum_equivalent_soil_mass"",""source_file"":""White_Data in Brief_Supplemental Tables.xlsx"",""source_sheet"":""Supplementary Table 1"",""source_value_Mg_ha"":26,""plos_system"":2,""correction_doi"":""10.1371/journal.pone.0307250"",""correction_factor"":0.905,""derivation_script"":""data_raw/white_salinas_2020/correct_soc_stocks_2024.R""}"
socs_sys2,2,5,2,29,0.905,26.245,rescaled x0.905 for the White et al. (2024) correction (10.1371/journal.pone.0307250),"{""stock_basis"":""maximum_equivalent_soil_mass"",""source_file"":""White_Data in Brief_Supplemental Tables.xlsx"",""source_sheet"":""Supplementary Table 1"",""source_value_Mg_ha"":29,""plos_system"":2,""correction_doi"":""10.1371/journal.pone.0307250"",""correction_factor"":0.905,""derivation_script"":""data_raw/white_salinas_2020/correct_soc_stocks_2024.R""}"
socs_sys2,2,6,2,49,0.905,44.345,rescaled x0.905 for the White et al. (2024) correction (10.1371/journal.pone.0307250),"{""stock_basis"":""maximum_equivalent_soil_mass"",""source_file"":""White_Data in Brief_Supplemental Tables.xlsx"",""source_sheet"":""Supplementary Table 1"",""source_value_Mg_ha"":49,""plos_system"":2,""correction_doi"":""10.1371/journal.pone.0307250"",""correction_factor"":0.905,""derivation_script"":""data_raw/white_salinas_2020/correct_soc_stocks_2024.R""}"
socs_sys2,2,7,2,35,0.905,31.675,rescaled x0.905 for the White et al. (2024) correction (10.1371/journal.pone.0307250),"{""stock_basis"":""maximum_equivalent_soil_mass"",""source_file"":""White_Data in Brief_Supplemental Tables.xlsx"",""source_sheet"":""Supplementary Table 1"",""source_value_Mg_ha"":35,""plos_system"":2,""correction_doi"":""10.1371/journal.pone.0307250"",""correction_factor"":0.905,""derivation_script"":""data_raw/white_salinas_2020/correct_soc_stocks_2024.R""}"
socs_sys2,2,8,2,37,0.905,33.485,rescaled x0.905 for the White et al. (2024) correction (10.1371/journal.pone.0307250),"{""stock_basis"":""maximum_equivalent_soil_mass"",""source_file"":""White_Data in Brief_Supplemental Tables.xlsx"",""source_sheet"":""Supplementary Table 1"",""source_value_Mg_ha"":37,""plos_system"":2,""correction_doi"":""10.1371/journal.pone.0307250"",""correction_factor"":0.905,""derivation_script"":""data_raw/white_salinas_2020/correct_soc_stocks_2024.R""}"
socs_sys2,3,0,2,49,0.905,44.345,rescaled x0.905 for the White et al. (2024) correction (10.1371/journal.pone.0307250),"{""stock_basis"":""maximum_equivalent_soil_mass"",""source_file"":""White_Data in Brief_Supplemental Tables.xlsx"",""source_sheet"":""Supplementary Table 1"",""source_value_Mg_ha"":49,""plos_system"":2,""correction_doi"":""10.1371/journal.pone.0307250"",""correction_factor"":0.905,""derivation_script"":""data_raw/white_salinas_2020/correct_soc_stocks_2024.R""}"
socs_sys2,3,1,2,13,0.905,11.765,rescaled x0.905 for the White et al. (2024) correction (10.1371/journal.pone.0307250),"{""stock_basis"":""maximum_equivalent_soil_mass"",""source_file"":""White_Data in Brief_Supplemental Tables.xlsx"",""source_sheet"":""Supplementary Table 1"",""source_value_Mg_ha"":13,""plos_system"":2,""correction_doi"":""10.1371/journal.pone.0307250"",""correction_factor"":0.905,""derivation_script"":""data_raw/white_salinas_2020/correct_soc_stocks_2024.R""}"
socs_sys2,3,2,2,34,0.905,30.77,rescaled x0.905 for the White et al. (2024) correction (10.1371/journal.pone.0307250),"{""stock_basis"":""maximum_equivalent_soil_mass"",""source_file"":""White_Data in Brief_Supplemental Tables.xlsx"",""source_sheet"":""Supplementary Table 1"",""source_value_Mg_ha"":34,""plos_system"":2,""correction_doi"":""10.1371/journal.pone.0307250"",""correction_factor"":0.905,""derivation_script"":""data_raw/white_salinas_2020/correct_soc_stocks_2024.R""}"
socs_sys2,3,3,2,39,0.905,35.295,rescaled x0.905 for the White et al. (2024) correction (10.1371/journal.pone.0307250),"{""stock_basis"":""maximum_equivalent_soil_mass"",""source_file"":""White_Data in Brief_Supplemental Tables.xlsx"",""source_sheet"":""Supplementary Table 1"",""source_value_Mg_ha"":39,""plos_system"":2,""correction_doi"":""10.1371/journal.pone.0307250"",""correction_factor"":0.905,""derivation_script"":""data_raw/white_salinas_2020/correct_soc_stocks_2024.R""}"
socs_sys2,3,4,2,23,0.905,20.815,rescaled x0.905 for the White et al. (2024) correction (10.1371/journal.pone.0307250),"{""stock_basis"":""maximum_equivalent_soil_mass"",""source_file"":""White_Data in Brief_Supplemental Tables.xlsx"",""source_sheet"":""Supplementary Table 1"",""source_value_Mg_ha"":23,""plos_system"":2,""correction_doi"":""10.1371/journal.pone.0307250"",""correction_factor"":0.905,""derivation_script"":""data_raw/white_salinas_2020/correct_soc_stocks_2024.R""}"
socs_sys2,3,5,2,31,0.905,28.055,rescaled x0.905 for the White et al. (2024) correction (10.1371/journal.pone.0307250),"{""stock_basis"":""maximum_equivalent_soil_mass"",""source_file"":""White_Data in Brief_Supplemental Tables.xlsx"",""source_sheet"":""Supplementary Table 1"",""source_value_Mg_ha"":31,""plos_system"":2,""correction_doi"":""10.1371/journal.pone.0307250"",""correction_factor"":0.905,""derivation_script"":""data_raw/white_salinas_2020/correct_soc_stocks_2024.R""}"
socs_sys2,3,6,2,40,0.905,36.2,rescaled x0.905 for the White et al. (2024) correction (10.1371/journal.pone.0307250),"{""stock_basis"":""maximum_equivalent_soil_mass"",""source_file"":""White_Data in Brief_Supplemental Tables.xlsx"",""source_sheet"":""Supplementary Table 1"",""source_value_Mg_ha"":40,""plos_system"":2,""correction_doi"":""10.1371/journal.pone.0307250"",""correction_factor"":0.905,""derivation_script"":""data_raw/white_salinas_2020/correct_soc_stocks_2024.R""}"
socs_sys2,3,7,2,33,0.905,29.865000000000002,rescaled x0.905 for the White et al. (2024) correction (10.1371/journal.pone.0307250),"{""stock_basis"":""maximum_equivalent_soil_mass"",""source_file"":""White_Data in Brief_Supplemental Tables.xlsx"",""source_sheet"":""Supplementary Table 1"",""source_value_Mg_ha"":33,""plos_system"":2,""correction_doi"":""10.1371/journal.pone.0307250"",""correction_factor"":0.905,""derivation_script"":""data_raw/white_salinas_2020/correct_soc_stocks_2024.R""}"
socs_sys2,3,8,2,26,0.905,23.53,rescaled x0.905 for the White et al. (2024) correction (10.1371/journal.pone.0307250),"{""stock_basis"":""maximum_equivalent_soil_mass"",""source_file"":""White_Data in Brief_Supplemental Tables.xlsx"",""source_sheet"":""Supplementary Table 1"",""source_value_Mg_ha"":26,""plos_system"":2,""correction_doi"":""10.1371/journal.pone.0307250"",""correction_factor"":0.905,""derivation_script"":""data_raw/white_salinas_2020/correct_soc_stocks_2024.R""}"
socs_sys2,4,0,2,53,0.905,47.965,rescaled x0.905 for the White et al. (2024) correction (10.1371/journal.pone.0307250),"{""stock_basis"":""maximum_equivalent_soil_mass"",""source_file"":""White_Data in Brief_Supplemental Tables.xlsx"",""source_sheet"":""Supplementary Table 1"",""source_value_Mg_ha"":53,""plos_system"":2,""correction_doi"":""10.1371/journal.pone.0307250"",""correction_factor"":0.905,""derivation_script"":""data_raw/white_salinas_2020/correct_soc_stocks_2024.R""}"
socs_sys2,4,1,2,27,0.905,24.435000000000002,rescaled x0.905 for the White et al. (2024) correction (10.1371/journal.pone.0307250),"{""stock_basis"":""maximum_equivalent_soil_mass"",""source_file"":""White_Data in Brief_Supplemental Tables.xlsx"",""source_sheet"":""Supplementary Table 1"",""source_value_Mg_ha"":27,""plos_system"":2,""correction_doi"":""10.1371/journal.pone.0307250"",""correction_factor"":0.905,""derivation_script"":""data_raw/white_salinas_2020/correct_soc_stocks_2024.R""}"
socs_sys2,4,2,2,43,0.905,38.915,rescaled x0.905 for the White et al. (2024) correction (10.1371/journal.pone.0307250),"{""stock_basis"":""maximum_equivalent_soil_mass"",""source_file"":""White_Data in Brief_Supplemental Tables.xlsx"",""source_sheet"":""Supplementary Table 1"",""source_value_Mg_ha"":43,""plos_system"":2,""correction_doi"":""10.1371/journal.pone.0307250"",""correction_factor"":0.905,""derivation_script"":""data_raw/white_salinas_2020/correct_soc_stocks_2024.R""}"
socs_sys2,4,3,2,34,0.905,30.77,rescaled x0.905 for the White et al. (2024) correction (10.1371/journal.pone.0307250),"{""stock_basis"":""maximum_equivalent_soil_mass"",""source_file"":""White_Data in Brief_Supplemental Tables.xlsx"",""source_sheet"":""Supplementary Table 1"",""source_value_Mg_ha"":34,""plos_system"":2,""correction_doi"":""10.1371/journal.pone.0307250"",""correction_factor"":0.905,""derivation_script"":""data_raw/white_salinas_2020/correct_soc_stocks_2024.R""}"
socs_sys2,4,4,2,29,0.905,26.245,rescaled x0.905 for the White et al. (2024) correction (10.1371/journal.pone.0307250),"{""stock_basis"":""maximum_equivalent_soil_mass"",""source_file"":""White_Data in Brief_Supplemental Tables.xlsx"",""source_sheet"":""Supplementary Table 1"",""source_value_Mg_ha"":29,""plos_system"":2,""correction_doi"":""10.1371/journal.pone.0307250"",""correction_factor"":0.905,""derivation_script"":""data_raw/white_salinas_2020/correct_soc_stocks_2024.R""}"
socs_sys2,4,5,2,31,0.905,28.055,rescaled x0.905 for the White et al. (2024) correction (10.1371/journal.pone.0307250),"{""stock_basis"":""maximum_equivalent_soil_mass"",""source_file"":""White_Data in Brief_Supplemental Tables.xlsx"",""source_sheet"":""Supplementary Table 1"",""source_value_Mg_ha"":31,""plos_system"":2,""correction_doi"":""10.1371/journal.pone.0307250"",""correction_factor"":0.905,""derivation_script"":""data_raw/white_salinas_2020/correct_soc_stocks_2024.R""}"
socs_sys2,4,6,2,39,0.905,35.295,rescaled x0.905 for the White et al. (2024) correction (10.1371/journal.pone.0307250),"{""stock_basis"":""maximum_equivalent_soil_mass"",""source_file"":""White_Data in Brief_Supplemental Tables.xlsx"",""source_sheet"":""Supplementary Table 1"",""source_value_Mg_ha"":39,""plos_system"":2,""correction_doi"":""10.1371/journal.pone.0307250"",""correction_factor"":0.905,""derivation_script"":""data_raw/white_salinas_2020/correct_soc_stocks_2024.R""}"
socs_sys2,4,7,2,37,0.905,33.485,rescaled x0.905 for the White et al. (2024) correction (10.1371/journal.pone.0307250),"{""stock_basis"":""maximum_equivalent_soil_mass"",""source_file"":""White_Data in Brief_Supplemental Tables.xlsx"",""source_sheet"":""Supplementary Table 1"",""source_value_Mg_ha"":37,""plos_system"":2,""correction_doi"":""10.1371/journal.pone.0307250"",""correction_factor"":0.905,""derivation_script"":""data_raw/white_salinas_2020/correct_soc_stocks_2024.R""}"
socs_sys2,4,8,2,33,0.905,29.865000000000002,rescaled x0.905 for the White et al. (2024) correction (10.1371/journal.pone.0307250),"{""stock_basis"":""maximum_equivalent_soil_mass"",""source_file"":""White_Data in Brief_Supplemental Tables.xlsx"",""source_sheet"":""Supplementary Table 1"",""source_value_Mg_ha"":33,""plos_system"":2,""correction_doi"":""10.1371/journal.pone.0307250"",""correction_factor"":0.905,""derivation_script"":""data_raw/white_salinas_2020/correct_soc_stocks_2024.R""}"
socs_sys3,1,0,NA,57,0.905,51.585,rescaled x0.905 for the White et al. (2024) correction (10.1371/journal.pone.0307250),"{""stock_basis"":""maximum_equivalent_soil_mass"",""source_file"":""White_Data in Brief_Supplemental Tables.xlsx"",""source_sheet"":""Supplementary Table 1"",""source_value_Mg_ha"":57,""plos_system"":null,""correction_doi"":""10.1371/journal.pone.0307250"",""correction_factor"":0.905,""derivation_script"":""data_raw/white_salinas_2020/correct_soc_stocks_2024.R""}"
socs_sys3,1,1,NA,20,0.905,18.1,rescaled x0.905 for the White et al. (2024) correction (10.1371/journal.pone.0307250),"{""stock_basis"":""maximum_equivalent_soil_mass"",""source_file"":""White_Data in Brief_Supplemental Tables.xlsx"",""source_sheet"":""Supplementary Table 1"",""source_value_Mg_ha"":20,""plos_system"":null,""correction_doi"":""10.1371/journal.pone.0307250"",""correction_factor"":0.905,""derivation_script"":""data_raw/white_salinas_2020/correct_soc_stocks_2024.R""}"
socs_sys3,1,2,NA,44,0.905,39.82,rescaled x0.905 for the White et al. (2024) correction (10.1371/journal.pone.0307250),"{""stock_basis"":""maximum_equivalent_soil_mass"",""source_file"":""White_Data in Brief_Supplemental Tables.xlsx"",""source_sheet"":""Supplementary Table 1"",""source_value_Mg_ha"":44,""plos_system"":null,""correction_doi"":""10.1371/journal.pone.0307250"",""correction_factor"":0.905,""derivation_script"":""data_raw/white_salinas_2020/correct_soc_stocks_2024.R""}"
socs_sys3,1,3,NA,38,0.905,34.39,rescaled x0.905 for the White et al. (2024) correction (10.1371/journal.pone.0307250),"{""stock_basis"":""maximum_equivalent_soil_mass"",""source_file"":""White_Data in Brief_Supplemental Tables.xlsx"",""source_sheet"":""Supplementary Table 1"",""source_value_Mg_ha"":38,""plos_system"":null,""correction_doi"":""10.1371/journal.pone.0307250"",""correction_factor"":0.905,""derivation_script"":""data_raw/white_salinas_2020/correct_soc_stocks_2024.R""}"
socs_sys3,1,4,NA,26,0.905,23.53,rescaled x0.905 for the White et al. (2024) correction (10.1371/journal.pone.0307250),"{""stock_basis"":""maximum_equivalent_soil_mass"",""source_file"":""White_Data in Brief_Supplemental Tables.xlsx"",""source_sheet"":""Supplementary Table 1"",""source_value_Mg_ha"":26,""plos_system"":null,""correction_doi"":""10.1371/journal.pone.0307250"",""correction_factor"":0.905,""derivation_script"":""data_raw/white_salinas_2020/correct_soc_stocks_2024.R""}"
socs_sys3,1,5,NA,33,0.905,29.865000000000002,rescaled x0.905 for the White et al. (2024) correction (10.1371/journal.pone.0307250),"{""stock_basis"":""maximum_equivalent_soil_mass"",""source_file"":""White_Data in Brief_Supplemental Tables.xlsx"",""source_sheet"":""Supplementary Table 1"",""source_value_Mg_ha"":33,""plos_system"":null,""correction_doi"":""10.1371/journal.pone.0307250"",""correction_factor"":0.905,""derivation_script"":""data_raw/white_salinas_2020/correct_soc_stocks_2024.R""}"
socs_sys3,1,6,NA,40,0.905,36.2,rescaled x0.905 for the White et al. (2024) correction (10.1371/journal.pone.0307250),"{""stock_basis"":""maximum_equivalent_soil_mass"",""source_file"":""White_Data in Brief_Supplemental Tables.xlsx"",""source_sheet"":""Supplementary Table 1"",""source_value_Mg_ha"":40,""plos_system"":null,""correction_doi"":""10.1371/journal.pone.0307250"",""correction_factor"":0.905,""derivation_script"":""data_raw/white_salinas_2020/correct_soc_stocks_2024.R""}"
socs_sys3,1,7,NA,37,0.905,33.485,rescaled x0.905 for the White et al. (2024) correction (10.1371/journal.pone.0307250),"{""stock_basis"":""maximum_equivalent_soil_mass"",""source_file"":""White_Data in Brief_Supplemental Tables.xlsx"",""source_sheet"":""Supplementary Table 1"",""source_value_Mg_ha"":37,""plos_system"":null,""correction_doi"":""10.1371/journal.pone.0307250"",""correction_factor"":0.905,""derivation_script"":""data_raw/white_salinas_2020/correct_soc_stocks_2024.R""}"
socs_sys3,1,8,NA,36,0.905,32.58,rescaled x0.905 for the White et al. (2024) correction (10.1371/journal.pone.0307250),"{""stock_basis"":""maximum_equivalent_soil_mass"",""source_file"":""White_Data in Brief_Supplemental Tables.xlsx"",""source_sheet"":""Supplementary Table 1"",""source_value_Mg_ha"":36,""plos_system"":null,""correction_doi"":""10.1371/journal.pone.0307250"",""correction_factor"":0.905,""derivation_script"":""data_raw/white_salinas_2020/correct_soc_stocks_2024.R""}"
socs_sys3,2,0,NA,47,0.905,42.535000000000004,rescaled x0.905 for the White et al. (2024) correction (10.1371/journal.pone.0307250),"{""stock_basis"":""maximum_equivalent_soil_mass"",""source_file"":""White_Data in Brief_Supplemental Tables.xlsx"",""source_sheet"":""Supplementary Table 1"",""source_value_Mg_ha"":47,""plos_system"":null,""correction_doi"":""10.1371/journal.pone.0307250"",""correction_factor"":0.905,""derivation_script"":""data_raw/white_salinas_2020/correct_soc_stocks_2024.R""}"
socs_sys3,2,1,NA,12,0.905,10.86,rescaled x0.905 for the White et al. (2024) correction (10.1371/journal.pone.0307250),"{""stock_basis"":""maximum_equivalent_soil_mass"",""source_file"":""White_Data in Brief_Supplemental Tables.xlsx"",""source_sheet"":""Supplementary Table 1"",""source_value_Mg_ha"":12,""plos_system"":null,""correction_doi"":""10.1371/journal.pone.0307250"",""correction_factor"":0.905,""derivation_script"":""data_raw/white_salinas_2020/correct_soc_stocks_2024.R""}"
socs_sys3,2,2,NA,38,0.905,34.39,rescaled x0.905 for the White et al. (2024) correction (10.1371/journal.pone.0307250),"{""stock_basis"":""maximum_equivalent_soil_mass"",""source_file"":""White_Data in Brief_Supplemental Tables.xlsx"",""source_sheet"":""Supplementary Table 1"",""source_value_Mg_ha"":38,""plos_system"":null,""correction_doi"":""10.1371/journal.pone.0307250"",""correction_factor"":0.905,""derivation_script"":""data_raw/white_salinas_2020/correct_soc_stocks_2024.R""}"
socs_sys3,2,3,NA,32,0.905,28.96,rescaled x0.905 for the White et al. (2024) correction (10.1371/journal.pone.0307250),"{""stock_basis"":""maximum_equivalent_soil_mass"",""source_file"":""White_Data in Brief_Supplemental Tables.xlsx"",""source_sheet"":""Supplementary Table 1"",""source_value_Mg_ha"":32,""plos_system"":null,""correction_doi"":""10.1371/journal.pone.0307250"",""correction_factor"":0.905,""derivation_script"":""data_raw/white_salinas_2020/correct_soc_stocks_2024.R""}"
socs_sys3,2,4,NA,22,0.905,19.91,rescaled x0.905 for the White et al. (2024) correction (10.1371/journal.pone.0307250),"{""stock_basis"":""maximum_equivalent_soil_mass"",""source_file"":""White_Data in Brief_Supplemental Tables.xlsx"",""source_sheet"":""Supplementary Table 1"",""source_value_Mg_ha"":22,""plos_system"":null,""correction_doi"":""10.1371/journal.pone.0307250"",""correction_factor"":0.905,""derivation_script"":""data_raw/white_salinas_2020/correct_soc_stocks_2024.R""}"
socs_sys3,2,5,NA,37,0.905,33.485,rescaled x0.905 for the White et al. (2024) correction (10.1371/journal.pone.0307250),"{""stock_basis"":""maximum_equivalent_soil_mass"",""source_file"":""White_Data in Brief_Supplemental Tables.xlsx"",""source_sheet"":""Supplementary Table 1"",""source_value_Mg_ha"":37,""plos_system"":null,""correction_doi"":""10.1371/journal.pone.0307250"",""correction_factor"":0.905,""derivation_script"":""data_raw/white_salinas_2020/correct_soc_stocks_2024.R""}"
socs_sys3,2,6,NA,41,0.905,37.105000000000004,rescaled x0.905 for the White et al. (2024) correction (10.1371/journal.pone.0307250),"{""stock_basis"":""maximum_equivalent_soil_mass"",""source_file"":""White_Data in Brief_Supplemental Tables.xlsx"",""source_sheet"":""Supplementary Table 1"",""source_value_Mg_ha"":41,""plos_system"":null,""correction_doi"":""10.1371/journal.pone.0307250"",""correction_factor"":0.905,""derivation_script"":""data_raw/white_salinas_2020/correct_soc_stocks_2024.R""}"
socs_sys3,2,7,NA,39,0.905,35.295,rescaled x0.905 for the White et al. (2024) correction (10.1371/journal.pone.0307250),"{""stock_basis"":""maximum_equivalent_soil_mass"",""source_file"":""White_Data in Brief_Supplemental Tables.xlsx"",""source_sheet"":""Supplementary Table 1"",""source_value_Mg_ha"":39,""plos_system"":null,""correction_doi"":""10.1371/journal.pone.0307250"",""correction_factor"":0.905,""derivation_script"":""data_raw/white_salinas_2020/correct_soc_stocks_2024.R""}"
socs_sys3,2,8,NA,30,0.905,27.150000000000002,rescaled x0.905 for the White et al. (2024) correction (10.1371/journal.pone.0307250),"{""stock_basis"":""maximum_equivalent_soil_mass"",""source_file"":""White_Data in Brief_Supplemental Tables.xlsx"",""source_sheet"":""Supplementary Table 1"",""source_value_Mg_ha"":30,""plos_system"":null,""correction_doi"":""10.1371/journal.pone.0307250"",""correction_factor"":0.905,""derivation_script"":""data_raw/white_salinas_2020/correct_soc_stocks_2024.R""}"
socs_sys3,3,0,NA,42,0.905,38.01,rescaled x0.905 for the White et al. (2024) correction (10.1371/journal.pone.0307250),"{""stock_basis"":""maximum_equivalent_soil_mass"",""source_file"":""White_Data in Brief_Supplemental Tables.xlsx"",""source_sheet"":""Supplementary Table 1"",""source_value_Mg_ha"":42,""plos_system"":null,""correction_doi"":""10.1371/journal.pone.0307250"",""correction_factor"":0.905,""derivation_script"":""data_raw/white_salinas_2020/correct_soc_stocks_2024.R""}"
socs_sys3,3,1,NA,16,0.905,14.48,rescaled x0.905 for the White et al. (2024) correction (10.1371/journal.pone.0307250),"{""stock_basis"":""maximum_equivalent_soil_mass"",""source_file"":""White_Data in Brief_Supplemental Tables.xlsx"",""source_sheet"":""Supplementary Table 1"",""source_value_Mg_ha"":16,""plos_system"":null,""correction_doi"":""10.1371/journal.pone.0307250"",""correction_factor"":0.905,""derivation_script"":""data_raw/white_salinas_2020/correct_soc_stocks_2024.R""}"
socs_sys3,3,2,NA,31,0.905,28.055,rescaled x0.905 for the White et al. (2024) correction (10.1371/journal.pone.0307250),"{""stock_basis"":""maximum_equivalent_soil_mass"",""source_file"":""White_Data in Brief_Supplemental Tables.xlsx"",""source_sheet"":""Supplementary Table 1"",""source_value_Mg_ha"":31,""plos_system"":null,""correction_doi"":""10.1371/journal.pone.0307250"",""correction_factor"":0.905,""derivation_script"":""data_raw/white_salinas_2020/correct_soc_stocks_2024.R""}"
socs_sys3,3,3,NA,40,0.905,36.2,rescaled x0.905 for the White et al. (2024) correction (10.1371/journal.pone.0307250),"{""stock_basis"":""maximum_equivalent_soil_mass"",""source_file"":""White_Data in Brief_Supplemental Tables.xlsx"",""source_sheet"":""Supplementary Table 1"",""source_value_Mg_ha"":40,""plos_system"":null,""correction_doi"":""10.1371/journal.pone.0307250"",""correction_factor"":0.905,""derivation_script"":""data_raw/white_salinas_2020/correct_soc_stocks_2024.R""}"
socs_sys3,3,4,NA,23,0.905,20.815,rescaled x0.905 for the White et al. (2024) correction (10.1371/journal.pone.0307250),"{""stock_basis"":""maximum_equivalent_soil_mass"",""source_file"":""White_Data in Brief_Supplemental Tables.xlsx"",""source_sheet"":""Supplementary Table 1"",""source_value_Mg_ha"":23,""plos_system"":null,""correction_doi"":""10.1371/journal.pone.0307250"",""correction_factor"":0.905,""derivation_script"":""data_raw/white_salinas_2020/correct_soc_stocks_2024.R""}"
socs_sys3,3,5,NA,29,0.905,26.245,rescaled x0.905 for the White et al. (2024) correction (10.1371/journal.pone.0307250),"{""stock_basis"":""maximum_equivalent_soil_mass"",""source_file"":""White_Data in Brief_Supplemental Tables.xlsx"",""source_sheet"":""Supplementary Table 1"",""source_value_Mg_ha"":29,""plos_system"":null,""correction_doi"":""10.1371/journal.pone.0307250"",""correction_factor"":0.905,""derivation_script"":""data_raw/white_salinas_2020/correct_soc_stocks_2024.R""}"
socs_sys3,3,6,NA,33,0.905,29.865000000000002,rescaled x0.905 for the White et al. (2024) correction (10.1371/journal.pone.0307250),"{""stock_basis"":""maximum_equivalent_soil_mass"",""source_file"":""White_Data in Brief_Supplemental Tables.xlsx"",""source_sheet"":""Supplementary Table 1"",""source_value_Mg_ha"":33,""plos_system"":null,""correction_doi"":""10.1371/journal.pone.0307250"",""correction_factor"":0.905,""derivation_script"":""data_raw/white_salinas_2020/correct_soc_stocks_2024.R""}"
socs_sys3,3,7,NA,31,0.905,28.055,rescaled x0.905 for the White et al. (2024) correction (10.1371/journal.pone.0307250),"{""stock_basis"":""maximum_equivalent_soil_mass"",""source_file"":""White_Data in Brief_Supplemental Tables.xlsx"",""source_sheet"":""Supplementary Table 1"",""source_value_Mg_ha"":31,""plos_system"":null,""correction_doi"":""10.1371/journal.pone.0307250"",""correction_factor"":0.905,""derivation_script"":""data_raw/white_salinas_2020/correct_soc_stocks_2024.R""}"
socs_sys3,3,8,NA,31,0.905,28.055,rescaled x0.905 for the White et al. (2024) correction (10.1371/journal.pone.0307250),"{""stock_basis"":""maximum_equivalent_soil_mass"",""source_file"":""White_Data in Brief_Supplemental Tables.xlsx"",""source_sheet"":""Supplementary Table 1"",""source_value_Mg_ha"":31,""plos_system"":null,""correction_doi"":""10.1371/journal.pone.0307250"",""correction_factor"":0.905,""derivation_script"":""data_raw/white_salinas_2020/correct_soc_stocks_2024.R""}"
socs_sys3,4,0,NA,50,0.905,45.25,rescaled x0.905 for the White et al. (2024) correction (10.1371/journal.pone.0307250),"{""stock_basis"":""maximum_equivalent_soil_mass"",""source_file"":""White_Data in Brief_Supplemental Tables.xlsx"",""source_sheet"":""Supplementary Table 1"",""source_value_Mg_ha"":50,""plos_system"":null,""correction_doi"":""10.1371/journal.pone.0307250"",""correction_factor"":0.905,""derivation_script"":""data_raw/white_salinas_2020/correct_soc_stocks_2024.R""}"
socs_sys3,4,1,NA,34,0.905,30.77,rescaled x0.905 for the White et al. (2024) correction (10.1371/journal.pone.0307250),"{""stock_basis"":""maximum_equivalent_soil_mass"",""source_file"":""White_Data in Brief_Supplemental Tables.xlsx"",""source_sheet"":""Supplementary Table 1"",""source_value_Mg_ha"":34,""plos_system"":null,""correction_doi"":""10.1371/journal.pone.0307250"",""correction_factor"":0.905,""derivation_script"":""data_raw/white_salinas_2020/correct_soc_stocks_2024.R""}"
socs_sys3,4,2,NA,42,0.905,38.01,rescaled x0.905 for the White et al. (2024) correction (10.1371/journal.pone.0307250),"{""stock_basis"":""maximum_equivalent_soil_mass"",""source_file"":""White_Data in Brief_Supplemental Tables.xlsx"",""source_sheet"":""Supplementary Table 1"",""source_value_Mg_ha"":42,""plos_system"":null,""correction_doi"":""10.1371/journal.pone.0307250"",""correction_factor"":0.905,""derivation_script"":""data_raw/white_salinas_2020/correct_soc_stocks_2024.R""}"
socs_sys3,4,3,NA,36,0.905,32.58,rescaled x0.905 for the White et al. (2024) correction (10.1371/journal.pone.0307250),"{""stock_basis"":""maximum_equivalent_soil_mass"",""source_file"":""White_Data in Brief_Supplemental Tables.xlsx"",""source_sheet"":""Supplementary Table 1"",""source_value_Mg_ha"":36,""plos_system"":null,""correction_doi"":""10.1371/journal.pone.0307250"",""correction_factor"":0.905,""derivation_script"":""data_raw/white_salinas_2020/correct_soc_stocks_2024.R""}"
socs_sys3,4,4,NA,34,0.905,30.77,rescaled x0.905 for the White et al. (2024) correction (10.1371/journal.pone.0307250),"{""stock_basis"":""maximum_equivalent_soil_mass"",""source_file"":""White_Data in Brief_Supplemental Tables.xlsx"",""source_sheet"":""Supplementary Table 1"",""source_value_Mg_ha"":34,""plos_system"":null,""correction_doi"":""10.1371/journal.pone.0307250"",""correction_factor"":0.905,""derivation_script"":""data_raw/white_salinas_2020/correct_soc_stocks_2024.R""}"
socs_sys3,4,5,NA,28,0.905,25.34,rescaled x0.905 for the White et al. (2024) correction (10.1371/journal.pone.0307250),"{""stock_basis"":""maximum_equivalent_soil_mass"",""source_file"":""White_Data in Brief_Supplemental Tables.xlsx"",""source_sheet"":""Supplementary Table 1"",""source_value_Mg_ha"":28,""plos_system"":null,""correction_doi"":""10.1371/journal.pone.0307250"",""correction_factor"":0.905,""derivation_script"":""data_raw/white_salinas_2020/correct_soc_stocks_2024.R""}"
socs_sys3,4,6,NA,38,0.905,34.39,rescaled x0.905 for the White et al. (2024) correction (10.1371/journal.pone.0307250),"{""stock_basis"":""maximum_equivalent_soil_mass"",""source_file"":""White_Data in Brief_Supplemental Tables.xlsx"",""source_sheet"":""Supplementary Table 1"",""source_value_Mg_ha"":38,""plos_system"":null,""correction_doi"":""10.1371/journal.pone.0307250"",""correction_factor"":0.905,""derivation_script"":""data_raw/white_salinas_2020/correct_soc_stocks_2024.R""}"
socs_sys3,4,7,NA,38,0.905,34.39,rescaled x0.905 for the White et al. (2024) correction (10.1371/journal.pone.0307250),"{""stock_basis"":""maximum_equivalent_soil_mass"",""source_file"":""White_Data in Brief_Supplemental Tables.xlsx"",""source_sheet"":""Supplementary Table 1"",""source_value_Mg_ha"":38,""plos_system"":null,""correction_doi"":""10.1371/journal.pone.0307250"",""correction_factor"":0.905,""derivation_script"":""data_raw/white_salinas_2020/correct_soc_stocks_2024.R""}"
socs_sys3,4,8,NA,32,0.905,28.96,rescaled x0.905 for the White et al. (2024) correction (10.1371/journal.pone.0307250),"{""stock_basis"":""maximum_equivalent_soil_mass"",""source_file"":""White_Data in Brief_Supplemental Tables.xlsx"",""source_sheet"":""Supplementary Table 1"",""source_value_Mg_ha"":32,""plos_system"":null,""correction_doi"":""10.1371/journal.pone.0307250"",""correction_factor"":0.905,""derivation_script"":""data_raw/white_salinas_2020/correct_soc_stocks_2024.R""}"
socs_sys4,1,0,3,57,0.905,51.585,rescaled x0.905 for the White et al. (2024) correction (10.1371/journal.pone.0307250),"{""stock_basis"":""maximum_equivalent_soil_mass"",""source_file"":""White_Data in Brief_Supplemental Tables.xlsx"",""source_sheet"":""Supplementary Table 1"",""source_value_Mg_ha"":57,""plos_system"":3,""correction_doi"":""10.1371/journal.pone.0307250"",""correction_factor"":0.905,""derivation_script"":""data_raw/white_salinas_2020/correct_soc_stocks_2024.R""}"
socs_sys4,1,1,3,18,0.905,16.29,rescaled x0.905 for the White et al. (2024) correction (10.1371/journal.pone.0307250),"{""stock_basis"":""maximum_equivalent_soil_mass"",""source_file"":""White_Data in Brief_Supplemental Tables.xlsx"",""source_sheet"":""Supplementary Table 1"",""source_value_Mg_ha"":18,""plos_system"":3,""correction_doi"":""10.1371/journal.pone.0307250"",""correction_factor"":0.905,""derivation_script"":""data_raw/white_salinas_2020/correct_soc_stocks_2024.R""}"
socs_sys4,1,2,3,40,0.905,36.2,rescaled x0.905 for the White et al. (2024) correction (10.1371/journal.pone.0307250),"{""stock_basis"":""maximum_equivalent_soil_mass"",""source_file"":""White_Data in Brief_Supplemental Tables.xlsx"",""source_sheet"":""Supplementary Table 1"",""source_value_Mg_ha"":40,""plos_system"":3,""correction_doi"":""10.1371/journal.pone.0307250"",""correction_factor"":0.905,""derivation_script"":""data_raw/white_salinas_2020/correct_soc_stocks_2024.R""}"
socs_sys4,1,3,3,42,0.905,38.01,rescaled x0.905 for the White et al. (2024) correction (10.1371/journal.pone.0307250),"{""stock_basis"":""maximum_equivalent_soil_mass"",""source_file"":""White_Data in Brief_Supplemental Tables.xlsx"",""source_sheet"":""Supplementary Table 1"",""source_value_Mg_ha"":42,""plos_system"":3,""correction_doi"":""10.1371/journal.pone.0307250"",""correction_factor"":0.905,""derivation_script"":""data_raw/white_salinas_2020/correct_soc_stocks_2024.R""}"
socs_sys4,1,4,3,28,0.905,25.34,rescaled x0.905 for the White et al. (2024) correction (10.1371/journal.pone.0307250),"{""stock_basis"":""maximum_equivalent_soil_mass"",""source_file"":""White_Data in Brief_Supplemental Tables.xlsx"",""source_sheet"":""Supplementary Table 1"",""source_value_Mg_ha"":28,""plos_system"":3,""correction_doi"":""10.1371/journal.pone.0307250"",""correction_factor"":0.905,""derivation_script"":""data_raw/white_salinas_2020/correct_soc_stocks_2024.R""}"
socs_sys4,1,5,3,38,0.905,34.39,rescaled x0.905 for the White et al. (2024) correction (10.1371/journal.pone.0307250),"{""stock_basis"":""maximum_equivalent_soil_mass"",""source_file"":""White_Data in Brief_Supplemental Tables.xlsx"",""source_sheet"":""Supplementary Table 1"",""source_value_Mg_ha"":38,""plos_system"":3,""correction_doi"":""10.1371/journal.pone.0307250"",""correction_factor"":0.905,""derivation_script"":""data_raw/white_salinas_2020/correct_soc_stocks_2024.R""}"
socs_sys4,1,6,3,47,0.905,42.535000000000004,rescaled x0.905 for the White et al. (2024) correction (10.1371/journal.pone.0307250),"{""stock_basis"":""maximum_equivalent_soil_mass"",""source_file"":""White_Data in Brief_Supplemental Tables.xlsx"",""source_sheet"":""Supplementary Table 1"",""source_value_Mg_ha"":47,""plos_system"":3,""correction_doi"":""10.1371/journal.pone.0307250"",""correction_factor"":0.905,""derivation_script"":""data_raw/white_salinas_2020/correct_soc_stocks_2024.R""}"
socs_sys4,1,7,3,35,0.905,31.675,rescaled x0.905 for the White et al. (2024) correction (10.1371/journal.pone.0307250),"{""stock_basis"":""maximum_equivalent_soil_mass"",""source_file"":""White_Data in Brief_Supplemental Tables.xlsx"",""source_sheet"":""Supplementary Table 1"",""source_value_Mg_ha"":35,""plos_system"":3,""correction_doi"":""10.1371/journal.pone.0307250"",""correction_factor"":0.905,""derivation_script"":""data_raw/white_salinas_2020/correct_soc_stocks_2024.R""}"
socs_sys4,1,8,3,40,0.905,36.2,rescaled x0.905 for the White et al. (2024) correction (10.1371/journal.pone.0307250),"{""stock_basis"":""maximum_equivalent_soil_mass"",""source_file"":""White_Data in Brief_Supplemental Tables.xlsx"",""source_sheet"":""Supplementary Table 1"",""source_value_Mg_ha"":40,""plos_system"":3,""correction_doi"":""10.1371/journal.pone.0307250"",""correction_factor"":0.905,""derivation_script"":""data_raw/white_salinas_2020/correct_soc_stocks_2024.R""}"
socs_sys4,2,0,3,50,0.905,45.25,rescaled x0.905 for the White et al. (2024) correction (10.1371/journal.pone.0307250),"{""stock_basis"":""maximum_equivalent_soil_mass"",""source_file"":""White_Data in Brief_Supplemental Tables.xlsx"",""source_sheet"":""Supplementary Table 1"",""source_value_Mg_ha"":50,""plos_system"":3,""correction_doi"":""10.1371/journal.pone.0307250"",""correction_factor"":0.905,""derivation_script"":""data_raw/white_salinas_2020/correct_soc_stocks_2024.R""}"
socs_sys4,2,1,3,16,0.905,14.48,rescaled x0.905 for the White et al. (2024) correction (10.1371/journal.pone.0307250),"{""stock_basis"":""maximum_equivalent_soil_mass"",""source_file"":""White_Data in Brief_Supplemental Tables.xlsx"",""source_sheet"":""Supplementary Table 1"",""source_value_Mg_ha"":16,""plos_system"":3,""correction_doi"":""10.1371/journal.pone.0307250"",""correction_factor"":0.905,""derivation_script"":""data_raw/white_salinas_2020/correct_soc_stocks_2024.R""}"
socs_sys4,2,2,3,41,0.905,37.105000000000004,rescaled x0.905 for the White et al. (2024) correction (10.1371/journal.pone.0307250),"{""stock_basis"":""maximum_equivalent_soil_mass"",""source_file"":""White_Data in Brief_Supplemental Tables.xlsx"",""source_sheet"":""Supplementary Table 1"",""source_value_Mg_ha"":41,""plos_system"":3,""correction_doi"":""10.1371/journal.pone.0307250"",""correction_factor"":0.905,""derivation_script"":""data_raw/white_salinas_2020/correct_soc_stocks_2024.R""}"
socs_sys4,2,3,3,35,0.905,31.675,rescaled x0.905 for the White et al. (2024) correction (10.1371/journal.pone.0307250),"{""stock_basis"":""maximum_equivalent_soil_mass"",""source_file"":""White_Data in Brief_Supplemental Tables.xlsx"",""source_sheet"":""Supplementary Table 1"",""source_value_Mg_ha"":35,""plos_system"":3,""correction_doi"":""10.1371/journal.pone.0307250"",""correction_factor"":0.905,""derivation_script"":""data_raw/white_salinas_2020/correct_soc_stocks_2024.R""}"
socs_sys4,2,4,3,28,0.905,25.34,rescaled x0.905 for the White et al. (2024) correction (10.1371/journal.pone.0307250),"{""stock_basis"":""maximum_equivalent_soil_mass"",""source_file"":""White_Data in Brief_Supplemental Tables.xlsx"",""source_sheet"":""Supplementary Table 1"",""source_value_Mg_ha"":28,""plos_system"":3,""correction_doi"":""10.1371/journal.pone.0307250"",""correction_factor"":0.905,""derivation_script"":""data_raw/white_salinas_2020/correct_soc_stocks_2024.R""}"
socs_sys4,2,5,3,32,0.905,28.96,rescaled x0.905 for the White et al. (2024) correction (10.1371/journal.pone.0307250),"{""stock_basis"":""maximum_equivalent_soil_mass"",""source_file"":""White_Data in Brief_Supplemental Tables.xlsx"",""source_sheet"":""Supplementary Table 1"",""source_value_Mg_ha"":32,""plos_system"":3,""correction_doi"":""10.1371/journal.pone.0307250"",""correction_factor"":0.905,""derivation_script"":""data_raw/white_salinas_2020/correct_soc_stocks_2024.R""}"
socs_sys4,2,6,3,44,0.905,39.82,rescaled x0.905 for the White et al. (2024) correction (10.1371/journal.pone.0307250),"{""stock_basis"":""maximum_equivalent_soil_mass"",""source_file"":""White_Data in Brief_Supplemental Tables.xlsx"",""source_sheet"":""Supplementary Table 1"",""source_value_Mg_ha"":44,""plos_system"":3,""correction_doi"":""10.1371/journal.pone.0307250"",""correction_factor"":0.905,""derivation_script"":""data_raw/white_salinas_2020/correct_soc_stocks_2024.R""}"
socs_sys4,2,7,3,33,0.905,29.865000000000002,rescaled x0.905 for the White et al. (2024) correction (10.1371/journal.pone.0307250),"{""stock_basis"":""maximum_equivalent_soil_mass"",""source_file"":""White_Data in Brief_Supplemental Tables.xlsx"",""source_sheet"":""Supplementary Table 1"",""source_value_Mg_ha"":33,""plos_system"":3,""correction_doi"":""10.1371/journal.pone.0307250"",""correction_factor"":0.905,""derivation_script"":""data_raw/white_salinas_2020/correct_soc_stocks_2024.R""}"
socs_sys4,2,8,3,28,0.905,25.34,rescaled x0.905 for the White et al. (2024) correction (10.1371/journal.pone.0307250),"{""stock_basis"":""maximum_equivalent_soil_mass"",""source_file"":""White_Data in Brief_Supplemental Tables.xlsx"",""source_sheet"":""Supplementary Table 1"",""source_value_Mg_ha"":28,""plos_system"":3,""correction_doi"":""10.1371/journal.pone.0307250"",""correction_factor"":0.905,""derivation_script"":""data_raw/white_salinas_2020/correct_soc_stocks_2024.R""}"
socs_sys4,3,0,3,59,0.905,53.395,rescaled x0.905 for the White et al. (2024) correction (10.1371/journal.pone.0307250),"{""stock_basis"":""maximum_equivalent_soil_mass"",""source_file"":""White_Data in Brief_Supplemental Tables.xlsx"",""source_sheet"":""Supplementary Table 1"",""source_value_Mg_ha"":59,""plos_system"":3,""correction_doi"":""10.1371/journal.pone.0307250"",""correction_factor"":0.905,""derivation_script"":""data_raw/white_salinas_2020/correct_soc_stocks_2024.R""}"
socs_sys4,3,1,3,14,0.905,12.67,rescaled x0.905 for the White et al. (2024) correction (10.1371/journal.pone.0307250),"{""stock_basis"":""maximum_equivalent_soil_mass"",""source_file"":""White_Data in Brief_Supplemental Tables.xlsx"",""source_sheet"":""Supplementary Table 1"",""source_value_Mg_ha"":14,""plos_system"":3,""correction_doi"":""10.1371/journal.pone.0307250"",""correction_factor"":0.905,""derivation_script"":""data_raw/white_salinas_2020/correct_soc_stocks_2024.R""}"
socs_sys4,3,2,3,34,0.905,30.77,rescaled x0.905 for the White et al. (2024) correction (10.1371/journal.pone.0307250),"{""stock_basis"":""maximum_equivalent_soil_mass"",""source_file"":""White_Data in Brief_Supplemental Tables.xlsx"",""source_sheet"":""Supplementary Table 1"",""source_value_Mg_ha"":34,""plos_system"":3,""correction_doi"":""10.1371/journal.pone.0307250"",""correction_factor"":0.905,""derivation_script"":""data_raw/white_salinas_2020/correct_soc_stocks_2024.R""}"
socs_sys4,3,3,3,35,0.905,31.675,rescaled x0.905 for the White et al. (2024) correction (10.1371/journal.pone.0307250),"{""stock_basis"":""maximum_equivalent_soil_mass"",""source_file"":""White_Data in Brief_Supplemental Tables.xlsx"",""source_sheet"":""Supplementary Table 1"",""source_value_Mg_ha"":35,""plos_system"":3,""correction_doi"":""10.1371/journal.pone.0307250"",""correction_factor"":0.905,""derivation_script"":""data_raw/white_salinas_2020/correct_soc_stocks_2024.R""}"
socs_sys4,3,4,3,28,0.905,25.34,rescaled x0.905 for the White et al. (2024) correction (10.1371/journal.pone.0307250),"{""stock_basis"":""maximum_equivalent_soil_mass"",""source_file"":""White_Data in Brief_Supplemental Tables.xlsx"",""source_sheet"":""Supplementary Table 1"",""source_value_Mg_ha"":28,""plos_system"":3,""correction_doi"":""10.1371/journal.pone.0307250"",""correction_factor"":0.905,""derivation_script"":""data_raw/white_salinas_2020/correct_soc_stocks_2024.R""}"
socs_sys4,3,5,3,28,0.905,25.34,rescaled x0.905 for the White et al. (2024) correction (10.1371/journal.pone.0307250),"{""stock_basis"":""maximum_equivalent_soil_mass"",""source_file"":""White_Data in Brief_Supplemental Tables.xlsx"",""source_sheet"":""Supplementary Table 1"",""source_value_Mg_ha"":28,""plos_system"":3,""correction_doi"":""10.1371/journal.pone.0307250"",""correction_factor"":0.905,""derivation_script"":""data_raw/white_salinas_2020/correct_soc_stocks_2024.R""}"
socs_sys4,3,6,3,38,0.905,34.39,rescaled x0.905 for the White et al. (2024) correction (10.1371/journal.pone.0307250),"{""stock_basis"":""maximum_equivalent_soil_mass"",""source_file"":""White_Data in Brief_Supplemental Tables.xlsx"",""source_sheet"":""Supplementary Table 1"",""source_value_Mg_ha"":38,""plos_system"":3,""correction_doi"":""10.1371/journal.pone.0307250"",""correction_factor"":0.905,""derivation_script"":""data_raw/white_salinas_2020/correct_soc_stocks_2024.R""}"
socs_sys4,3,7,3,50,0.905,45.25,rescaled x0.905 for the White et al. (2024) correction (10.1371/journal.pone.0307250),"{""stock_basis"":""maximum_equivalent_soil_mass"",""source_file"":""White_Data in Brief_Supplemental Tables.xlsx"",""source_sheet"":""Supplementary Table 1"",""source_value_Mg_ha"":50,""plos_system"":3,""correction_doi"":""10.1371/journal.pone.0307250"",""correction_factor"":0.905,""derivation_script"":""data_raw/white_salinas_2020/correct_soc_stocks_2024.R""}"
socs_sys4,3,8,3,31,0.905,28.055,rescaled x0.905 for the White et al. (2024) correction (10.1371/journal.pone.0307250),"{""stock_basis"":""maximum_equivalent_soil_mass"",""source_file"":""White_Data in Brief_Supplemental Tables.xlsx"",""source_sheet"":""Supplementary Table 1"",""source_value_Mg_ha"":31,""plos_system"":3,""correction_doi"":""10.1371/journal.pone.0307250"",""correction_factor"":0.905,""derivation_script"":""data_raw/white_salinas_2020/correct_soc_stocks_2024.R""}"
socs_sys4,4,0,3,45,0.905,40.725,rescaled x0.905 for the White et al. (2024) correction (10.1371/journal.pone.0307250),"{""stock_basis"":""maximum_equivalent_soil_mass"",""source_file"":""White_Data in Brief_Supplemental Tables.xlsx"",""source_sheet"":""Supplementary Table 1"",""source_value_Mg_ha"":45,""plos_system"":3,""correction_doi"":""10.1371/journal.pone.0307250"",""correction_factor"":0.905,""derivation_script"":""data_raw/white_salinas_2020/correct_soc_stocks_2024.R""}"
socs_sys4,4,1,3,32,0.905,28.96,rescaled x0.905 for the White et al. (2024) correction (10.1371/journal.pone.0307250),"{""stock_basis"":""maximum_equivalent_soil_mass"",""source_file"":""White_Data in Brief_Supplemental Tables.xlsx"",""source_sheet"":""Supplementary Table 1"",""source_value_Mg_ha"":32,""plos_system"":3,""correction_doi"":""10.1371/journal.pone.0307250"",""correction_factor"":0.905,""derivation_script"":""data_raw/white_salinas_2020/correct_soc_stocks_2024.R""}"
socs_sys4,4,2,3,52,0.905,47.06,rescaled x0.905 for the White et al. (2024) correction (10.1371/journal.pone.0307250),"{""stock_basis"":""maximum_equivalent_soil_mass"",""source_file"":""White_Data in Brief_Supplemental Tables.xlsx"",""source_sheet"":""Supplementary Table 1"",""source_value_Mg_ha"":52,""plos_system"":3,""correction_doi"":""10.1371/journal.pone.0307250"",""correction_factor"":0.905,""derivation_script"":""data_raw/white_salinas_2020/correct_soc_stocks_2024.R""}"
socs_sys4,4,3,3,28,0.905,25.34,rescaled x0.905 for the White et al. (2024) correction (10.1371/journal.pone.0307250),"{""stock_basis"":""maximum_equivalent_soil_mass"",""source_file"":""White_Data in Brief_Supplemental Tables.xlsx"",""source_sheet"":""Supplementary Table 1"",""source_value_Mg_ha"":28,""plos_system"":3,""correction_doi"":""10.1371/journal.pone.0307250"",""correction_factor"":0.905,""derivation_script"":""data_raw/white_salinas_2020/correct_soc_stocks_2024.R""}"
socs_sys4,4,4,3,31,0.905,28.055,rescaled x0.905 for the White et al. (2024) correction (10.1371/journal.pone.0307250),"{""stock_basis"":""maximum_equivalent_soil_mass"",""source_file"":""White_Data in Brief_Supplemental Tables.xlsx"",""source_sheet"":""Supplementary Table 1"",""source_value_Mg_ha"":31,""plos_system"":3,""correction_doi"":""10.1371/journal.pone.0307250"",""correction_factor"":0.905,""derivation_script"":""data_raw/white_salinas_2020/correct_soc_stocks_2024.R""}"
socs_sys4,4,5,3,38,0.905,34.39,rescaled x0.905 for the White et al. (2024) correction (10.1371/journal.pone.0307250),"{""stock_basis"":""maximum_equivalent_soil_mass"",""source_file"":""White_Data in Brief_Supplemental Tables.xlsx"",""source_sheet"":""Supplementary Table 1"",""source_value_Mg_ha"":38,""plos_system"":3,""correction_doi"":""10.1371/journal.pone.0307250"",""correction_factor"":0.905,""derivation_script"":""data_raw/white_salinas_2020/correct_soc_stocks_2024.R""}"
socs_sys4,4,6,3,33,0.905,29.865000000000002,rescaled x0.905 for the White et al. (2024) correction (10.1371/journal.pone.0307250),"{""stock_basis"":""maximum_equivalent_soil_mass"",""source_file"":""White_Data in Brief_Supplemental Tables.xlsx"",""source_sheet"":""Supplementary Table 1"",""source_value_Mg_ha"":33,""plos_system"":3,""correction_doi"":""10.1371/journal.pone.0307250"",""correction_factor"":0.905,""derivation_script"":""data_raw/white_salinas_2020/correct_soc_stocks_2024.R""}"
socs_sys4,4,7,3,40,0.905,36.2,rescaled x0.905 for the White et al. (2024) correction (10.1371/journal.pone.0307250),"{""stock_basis"":""maximum_equivalent_soil_mass"",""source_file"":""White_Data in Brief_Supplemental Tables.xlsx"",""source_sheet"":""Supplementary Table 1"",""source_value_Mg_ha"":40,""plos_system"":3,""correction_doi"":""10.1371/journal.pone.0307250"",""correction_factor"":0.905,""derivation_script"":""data_raw/white_salinas_2020/correct_soc_stocks_2024.R""}"
socs_sys4,4,8,3,32,0.905,28.96,rescaled x0.905 for the White et al. (2024) correction (10.1371/journal.pone.0307250),"{""stock_basis"":""maximum_equivalent_soil_mass"",""source_file"":""White_Data in Brief_Supplemental Tables.xlsx"",""source_sheet"":""Supplementary Table 1"",""source_value_Mg_ha"":32,""plos_system"":3,""correction_doi"":""10.1371/journal.pone.0307250"",""correction_factor"":0.905,""derivation_script"":""data_raw/white_salinas_2020/correct_soc_stocks_2024.R""}"
socs_sys5,1,0,4,40,0.905,36.2,rescaled x0.905 for the White et al. (2024) correction (10.1371/journal.pone.0307250),"{""stock_basis"":""maximum_equivalent_soil_mass"",""source_file"":""White_Data in Brief_Supplemental Tables.xlsx"",""source_sheet"":""Supplementary Table 1"",""source_value_Mg_ha"":40,""plos_system"":4,""correction_doi"":""10.1371/journal.pone.0307250"",""correction_factor"":0.905,""derivation_script"":""data_raw/white_salinas_2020/correct_soc_stocks_2024.R""}"
socs_sys5,1,1,4,12,0.905,10.86,rescaled x0.905 for the White et al. (2024) correction (10.1371/journal.pone.0307250),"{""stock_basis"":""maximum_equivalent_soil_mass"",""source_file"":""White_Data in Brief_Supplemental Tables.xlsx"",""source_sheet"":""Supplementary Table 1"",""source_value_Mg_ha"":12,""plos_system"":4,""correction_doi"":""10.1371/journal.pone.0307250"",""correction_factor"":0.905,""derivation_script"":""data_raw/white_salinas_2020/correct_soc_stocks_2024.R""}"
socs_sys5,1,2,4,29,0.905,26.245,rescaled x0.905 for the White et al. (2024) correction (10.1371/journal.pone.0307250),"{""stock_basis"":""maximum_equivalent_soil_mass"",""source_file"":""White_Data in Brief_Supplemental Tables.xlsx"",""source_sheet"":""Supplementary Table 1"",""source_value_Mg_ha"":29,""plos_system"":4,""correction_doi"":""10.1371/journal.pone.0307250"",""correction_factor"":0.905,""derivation_script"":""data_raw/white_salinas_2020/correct_soc_stocks_2024.R""}"
socs_sys5,1,3,4,32,0.905,28.96,rescaled x0.905 for the White et al. (2024) correction (10.1371/journal.pone.0307250),"{""stock_basis"":""maximum_equivalent_soil_mass"",""source_file"":""White_Data in Brief_Supplemental Tables.xlsx"",""source_sheet"":""Supplementary Table 1"",""source_value_Mg_ha"":32,""plos_system"":4,""correction_doi"":""10.1371/journal.pone.0307250"",""correction_factor"":0.905,""derivation_script"":""data_raw/white_salinas_2020/correct_soc_stocks_2024.R""}"
socs_sys5,1,4,4,21,0.905,19.005,rescaled x0.905 for the White et al. (2024) correction (10.1371/journal.pone.0307250),"{""stock_basis"":""maximum_equivalent_soil_mass"",""source_file"":""White_Data in Brief_Supplemental Tables.xlsx"",""source_sheet"":""Supplementary Table 1"",""source_value_Mg_ha"":21,""plos_system"":4,""correction_doi"":""10.1371/journal.pone.0307250"",""correction_factor"":0.905,""derivation_script"":""data_raw/white_salinas_2020/correct_soc_stocks_2024.R""}"
socs_sys5,1,5,4,29,0.905,26.245,rescaled x0.905 for the White et al. (2024) correction (10.1371/journal.pone.0307250),"{""stock_basis"":""maximum_equivalent_soil_mass"",""source_file"":""White_Data in Brief_Supplemental Tables.xlsx"",""source_sheet"":""Supplementary Table 1"",""source_value_Mg_ha"":29,""plos_system"":4,""correction_doi"":""10.1371/journal.pone.0307250"",""correction_factor"":0.905,""derivation_script"":""data_raw/white_salinas_2020/correct_soc_stocks_2024.R""}"
socs_sys5,1,6,4,32,0.905,28.96,rescaled x0.905 for the White et al. (2024) correction (10.1371/journal.pone.0307250),"{""stock_basis"":""maximum_equivalent_soil_mass"",""source_file"":""White_Data in Brief_Supplemental Tables.xlsx"",""source_sheet"":""Supplementary Table 1"",""source_value_Mg_ha"":32,""plos_system"":4,""correction_doi"":""10.1371/journal.pone.0307250"",""correction_factor"":0.905,""derivation_script"":""data_raw/white_salinas_2020/correct_soc_stocks_2024.R""}"
socs_sys5,1,7,4,30,0.905,27.150000000000002,rescaled x0.905 for the White et al. (2024) correction (10.1371/journal.pone.0307250),"{""stock_basis"":""maximum_equivalent_soil_mass"",""source_file"":""White_Data in Brief_Supplemental Tables.xlsx"",""source_sheet"":""Supplementary Table 1"",""source_value_Mg_ha"":30,""plos_system"":4,""correction_doi"":""10.1371/journal.pone.0307250"",""correction_factor"":0.905,""derivation_script"":""data_raw/white_salinas_2020/correct_soc_stocks_2024.R""}"
socs_sys5,1,8,4,34,0.905,30.77,rescaled x0.905 for the White et al. (2024) correction (10.1371/journal.pone.0307250),"{""stock_basis"":""maximum_equivalent_soil_mass"",""source_file"":""White_Data in Brief_Supplemental Tables.xlsx"",""source_sheet"":""Supplementary Table 1"",""source_value_Mg_ha"":34,""plos_system"":4,""correction_doi"":""10.1371/journal.pone.0307250"",""correction_factor"":0.905,""derivation_script"":""data_raw/white_salinas_2020/correct_soc_stocks_2024.R""}"
socs_sys5,2,0,4,44,0.905,39.82,rescaled x0.905 for the White et al. (2024) correction (10.1371/journal.pone.0307250),"{""stock_basis"":""maximum_equivalent_soil_mass"",""source_file"":""White_Data in Brief_Supplemental Tables.xlsx"",""source_sheet"":""Supplementary Table 1"",""source_value_Mg_ha"":44,""plos_system"":4,""correction_doi"":""10.1371/journal.pone.0307250"",""correction_factor"":0.905,""derivation_script"":""data_raw/white_salinas_2020/correct_soc_stocks_2024.R""}"
socs_sys5,2,1,4,18,0.905,16.29,rescaled x0.905 for the White et al. (2024) correction (10.1371/journal.pone.0307250),"{""stock_basis"":""maximum_equivalent_soil_mass"",""source_file"":""White_Data in Brief_Supplemental Tables.xlsx"",""source_sheet"":""Supplementary Table 1"",""source_value_Mg_ha"":18,""plos_system"":4,""correction_doi"":""10.1371/journal.pone.0307250"",""correction_factor"":0.905,""derivation_script"":""data_raw/white_salinas_2020/correct_soc_stocks_2024.R""}"
socs_sys5,2,2,4,35,0.905,31.675,rescaled x0.905 for the White et al. (2024) correction (10.1371/journal.pone.0307250),"{""stock_basis"":""maximum_equivalent_soil_mass"",""source_file"":""White_Data in Brief_Supplemental Tables.xlsx"",""source_sheet"":""Supplementary Table 1"",""source_value_Mg_ha"":35,""plos_system"":4,""correction_doi"":""10.1371/journal.pone.0307250"",""correction_factor"":0.905,""derivation_script"":""data_raw/white_salinas_2020/correct_soc_stocks_2024.R""}"
socs_sys5,2,3,4,39,0.905,35.295,rescaled x0.905 for the White et al. (2024) correction (10.1371/journal.pone.0307250),"{""stock_basis"":""maximum_equivalent_soil_mass"",""source_file"":""White_Data in Brief_Supplemental Tables.xlsx"",""source_sheet"":""Supplementary Table 1"",""source_value_Mg_ha"":39,""plos_system"":4,""correction_doi"":""10.1371/journal.pone.0307250"",""correction_factor"":0.905,""derivation_script"":""data_raw/white_salinas_2020/correct_soc_stocks_2024.R""}"
socs_sys5,2,4,4,32,0.905,28.96,rescaled x0.905 for the White et al. (2024) correction (10.1371/journal.pone.0307250),"{""stock_basis"":""maximum_equivalent_soil_mass"",""source_file"":""White_Data in Brief_Supplemental Tables.xlsx"",""source_sheet"":""Supplementary Table 1"",""source_value_Mg_ha"":32,""plos_system"":4,""correction_doi"":""10.1371/journal.pone.0307250"",""correction_factor"":0.905,""derivation_script"":""data_raw/white_salinas_2020/correct_soc_stocks_2024.R""}"
socs_sys5,2,5,4,27,0.905,24.435000000000002,rescaled x0.905 for the White et al. (2024) correction (10.1371/journal.pone.0307250),"{""stock_basis"":""maximum_equivalent_soil_mass"",""source_file"":""White_Data in Brief_Supplemental Tables.xlsx"",""source_sheet"":""Supplementary Table 1"",""source_value_Mg_ha"":27,""plos_system"":4,""correction_doi"":""10.1371/journal.pone.0307250"",""correction_factor"":0.905,""derivation_script"":""data_raw/white_salinas_2020/correct_soc_stocks_2024.R""}"
socs_sys5,2,6,4,48,0.905,43.44,rescaled x0.905 for the White et al. (2024) correction (10.1371/journal.pone.0307250),"{""stock_basis"":""maximum_equivalent_soil_mass"",""source_file"":""White_Data in Brief_Supplemental Tables.xlsx"",""source_sheet"":""Supplementary Table 1"",""source_value_Mg_ha"":48,""plos_system"":4,""correction_doi"":""10.1371/journal.pone.0307250"",""correction_factor"":0.905,""derivation_script"":""data_raw/white_salinas_2020/correct_soc_stocks_2024.R""}"
socs_sys5,2,7,4,61,0.905,55.205,rescaled x0.905 for the White et al. (2024) correction (10.1371/journal.pone.0307250),"{""stock_basis"":""maximum_equivalent_soil_mass"",""source_file"":""White_Data in Brief_Supplemental Tables.xlsx"",""source_sheet"":""Supplementary Table 1"",""source_value_Mg_ha"":61,""plos_system"":4,""correction_doi"":""10.1371/journal.pone.0307250"",""correction_factor"":0.905,""derivation_script"":""data_raw/white_salinas_2020/correct_soc_stocks_2024.R""}"
socs_sys5,2,8,4,38,0.905,34.39,rescaled x0.905 for the White et al. (2024) correction (10.1371/journal.pone.0307250),"{""stock_basis"":""maximum_equivalent_soil_mass"",""source_file"":""White_Data in Brief_Supplemental Tables.xlsx"",""source_sheet"":""Supplementary Table 1"",""source_value_Mg_ha"":38,""plos_system"":4,""correction_doi"":""10.1371/journal.pone.0307250"",""correction_factor"":0.905,""derivation_script"":""data_raw/white_salinas_2020/correct_soc_stocks_2024.R""}"
socs_sys5,3,0,4,44,0.905,39.82,rescaled x0.905 for the White et al. (2024) correction (10.1371/journal.pone.0307250),"{""stock_basis"":""maximum_equivalent_soil_mass"",""source_file"":""White_Data in Brief_Supplemental Tables.xlsx"",""source_sheet"":""Supplementary Table 1"",""source_value_Mg_ha"":44,""plos_system"":4,""correction_doi"":""10.1371/journal.pone.0307250"",""correction_factor"":0.905,""derivation_script"":""data_raw/white_salinas_2020/correct_soc_stocks_2024.R""}"
socs_sys5,3,1,4,13,0.905,11.765,rescaled x0.905 for the White et al. (2024) correction (10.1371/journal.pone.0307250),"{""stock_basis"":""maximum_equivalent_soil_mass"",""source_file"":""White_Data in Brief_Supplemental Tables.xlsx"",""source_sheet"":""Supplementary Table 1"",""source_value_Mg_ha"":13,""plos_system"":4,""correction_doi"":""10.1371/journal.pone.0307250"",""correction_factor"":0.905,""derivation_script"":""data_raw/white_salinas_2020/correct_soc_stocks_2024.R""}"
socs_sys5,3,2,4,44,0.905,39.82,rescaled x0.905 for the White et al. (2024) correction (10.1371/journal.pone.0307250),"{""stock_basis"":""maximum_equivalent_soil_mass"",""source_file"":""White_Data in Brief_Supplemental Tables.xlsx"",""source_sheet"":""Supplementary Table 1"",""source_value_Mg_ha"":44,""plos_system"":4,""correction_doi"":""10.1371/journal.pone.0307250"",""correction_factor"":0.905,""derivation_script"":""data_raw/white_salinas_2020/correct_soc_stocks_2024.R""}"
socs_sys5,3,3,4,32,0.905,28.96,rescaled x0.905 for the White et al. (2024) correction (10.1371/journal.pone.0307250),"{""stock_basis"":""maximum_equivalent_soil_mass"",""source_file"":""White_Data in Brief_Supplemental Tables.xlsx"",""source_sheet"":""Supplementary Table 1"",""source_value_Mg_ha"":32,""plos_system"":4,""correction_doi"":""10.1371/journal.pone.0307250"",""correction_factor"":0.905,""derivation_script"":""data_raw/white_salinas_2020/correct_soc_stocks_2024.R""}"
socs_sys5,3,4,4,30,0.905,27.150000000000002,rescaled x0.905 for the White et al. (2024) correction (10.1371/journal.pone.0307250),"{""stock_basis"":""maximum_equivalent_soil_mass"",""source_file"":""White_Data in Brief_Supplemental Tables.xlsx"",""source_sheet"":""Supplementary Table 1"",""source_value_Mg_ha"":30,""plos_system"":4,""correction_doi"":""10.1371/journal.pone.0307250"",""correction_factor"":0.905,""derivation_script"":""data_raw/white_salinas_2020/correct_soc_stocks_2024.R""}"
socs_sys5,3,5,4,27,0.905,24.435000000000002,rescaled x0.905 for the White et al. (2024) correction (10.1371/journal.pone.0307250),"{""stock_basis"":""maximum_equivalent_soil_mass"",""source_file"":""White_Data in Brief_Supplemental Tables.xlsx"",""source_sheet"":""Supplementary Table 1"",""source_value_Mg_ha"":27,""plos_system"":4,""correction_doi"":""10.1371/journal.pone.0307250"",""correction_factor"":0.905,""derivation_script"":""data_raw/white_salinas_2020/correct_soc_stocks_2024.R""}"
socs_sys5,3,6,4,35,0.905,31.675,rescaled x0.905 for the White et al. (2024) correction (10.1371/journal.pone.0307250),"{""stock_basis"":""maximum_equivalent_soil_mass"",""source_file"":""White_Data in Brief_Supplemental Tables.xlsx"",""source_sheet"":""Supplementary Table 1"",""source_value_Mg_ha"":35,""plos_system"":4,""correction_doi"":""10.1371/journal.pone.0307250"",""correction_factor"":0.905,""derivation_script"":""data_raw/white_salinas_2020/correct_soc_stocks_2024.R""}"
socs_sys5,3,7,4,33,0.905,29.865000000000002,rescaled x0.905 for the White et al. (2024) correction (10.1371/journal.pone.0307250),"{""stock_basis"":""maximum_equivalent_soil_mass"",""source_file"":""White_Data in Brief_Supplemental Tables.xlsx"",""source_sheet"":""Supplementary Table 1"",""source_value_Mg_ha"":33,""plos_system"":4,""correction_doi"":""10.1371/journal.pone.0307250"",""correction_factor"":0.905,""derivation_script"":""data_raw/white_salinas_2020/correct_soc_stocks_2024.R""}"
socs_sys5,3,8,4,28,0.905,25.34,rescaled x0.905 for the White et al. (2024) correction (10.1371/journal.pone.0307250),"{""stock_basis"":""maximum_equivalent_soil_mass"",""source_file"":""White_Data in Brief_Supplemental Tables.xlsx"",""source_sheet"":""Supplementary Table 1"",""source_value_Mg_ha"":28,""plos_system"":4,""correction_doi"":""10.1371/journal.pone.0307250"",""correction_factor"":0.905,""derivation_script"":""data_raw/white_salinas_2020/correct_soc_stocks_2024.R""}"
socs_sys5,4,0,4,49,0.905,44.345,rescaled x0.905 for the White et al. (2024) correction (10.1371/journal.pone.0307250),"{""stock_basis"":""maximum_equivalent_soil_mass"",""source_file"":""White_Data in Brief_Supplemental Tables.xlsx"",""source_sheet"":""Supplementary Table 1"",""source_value_Mg_ha"":49,""plos_system"":4,""correction_doi"":""10.1371/journal.pone.0307250"",""correction_factor"":0.905,""derivation_script"":""data_raw/white_salinas_2020/correct_soc_stocks_2024.R""}"
socs_sys5,4,1,4,24,0.905,21.72,rescaled x0.905 for the White et al. (2024) correction (10.1371/journal.pone.0307250),"{""stock_basis"":""maximum_equivalent_soil_mass"",""source_file"":""White_Data in Brief_Supplemental Tables.xlsx"",""source_sheet"":""Supplementary Table 1"",""source_value_Mg_ha"":24,""plos_system"":4,""correction_doi"":""10.1371/journal.pone.0307250"",""correction_factor"":0.905,""derivation_script"":""data_raw/white_salinas_2020/correct_soc_stocks_2024.R""}"
socs_sys5,4,2,4,52,0.905,47.06,rescaled x0.905 for the White et al. (2024) correction (10.1371/journal.pone.0307250),"{""stock_basis"":""maximum_equivalent_soil_mass"",""source_file"":""White_Data in Brief_Supplemental Tables.xlsx"",""source_sheet"":""Supplementary Table 1"",""source_value_Mg_ha"":52,""plos_system"":4,""correction_doi"":""10.1371/journal.pone.0307250"",""correction_factor"":0.905,""derivation_script"":""data_raw/white_salinas_2020/correct_soc_stocks_2024.R""}"
socs_sys5,4,3,4,42,0.905,38.01,rescaled x0.905 for the White et al. (2024) correction (10.1371/journal.pone.0307250),"{""stock_basis"":""maximum_equivalent_soil_mass"",""source_file"":""White_Data in Brief_Supplemental Tables.xlsx"",""source_sheet"":""Supplementary Table 1"",""source_value_Mg_ha"":42,""plos_system"":4,""correction_doi"":""10.1371/journal.pone.0307250"",""correction_factor"":0.905,""derivation_script"":""data_raw/white_salinas_2020/correct_soc_stocks_2024.R""}"
socs_sys5,4,4,4,33,0.905,29.865000000000002,rescaled x0.905 for the White et al. (2024) correction (10.1371/journal.pone.0307250),"{""stock_basis"":""maximum_equivalent_soil_mass"",""source_file"":""White_Data in Brief_Supplemental Tables.xlsx"",""source_sheet"":""Supplementary Table 1"",""source_value_Mg_ha"":33,""plos_system"":4,""correction_doi"":""10.1371/journal.pone.0307250"",""correction_factor"":0.905,""derivation_script"":""data_raw/white_salinas_2020/correct_soc_stocks_2024.R""}"
socs_sys5,4,5,4,41,0.905,37.105000000000004,rescaled x0.905 for the White et al. (2024) correction (10.1371/journal.pone.0307250),"{""stock_basis"":""maximum_equivalent_soil_mass"",""source_file"":""White_Data in Brief_Supplemental Tables.xlsx"",""source_sheet"":""Supplementary Table 1"",""source_value_Mg_ha"":41,""plos_system"":4,""correction_doi"":""10.1371/journal.pone.0307250"",""correction_factor"":0.905,""derivation_script"":""data_raw/white_salinas_2020/correct_soc_stocks_2024.R""}"
socs_sys5,4,6,4,40,0.905,36.2,rescaled x0.905 for the White et al. (2024) correction (10.1371/journal.pone.0307250),"{""stock_basis"":""maximum_equivalent_soil_mass"",""source_file"":""White_Data in Brief_Supplemental Tables.xlsx"",""source_sheet"":""Supplementary Table 1"",""source_value_Mg_ha"":40,""plos_system"":4,""correction_doi"":""10.1371/journal.pone.0307250"",""correction_factor"":0.905,""derivation_script"":""data_raw/white_salinas_2020/correct_soc_stocks_2024.R""}"
socs_sys5,4,7,4,33,0.905,29.865000000000002,rescaled x0.905 for the White et al. (2024) correction (10.1371/journal.pone.0307250),"{""stock_basis"":""maximum_equivalent_soil_mass"",""source_file"":""White_Data in Brief_Supplemental Tables.xlsx"",""source_sheet"":""Supplementary Table 1"",""source_value_Mg_ha"":33,""plos_system"":4,""correction_doi"":""10.1371/journal.pone.0307250"",""correction_factor"":0.905,""derivation_script"":""data_raw/white_salinas_2020/correct_soc_stocks_2024.R""}"
socs_sys5,4,8,4,32,0.905,28.96,rescaled x0.905 for the White et al. (2024) correction (10.1371/journal.pone.0307250),"{""stock_basis"":""maximum_equivalent_soil_mass"",""source_file"":""White_Data in Brief_Supplemental Tables.xlsx"",""source_sheet"":""Supplementary Table 1"",""source_value_Mg_ha"":32,""plos_system"":4,""correction_doi"":""10.1371/journal.pone.0307250"",""correction_factor"":0.905,""derivation_script"":""data_raw/white_salinas_2020/correct_soc_stocks_2024.R""}"
socs_sys6,1,0,NA,56,0.905,50.68,rescaled x0.905 for the White et al. (2024) correction (10.1371/journal.pone.0307250),"{""stock_basis"":""maximum_equivalent_soil_mass"",""source_file"":""White_Data in Brief_Supplemental Tables.xlsx"",""source_sheet"":""Supplementary Table 1"",""source_value_Mg_ha"":56,""plos_system"":null,""correction_doi"":""10.1371/journal.pone.0307250"",""correction_factor"":0.905,""derivation_script"":""data_raw/white_salinas_2020/correct_soc_stocks_2024.R""}"
socs_sys6,1,1,NA,22,0.905,19.91,rescaled x0.905 for the White et al. (2024) correction (10.1371/journal.pone.0307250),"{""stock_basis"":""maximum_equivalent_soil_mass"",""source_file"":""White_Data in Brief_Supplemental Tables.xlsx"",""source_sheet"":""Supplementary Table 1"",""source_value_Mg_ha"":22,""plos_system"":null,""correction_doi"":""10.1371/journal.pone.0307250"",""correction_factor"":0.905,""derivation_script"":""data_raw/white_salinas_2020/correct_soc_stocks_2024.R""}"
socs_sys6,1,2,NA,43,0.905,38.915,rescaled x0.905 for the White et al. (2024) correction (10.1371/journal.pone.0307250),"{""stock_basis"":""maximum_equivalent_soil_mass"",""source_file"":""White_Data in Brief_Supplemental Tables.xlsx"",""source_sheet"":""Supplementary Table 1"",""source_value_Mg_ha"":43,""plos_system"":null,""correction_doi"":""10.1371/journal.pone.0307250"",""correction_factor"":0.905,""derivation_script"":""data_raw/white_salinas_2020/correct_soc_stocks_2024.R""}"
socs_sys6,1,3,NA,41,0.905,37.105000000000004,rescaled x0.905 for the White et al. (2024) correction (10.1371/journal.pone.0307250),"{""stock_basis"":""maximum_equivalent_soil_mass"",""source_file"":""White_Data in Brief_Supplemental Tables.xlsx"",""source_sheet"":""Supplementary Table 1"",""source_value_Mg_ha"":41,""plos_system"":null,""correction_doi"":""10.1371/journal.pone.0307250"",""correction_factor"":0.905,""derivation_script"":""data_raw/white_salinas_2020/correct_soc_stocks_2024.R""}"
socs_sys6,1,4,NA,29,0.905,26.245,rescaled x0.905 for the White et al. (2024) correction (10.1371/journal.pone.0307250),"{""stock_basis"":""maximum_equivalent_soil_mass"",""source_file"":""White_Data in Brief_Supplemental Tables.xlsx"",""source_sheet"":""Supplementary Table 1"",""source_value_Mg_ha"":29,""plos_system"":null,""correction_doi"":""10.1371/journal.pone.0307250"",""correction_factor"":0.905,""derivation_script"":""data_raw/white_salinas_2020/correct_soc_stocks_2024.R""}"
socs_sys6,1,5,NA,40,0.905,36.2,rescaled x0.905 for the White et al. (2024) correction (10.1371/journal.pone.0307250),"{""stock_basis"":""maximum_equivalent_soil_mass"",""source_file"":""White_Data in Brief_Supplemental Tables.xlsx"",""source_sheet"":""Supplementary Table 1"",""source_value_Mg_ha"":40,""plos_system"":null,""correction_doi"":""10.1371/journal.pone.0307250"",""correction_factor"":0.905,""derivation_script"":""data_raw/white_salinas_2020/correct_soc_stocks_2024.R""}"
socs_sys6,1,6,NA,40,0.905,36.2,rescaled x0.905 for the White et al. (2024) correction (10.1371/journal.pone.0307250),"{""stock_basis"":""maximum_equivalent_soil_mass"",""source_file"":""White_Data in Brief_Supplemental Tables.xlsx"",""source_sheet"":""Supplementary Table 1"",""source_value_Mg_ha"":40,""plos_system"":null,""correction_doi"":""10.1371/journal.pone.0307250"",""correction_factor"":0.905,""derivation_script"":""data_raw/white_salinas_2020/correct_soc_stocks_2024.R""}"
socs_sys6,1,7,NA,46,0.905,41.63,rescaled x0.905 for the White et al. (2024) correction (10.1371/journal.pone.0307250),"{""stock_basis"":""maximum_equivalent_soil_mass"",""source_file"":""White_Data in Brief_Supplemental Tables.xlsx"",""source_sheet"":""Supplementary Table 1"",""source_value_Mg_ha"":46,""plos_system"":null,""correction_doi"":""10.1371/journal.pone.0307250"",""correction_factor"":0.905,""derivation_script"":""data_raw/white_salinas_2020/correct_soc_stocks_2024.R""}"
socs_sys6,1,8,NA,38,0.905,34.39,rescaled x0.905 for the White et al. (2024) correction (10.1371/journal.pone.0307250),"{""stock_basis"":""maximum_equivalent_soil_mass"",""source_file"":""White_Data in Brief_Supplemental Tables.xlsx"",""source_sheet"":""Supplementary Table 1"",""source_value_Mg_ha"":38,""plos_system"":null,""correction_doi"":""10.1371/journal.pone.0307250"",""correction_factor"":0.905,""derivation_script"":""data_raw/white_salinas_2020/correct_soc_stocks_2024.R""}"
socs_sys6,2,0,NA,46,0.905,41.63,rescaled x0.905 for the White et al. (2024) correction (10.1371/journal.pone.0307250),"{""stock_basis"":""maximum_equivalent_soil_mass"",""source_file"":""White_Data in Brief_Supplemental Tables.xlsx"",""source_sheet"":""Supplementary Table 1"",""source_value_Mg_ha"":46,""plos_system"":null,""correction_doi"":""10.1371/journal.pone.0307250"",""correction_factor"":0.905,""derivation_script"":""data_raw/white_salinas_2020/correct_soc_stocks_2024.R""}"
socs_sys6,2,1,NA,17,0.905,15.385,rescaled x0.905 for the White et al. (2024) correction (10.1371/journal.pone.0307250),"{""stock_basis"":""maximum_equivalent_soil_mass"",""source_file"":""White_Data in Brief_Supplemental Tables.xlsx"",""source_sheet"":""Supplementary Table 1"",""source_value_Mg_ha"":17,""plos_system"":null,""correction_doi"":""10.1371/journal.pone.0307250"",""correction_factor"":0.905,""derivation_script"":""data_raw/white_salinas_2020/correct_soc_stocks_2024.R""}"
socs_sys6,2,2,NA,46,0.905,41.63,rescaled x0.905 for the White et al. (2024) correction (10.1371/journal.pone.0307250),"{""stock_basis"":""maximum_equivalent_soil_mass"",""source_file"":""White_Data in Brief_Supplemental Tables.xlsx"",""source_sheet"":""Supplementary Table 1"",""source_value_Mg_ha"":46,""plos_system"":null,""correction_doi"":""10.1371/journal.pone.0307250"",""correction_factor"":0.905,""derivation_script"":""data_raw/white_salinas_2020/correct_soc_stocks_2024.R""}"
socs_sys6,2,3,NA,43,0.905,38.915,rescaled x0.905 for the White et al. (2024) correction (10.1371/journal.pone.0307250),"{""stock_basis"":""maximum_equivalent_soil_mass"",""source_file"":""White_Data in Brief_Supplemental Tables.xlsx"",""source_sheet"":""Supplementary Table 1"",""source_value_Mg_ha"":43,""plos_system"":null,""correction_doi"":""10.1371/journal.pone.0307250"",""correction_factor"":0.905,""derivation_script"":""data_raw/white_salinas_2020/correct_soc_stocks_2024.R""}"
socs_sys6,2,4,NA,25,0.905,22.625,rescaled x0.905 for the White et al. (2024) correction (10.1371/journal.pone.0307250),"{""stock_basis"":""maximum_equivalent_soil_mass"",""source_file"":""White_Data in Brief_Supplemental Tables.xlsx"",""source_sheet"":""Supplementary Table 1"",""source_value_Mg_ha"":25,""plos_system"":null,""correction_doi"":""10.1371/journal.pone.0307250"",""correction_factor"":0.905,""derivation_script"":""data_raw/white_salinas_2020/correct_soc_stocks_2024.R""}"
socs_sys6,2,5,NA,33,0.905,29.865000000000002,rescaled x0.905 for the White et al. (2024) correction (10.1371/journal.pone.0307250),"{""stock_basis"":""maximum_equivalent_soil_mass"",""source_file"":""White_Data in Brief_Supplemental Tables.xlsx"",""source_sheet"":""Supplementary Table 1"",""source_value_Mg_ha"":33,""plos_system"":null,""correction_doi"":""10.1371/journal.pone.0307250"",""correction_factor"":0.905,""derivation_script"":""data_raw/white_salinas_2020/correct_soc_stocks_2024.R""}"
socs_sys6,2,6,NA,38,0.905,34.39,rescaled x0.905 for the White et al. (2024) correction (10.1371/journal.pone.0307250),"{""stock_basis"":""maximum_equivalent_soil_mass"",""source_file"":""White_Data in Brief_Supplemental Tables.xlsx"",""source_sheet"":""Supplementary Table 1"",""source_value_Mg_ha"":38,""plos_system"":null,""correction_doi"":""10.1371/journal.pone.0307250"",""correction_factor"":0.905,""derivation_script"":""data_raw/white_salinas_2020/correct_soc_stocks_2024.R""}"
socs_sys6,2,7,NA,37,0.905,33.485,rescaled x0.905 for the White et al. (2024) correction (10.1371/journal.pone.0307250),"{""stock_basis"":""maximum_equivalent_soil_mass"",""source_file"":""White_Data in Brief_Supplemental Tables.xlsx"",""source_sheet"":""Supplementary Table 1"",""source_value_Mg_ha"":37,""plos_system"":null,""correction_doi"":""10.1371/journal.pone.0307250"",""correction_factor"":0.905,""derivation_script"":""data_raw/white_salinas_2020/correct_soc_stocks_2024.R""}"
socs_sys6,2,8,NA,33,0.905,29.865000000000002,rescaled x0.905 for the White et al. (2024) correction (10.1371/journal.pone.0307250),"{""stock_basis"":""maximum_equivalent_soil_mass"",""source_file"":""White_Data in Brief_Supplemental Tables.xlsx"",""source_sheet"":""Supplementary Table 1"",""source_value_Mg_ha"":33,""plos_system"":null,""correction_doi"":""10.1371/journal.pone.0307250"",""correction_factor"":0.905,""derivation_script"":""data_raw/white_salinas_2020/correct_soc_stocks_2024.R""}"
socs_sys6,3,0,NA,49,0.905,44.345,rescaled x0.905 for the White et al. (2024) correction (10.1371/journal.pone.0307250),"{""stock_basis"":""maximum_equivalent_soil_mass"",""source_file"":""White_Data in Brief_Supplemental Tables.xlsx"",""source_sheet"":""Supplementary Table 1"",""source_value_Mg_ha"":49,""plos_system"":null,""correction_doi"":""10.1371/journal.pone.0307250"",""correction_factor"":0.905,""derivation_script"":""data_raw/white_salinas_2020/correct_soc_stocks_2024.R""}"
socs_sys6,3,1,NA,14,0.905,12.67,rescaled x0.905 for the White et al. (2024) correction (10.1371/journal.pone.0307250),"{""stock_basis"":""maximum_equivalent_soil_mass"",""source_file"":""White_Data in Brief_Supplemental Tables.xlsx"",""source_sheet"":""Supplementary Table 1"",""source_value_Mg_ha"":14,""plos_system"":null,""correction_doi"":""10.1371/journal.pone.0307250"",""correction_factor"":0.905,""derivation_script"":""data_raw/white_salinas_2020/correct_soc_stocks_2024.R""}"
socs_sys6,3,2,NA,34,0.905,30.77,rescaled x0.905 for the White et al. (2024) correction (10.1371/journal.pone.0307250),"{""stock_basis"":""maximum_equivalent_soil_mass"",""source_file"":""White_Data in Brief_Supplemental Tables.xlsx"",""source_sheet"":""Supplementary Table 1"",""source_value_Mg_ha"":34,""plos_system"":null,""correction_doi"":""10.1371/journal.pone.0307250"",""correction_factor"":0.905,""derivation_script"":""data_raw/white_salinas_2020/correct_soc_stocks_2024.R""}"
socs_sys6,3,3,NA,38,0.905,34.39,rescaled x0.905 for the White et al. (2024) correction (10.1371/journal.pone.0307250),"{""stock_basis"":""maximum_equivalent_soil_mass"",""source_file"":""White_Data in Brief_Supplemental Tables.xlsx"",""source_sheet"":""Supplementary Table 1"",""source_value_Mg_ha"":38,""plos_system"":null,""correction_doi"":""10.1371/journal.pone.0307250"",""correction_factor"":0.905,""derivation_script"":""data_raw/white_salinas_2020/correct_soc_stocks_2024.R""}"
socs_sys6,3,4,NA,24,0.905,21.72,rescaled x0.905 for the White et al. (2024) correction (10.1371/journal.pone.0307250),"{""stock_basis"":""maximum_equivalent_soil_mass"",""source_file"":""White_Data in Brief_Supplemental Tables.xlsx"",""source_sheet"":""Supplementary Table 1"",""source_value_Mg_ha"":24,""plos_system"":null,""correction_doi"":""10.1371/journal.pone.0307250"",""correction_factor"":0.905,""derivation_script"":""data_raw/white_salinas_2020/correct_soc_stocks_2024.R""}"
socs_sys6,3,5,NA,26,0.905,23.53,rescaled x0.905 for the White et al. (2024) correction (10.1371/journal.pone.0307250),"{""stock_basis"":""maximum_equivalent_soil_mass"",""source_file"":""White_Data in Brief_Supplemental Tables.xlsx"",""source_sheet"":""Supplementary Table 1"",""source_value_Mg_ha"":26,""plos_system"":null,""correction_doi"":""10.1371/journal.pone.0307250"",""correction_factor"":0.905,""derivation_script"":""data_raw/white_salinas_2020/correct_soc_stocks_2024.R""}"
socs_sys6,3,6,NA,35,0.905,31.675,rescaled x0.905 for the White et al. (2024) correction (10.1371/journal.pone.0307250),"{""stock_basis"":""maximum_equivalent_soil_mass"",""source_file"":""White_Data in Brief_Supplemental Tables.xlsx"",""source_sheet"":""Supplementary Table 1"",""source_value_Mg_ha"":35,""plos_system"":null,""correction_doi"":""10.1371/journal.pone.0307250"",""correction_factor"":0.905,""derivation_script"":""data_raw/white_salinas_2020/correct_soc_stocks_2024.R""}"
socs_sys6,3,7,NA,37,0.905,33.485,rescaled x0.905 for the White et al. (2024) correction (10.1371/journal.pone.0307250),"{""stock_basis"":""maximum_equivalent_soil_mass"",""source_file"":""White_Data in Brief_Supplemental Tables.xlsx"",""source_sheet"":""Supplementary Table 1"",""source_value_Mg_ha"":37,""plos_system"":null,""correction_doi"":""10.1371/journal.pone.0307250"",""correction_factor"":0.905,""derivation_script"":""data_raw/white_salinas_2020/correct_soc_stocks_2024.R""}"
socs_sys6,3,8,NA,30,0.905,27.150000000000002,rescaled x0.905 for the White et al. (2024) correction (10.1371/journal.pone.0307250),"{""stock_basis"":""maximum_equivalent_soil_mass"",""source_file"":""White_Data in Brief_Supplemental Tables.xlsx"",""source_sheet"":""Supplementary Table 1"",""source_value_Mg_ha"":30,""plos_system"":null,""correction_doi"":""10.1371/journal.pone.0307250"",""correction_factor"":0.905,""derivation_script"":""data_raw/white_salinas_2020/correct_soc_stocks_2024.R""}"
socs_sys6,4,0,NA,50,0.905,45.25,rescaled x0.905 for the White et al. (2024) correction (10.1371/journal.pone.0307250),"{""stock_basis"":""maximum_equivalent_soil_mass"",""source_file"":""White_Data in Brief_Supplemental Tables.xlsx"",""source_sheet"":""Supplementary Table 1"",""source_value_Mg_ha"":50,""plos_system"":null,""correction_doi"":""10.1371/journal.pone.0307250"",""correction_factor"":0.905,""derivation_script"":""data_raw/white_salinas_2020/correct_soc_stocks_2024.R""}"
socs_sys6,4,1,NA,20,0.905,18.1,rescaled x0.905 for the White et al. (2024) correction (10.1371/journal.pone.0307250),"{""stock_basis"":""maximum_equivalent_soil_mass"",""source_file"":""White_Data in Brief_Supplemental Tables.xlsx"",""source_sheet"":""Supplementary Table 1"",""source_value_Mg_ha"":20,""plos_system"":null,""correction_doi"":""10.1371/journal.pone.0307250"",""correction_factor"":0.905,""derivation_script"":""data_raw/white_salinas_2020/correct_soc_stocks_2024.R""}"
socs_sys6,4,2,NA,47,0.905,42.535000000000004,rescaled x0.905 for the White et al. (2024) correction (10.1371/journal.pone.0307250),"{""stock_basis"":""maximum_equivalent_soil_mass"",""source_file"":""White_Data in Brief_Supplemental Tables.xlsx"",""source_sheet"":""Supplementary Table 1"",""source_value_Mg_ha"":47,""plos_system"":null,""correction_doi"":""10.1371/journal.pone.0307250"",""correction_factor"":0.905,""derivation_script"":""data_raw/white_salinas_2020/correct_soc_stocks_2024.R""}"
socs_sys6,4,3,NA,37,0.905,33.485,rescaled x0.905 for the White et al. (2024) correction (10.1371/journal.pone.0307250),"{""stock_basis"":""maximum_equivalent_soil_mass"",""source_file"":""White_Data in Brief_Supplemental Tables.xlsx"",""source_sheet"":""Supplementary Table 1"",""source_value_Mg_ha"":37,""plos_system"":null,""correction_doi"":""10.1371/journal.pone.0307250"",""correction_factor"":0.905,""derivation_script"":""data_raw/white_salinas_2020/correct_soc_stocks_2024.R""}"
socs_sys6,4,4,NA,32,0.905,28.96,rescaled x0.905 for the White et al. (2024) correction (10.1371/journal.pone.0307250),"{""stock_basis"":""maximum_equivalent_soil_mass"",""source_file"":""White_Data in Brief_Supplemental Tables.xlsx"",""source_sheet"":""Supplementary Table 1"",""source_value_Mg_ha"":32,""plos_system"":null,""correction_doi"":""10.1371/journal.pone.0307250"",""correction_factor"":0.905,""derivation_script"":""data_raw/white_salinas_2020/correct_soc_stocks_2024.R""}"
socs_sys6,4,5,NA,20,0.905,18.1,rescaled x0.905 for the White et al. (2024) correction (10.1371/journal.pone.0307250),"{""stock_basis"":""maximum_equivalent_soil_mass"",""source_file"":""White_Data in Brief_Supplemental Tables.xlsx"",""source_sheet"":""Supplementary Table 1"",""source_value_Mg_ha"":20,""plos_system"":null,""correction_doi"":""10.1371/journal.pone.0307250"",""correction_factor"":0.905,""derivation_script"":""data_raw/white_salinas_2020/correct_soc_stocks_2024.R""}"
socs_sys6,4,6,NA,35,0.905,31.675,rescaled x0.905 for the White et al. (2024) correction (10.1371/journal.pone.0307250),"{""stock_basis"":""maximum_equivalent_soil_mass"",""source_file"":""White_Data in Brief_Supplemental Tables.xlsx"",""source_sheet"":""Supplementary Table 1"",""source_value_Mg_ha"":35,""plos_system"":null,""correction_doi"":""10.1371/journal.pone.0307250"",""correction_factor"":0.905,""derivation_script"":""data_raw/white_salinas_2020/correct_soc_stocks_2024.R""}"
socs_sys6,4,7,NA,40,0.905,36.2,rescaled x0.905 for the White et al. (2024) correction (10.1371/journal.pone.0307250),"{""stock_basis"":""maximum_equivalent_soil_mass"",""source_file"":""White_Data in Brief_Supplemental Tables.xlsx"",""source_sheet"":""Supplementary Table 1"",""source_value_Mg_ha"":40,""plos_system"":null,""correction_doi"":""10.1371/journal.pone.0307250"",""correction_factor"":0.905,""derivation_script"":""data_raw/white_salinas_2020/correct_soc_stocks_2024.R""}"
socs_sys6,4,8,NA,31,0.905,28.055,rescaled x0.905 for the White et al. (2024) correction (10.1371/journal.pone.0307250),"{""stock_basis"":""maximum_equivalent_soil_mass"",""source_file"":""White_Data in Brief_Supplemental Tables.xlsx"",""source_sheet"":""Supplementary Table 1"",""source_value_Mg_ha"":31,""plos_system"":null,""correction_doi"":""10.1371/journal.pone.0307250"",""correction_factor"":0.905,""derivation_script"":""data_raw/white_salinas_2020/correct_soc_stocks_2024.R""}"
socs_sys7,1,0,5,54,0.905,48.870000000000005,rescaled x0.905 for the White et al. (2024) correction (10.1371/journal.pone.0307250),"{""stock_basis"":""maximum_equivalent_soil_mass"",""source_file"":""White_Data in Brief_Supplemental Tables.xlsx"",""source_sheet"":""Supplementary Table 1"",""source_value_Mg_ha"":54,""plos_system"":5,""correction_doi"":""10.1371/journal.pone.0307250"",""correction_factor"":0.905,""derivation_script"":""data_raw/white_salinas_2020/correct_soc_stocks_2024.R""}"
socs_sys7,1,1,5,18,0.905,16.29,rescaled x0.905 for the White et al. (2024) correction (10.1371/journal.pone.0307250),"{""stock_basis"":""maximum_equivalent_soil_mass"",""source_file"":""White_Data in Brief_Supplemental Tables.xlsx"",""source_sheet"":""Supplementary Table 1"",""source_value_Mg_ha"":18,""plos_system"":5,""correction_doi"":""10.1371/journal.pone.0307250"",""correction_factor"":0.905,""derivation_script"":""data_raw/white_salinas_2020/correct_soc_stocks_2024.R""}"
socs_sys7,1,2,5,36,0.905,32.58,rescaled x0.905 for the White et al. (2024) correction (10.1371/journal.pone.0307250),"{""stock_basis"":""maximum_equivalent_soil_mass"",""source_file"":""White_Data in Brief_Supplemental Tables.xlsx"",""source_sheet"":""Supplementary Table 1"",""source_value_Mg_ha"":36,""plos_system"":5,""correction_doi"":""10.1371/journal.pone.0307250"",""correction_factor"":0.905,""derivation_script"":""data_raw/white_salinas_2020/correct_soc_stocks_2024.R""}"
socs_sys7,1,3,5,32,0.905,28.96,rescaled x0.905 for the White et al. (2024) correction (10.1371/journal.pone.0307250),"{""stock_basis"":""maximum_equivalent_soil_mass"",""source_file"":""White_Data in Brief_Supplemental Tables.xlsx"",""source_sheet"":""Supplementary Table 1"",""source_value_Mg_ha"":32,""plos_system"":5,""correction_doi"":""10.1371/journal.pone.0307250"",""correction_factor"":0.905,""derivation_script"":""data_raw/white_salinas_2020/correct_soc_stocks_2024.R""}"
socs_sys7,1,4,5,21,0.905,19.005,rescaled x0.905 for the White et al. (2024) correction (10.1371/journal.pone.0307250),"{""stock_basis"":""maximum_equivalent_soil_mass"",""source_file"":""White_Data in Brief_Supplemental Tables.xlsx"",""source_sheet"":""Supplementary Table 1"",""source_value_Mg_ha"":21,""plos_system"":5,""correction_doi"":""10.1371/journal.pone.0307250"",""correction_factor"":0.905,""derivation_script"":""data_raw/white_salinas_2020/correct_soc_stocks_2024.R""}"
socs_sys7,1,5,5,32,0.905,28.96,rescaled x0.905 for the White et al. (2024) correction (10.1371/journal.pone.0307250),"{""stock_basis"":""maximum_equivalent_soil_mass"",""source_file"":""White_Data in Brief_Supplemental Tables.xlsx"",""source_sheet"":""Supplementary Table 1"",""source_value_Mg_ha"":32,""plos_system"":5,""correction_doi"":""10.1371/journal.pone.0307250"",""correction_factor"":0.905,""derivation_script"":""data_raw/white_salinas_2020/correct_soc_stocks_2024.R""}"
socs_sys7,1,6,5,34,0.905,30.77,rescaled x0.905 for the White et al. (2024) correction (10.1371/journal.pone.0307250),"{""stock_basis"":""maximum_equivalent_soil_mass"",""source_file"":""White_Data in Brief_Supplemental Tables.xlsx"",""source_sheet"":""Supplementary Table 1"",""source_value_Mg_ha"":34,""plos_system"":5,""correction_doi"":""10.1371/journal.pone.0307250"",""correction_factor"":0.905,""derivation_script"":""data_raw/white_salinas_2020/correct_soc_stocks_2024.R""}"
socs_sys7,1,7,5,36,0.905,32.58,rescaled x0.905 for the White et al. (2024) correction (10.1371/journal.pone.0307250),"{""stock_basis"":""maximum_equivalent_soil_mass"",""source_file"":""White_Data in Brief_Supplemental Tables.xlsx"",""source_sheet"":""Supplementary Table 1"",""source_value_Mg_ha"":36,""plos_system"":5,""correction_doi"":""10.1371/journal.pone.0307250"",""correction_factor"":0.905,""derivation_script"":""data_raw/white_salinas_2020/correct_soc_stocks_2024.R""}"
socs_sys7,1,8,5,28,0.905,25.34,rescaled x0.905 for the White et al. (2024) correction (10.1371/journal.pone.0307250),"{""stock_basis"":""maximum_equivalent_soil_mass"",""source_file"":""White_Data in Brief_Supplemental Tables.xlsx"",""source_sheet"":""Supplementary Table 1"",""source_value_Mg_ha"":28,""plos_system"":5,""correction_doi"":""10.1371/journal.pone.0307250"",""correction_factor"":0.905,""derivation_script"":""data_raw/white_salinas_2020/correct_soc_stocks_2024.R""}"
socs_sys7,2,0,5,43,0.905,38.915,rescaled x0.905 for the White et al. (2024) correction (10.1371/journal.pone.0307250),"{""stock_basis"":""maximum_equivalent_soil_mass"",""source_file"":""White_Data in Brief_Supplemental Tables.xlsx"",""source_sheet"":""Supplementary Table 1"",""source_value_Mg_ha"":43,""plos_system"":5,""correction_doi"":""10.1371/journal.pone.0307250"",""correction_factor"":0.905,""derivation_script"":""data_raw/white_salinas_2020/correct_soc_stocks_2024.R""}"
socs_sys7,2,1,5,19,0.905,17.195,rescaled x0.905 for the White et al. (2024) correction (10.1371/journal.pone.0307250),"{""stock_basis"":""maximum_equivalent_soil_mass"",""source_file"":""White_Data in Brief_Supplemental Tables.xlsx"",""source_sheet"":""Supplementary Table 1"",""source_value_Mg_ha"":19,""plos_system"":5,""correction_doi"":""10.1371/journal.pone.0307250"",""correction_factor"":0.905,""derivation_script"":""data_raw/white_salinas_2020/correct_soc_stocks_2024.R""}"
socs_sys7,2,2,5,31,0.905,28.055,rescaled x0.905 for the White et al. (2024) correction (10.1371/journal.pone.0307250),"{""stock_basis"":""maximum_equivalent_soil_mass"",""source_file"":""White_Data in Brief_Supplemental Tables.xlsx"",""source_sheet"":""Supplementary Table 1"",""source_value_Mg_ha"":31,""plos_system"":5,""correction_doi"":""10.1371/journal.pone.0307250"",""correction_factor"":0.905,""derivation_script"":""data_raw/white_salinas_2020/correct_soc_stocks_2024.R""}"
socs_sys7,2,3,5,34,0.905,30.77,rescaled x0.905 for the White et al. (2024) correction (10.1371/journal.pone.0307250),"{""stock_basis"":""maximum_equivalent_soil_mass"",""source_file"":""White_Data in Brief_Supplemental Tables.xlsx"",""source_sheet"":""Supplementary Table 1"",""source_value_Mg_ha"":34,""plos_system"":5,""correction_doi"":""10.1371/journal.pone.0307250"",""correction_factor"":0.905,""derivation_script"":""data_raw/white_salinas_2020/correct_soc_stocks_2024.R""}"
socs_sys7,2,4,5,25,0.905,22.625,rescaled x0.905 for the White et al. (2024) correction (10.1371/journal.pone.0307250),"{""stock_basis"":""maximum_equivalent_soil_mass"",""source_file"":""White_Data in Brief_Supplemental Tables.xlsx"",""source_sheet"":""Supplementary Table 1"",""source_value_Mg_ha"":25,""plos_system"":5,""correction_doi"":""10.1371/journal.pone.0307250"",""correction_factor"":0.905,""derivation_script"":""data_raw/white_salinas_2020/correct_soc_stocks_2024.R""}"
socs_sys7,2,5,5,40,0.905,36.2,rescaled x0.905 for the White et al. (2024) correction (10.1371/journal.pone.0307250),"{""stock_basis"":""maximum_equivalent_soil_mass"",""source_file"":""White_Data in Brief_Supplemental Tables.xlsx"",""source_sheet"":""Supplementary Table 1"",""source_value_Mg_ha"":40,""plos_system"":5,""correction_doi"":""10.1371/journal.pone.0307250"",""correction_factor"":0.905,""derivation_script"":""data_raw/white_salinas_2020/correct_soc_stocks_2024.R""}"
socs_sys7,2,6,5,46,0.905,41.63,rescaled x0.905 for the White et al. (2024) correction (10.1371/journal.pone.0307250),"{""stock_basis"":""maximum_equivalent_soil_mass"",""source_file"":""White_Data in Brief_Supplemental Tables.xlsx"",""source_sheet"":""Supplementary Table 1"",""source_value_Mg_ha"":46,""plos_system"":5,""correction_doi"":""10.1371/journal.pone.0307250"",""correction_factor"":0.905,""derivation_script"":""data_raw/white_salinas_2020/correct_soc_stocks_2024.R""}"
socs_sys7,2,7,5,47,0.905,42.535000000000004,rescaled x0.905 for the White et al. (2024) correction (10.1371/journal.pone.0307250),"{""stock_basis"":""maximum_equivalent_soil_mass"",""source_file"":""White_Data in Brief_Supplemental Tables.xlsx"",""source_sheet"":""Supplementary Table 1"",""source_value_Mg_ha"":47,""plos_system"":5,""correction_doi"":""10.1371/journal.pone.0307250"",""correction_factor"":0.905,""derivation_script"":""data_raw/white_salinas_2020/correct_soc_stocks_2024.R""}"
socs_sys7,2,8,5,30,0.905,27.150000000000002,rescaled x0.905 for the White et al. (2024) correction (10.1371/journal.pone.0307250),"{""stock_basis"":""maximum_equivalent_soil_mass"",""source_file"":""White_Data in Brief_Supplemental Tables.xlsx"",""source_sheet"":""Supplementary Table 1"",""source_value_Mg_ha"":30,""plos_system"":5,""correction_doi"":""10.1371/journal.pone.0307250"",""correction_factor"":0.905,""derivation_script"":""data_raw/white_salinas_2020/correct_soc_stocks_2024.R""}"
socs_sys7,3,0,5,50,0.905,45.25,rescaled x0.905 for the White et al. (2024) correction (10.1371/journal.pone.0307250),"{""stock_basis"":""maximum_equivalent_soil_mass"",""source_file"":""White_Data in Brief_Supplemental Tables.xlsx"",""source_sheet"":""Supplementary Table 1"",""source_value_Mg_ha"":50,""plos_system"":5,""correction_doi"":""10.1371/journal.pone.0307250"",""correction_factor"":0.905,""derivation_script"":""data_raw/white_salinas_2020/correct_soc_stocks_2024.R""}"
socs_sys7,3,1,5,18,0.905,16.29,rescaled x0.905 for the White et al. (2024) correction (10.1371/journal.pone.0307250),"{""stock_basis"":""maximum_equivalent_soil_mass"",""source_file"":""White_Data in Brief_Supplemental Tables.xlsx"",""source_sheet"":""Supplementary Table 1"",""source_value_Mg_ha"":18,""plos_system"":5,""correction_doi"":""10.1371/journal.pone.0307250"",""correction_factor"":0.905,""derivation_script"":""data_raw/white_salinas_2020/correct_soc_stocks_2024.R""}"
socs_sys7,3,2,5,42,0.905,38.01,rescaled x0.905 for the White et al. (2024) correction (10.1371/journal.pone.0307250),"{""stock_basis"":""maximum_equivalent_soil_mass"",""source_file"":""White_Data in Brief_Supplemental Tables.xlsx"",""source_sheet"":""Supplementary Table 1"",""source_value_Mg_ha"":42,""plos_system"":5,""correction_doi"":""10.1371/journal.pone.0307250"",""correction_factor"":0.905,""derivation_script"":""data_raw/white_salinas_2020/correct_soc_stocks_2024.R""}"
socs_sys7,3,3,5,38,0.905,34.39,rescaled x0.905 for the White et al. (2024) correction (10.1371/journal.pone.0307250),"{""stock_basis"":""maximum_equivalent_soil_mass"",""source_file"":""White_Data in Brief_Supplemental Tables.xlsx"",""source_sheet"":""Supplementary Table 1"",""source_value_Mg_ha"":38,""plos_system"":5,""correction_doi"":""10.1371/journal.pone.0307250"",""correction_factor"":0.905,""derivation_script"":""data_raw/white_salinas_2020/correct_soc_stocks_2024.R""}"
socs_sys7,3,4,5,24,0.905,21.72,rescaled x0.905 for the White et al. (2024) correction (10.1371/journal.pone.0307250),"{""stock_basis"":""maximum_equivalent_soil_mass"",""source_file"":""White_Data in Brief_Supplemental Tables.xlsx"",""source_sheet"":""Supplementary Table 1"",""source_value_Mg_ha"":24,""plos_system"":5,""correction_doi"":""10.1371/journal.pone.0307250"",""correction_factor"":0.905,""derivation_script"":""data_raw/white_salinas_2020/correct_soc_stocks_2024.R""}"
socs_sys7,3,5,5,31,0.905,28.055,rescaled x0.905 for the White et al. (2024) correction (10.1371/journal.pone.0307250),"{""stock_basis"":""maximum_equivalent_soil_mass"",""source_file"":""White_Data in Brief_Supplemental Tables.xlsx"",""source_sheet"":""Supplementary Table 1"",""source_value_Mg_ha"":31,""plos_system"":5,""correction_doi"":""10.1371/journal.pone.0307250"",""correction_factor"":0.905,""derivation_script"":""data_raw/white_salinas_2020/correct_soc_stocks_2024.R""}"
socs_sys7,3,6,5,34,0.905,30.77,rescaled x0.905 for the White et al. (2024) correction (10.1371/journal.pone.0307250),"{""stock_basis"":""maximum_equivalent_soil_mass"",""source_file"":""White_Data in Brief_Supplemental Tables.xlsx"",""source_sheet"":""Supplementary Table 1"",""source_value_Mg_ha"":34,""plos_system"":5,""correction_doi"":""10.1371/journal.pone.0307250"",""correction_factor"":0.905,""derivation_script"":""data_raw/white_salinas_2020/correct_soc_stocks_2024.R""}"
socs_sys7,3,7,5,42,0.905,38.01,rescaled x0.905 for the White et al. (2024) correction (10.1371/journal.pone.0307250),"{""stock_basis"":""maximum_equivalent_soil_mass"",""source_file"":""White_Data in Brief_Supplemental Tables.xlsx"",""source_sheet"":""Supplementary Table 1"",""source_value_Mg_ha"":42,""plos_system"":5,""correction_doi"":""10.1371/journal.pone.0307250"",""correction_factor"":0.905,""derivation_script"":""data_raw/white_salinas_2020/correct_soc_stocks_2024.R""}"
socs_sys7,3,8,5,36,0.905,32.58,rescaled x0.905 for the White et al. (2024) correction (10.1371/journal.pone.0307250),"{""stock_basis"":""maximum_equivalent_soil_mass"",""source_file"":""White_Data in Brief_Supplemental Tables.xlsx"",""source_sheet"":""Supplementary Table 1"",""source_value_Mg_ha"":36,""plos_system"":5,""correction_doi"":""10.1371/journal.pone.0307250"",""correction_factor"":0.905,""derivation_script"":""data_raw/white_salinas_2020/correct_soc_stocks_2024.R""}"
socs_sys7,4,0,5,51,0.905,46.155,rescaled x0.905 for the White et al. (2024) correction (10.1371/journal.pone.0307250),"{""stock_basis"":""maximum_equivalent_soil_mass"",""source_file"":""White_Data in Brief_Supplemental Tables.xlsx"",""source_sheet"":""Supplementary Table 1"",""source_value_Mg_ha"":51,""plos_system"":5,""correction_doi"":""10.1371/journal.pone.0307250"",""correction_factor"":0.905,""derivation_script"":""data_raw/white_salinas_2020/correct_soc_stocks_2024.R""}"
socs_sys7,4,1,5,26,0.905,23.53,rescaled x0.905 for the White et al. (2024) correction (10.1371/journal.pone.0307250),"{""stock_basis"":""maximum_equivalent_soil_mass"",""source_file"":""White_Data in Brief_Supplemental Tables.xlsx"",""source_sheet"":""Supplementary Table 1"",""source_value_Mg_ha"":26,""plos_system"":5,""correction_doi"":""10.1371/journal.pone.0307250"",""correction_factor"":0.905,""derivation_script"":""data_raw/white_salinas_2020/correct_soc_stocks_2024.R""}"
socs_sys7,4,2,5,37,0.905,33.485,rescaled x0.905 for the White et al. (2024) correction (10.1371/journal.pone.0307250),"{""stock_basis"":""maximum_equivalent_soil_mass"",""source_file"":""White_Data in Brief_Supplemental Tables.xlsx"",""source_sheet"":""Supplementary Table 1"",""source_value_Mg_ha"":37,""plos_system"":5,""correction_doi"":""10.1371/journal.pone.0307250"",""correction_factor"":0.905,""derivation_script"":""data_raw/white_salinas_2020/correct_soc_stocks_2024.R""}"
socs_sys7,4,3,5,40,0.905,36.2,rescaled x0.905 for the White et al. (2024) correction (10.1371/journal.pone.0307250),"{""stock_basis"":""maximum_equivalent_soil_mass"",""source_file"":""White_Data in Brief_Supplemental Tables.xlsx"",""source_sheet"":""Supplementary Table 1"",""source_value_Mg_ha"":40,""plos_system"":5,""correction_doi"":""10.1371/journal.pone.0307250"",""correction_factor"":0.905,""derivation_script"":""data_raw/white_salinas_2020/correct_soc_stocks_2024.R""}"
socs_sys7,4,4,5,37,0.905,33.485,rescaled x0.905 for the White et al. (2024) correction (10.1371/journal.pone.0307250),"{""stock_basis"":""maximum_equivalent_soil_mass"",""source_file"":""White_Data in Brief_Supplemental Tables.xlsx"",""source_sheet"":""Supplementary Table 1"",""source_value_Mg_ha"":37,""plos_system"":5,""correction_doi"":""10.1371/journal.pone.0307250"",""correction_factor"":0.905,""derivation_script"":""data_raw/white_salinas_2020/correct_soc_stocks_2024.R""}"
socs_sys7,4,5,5,37,0.905,33.485,rescaled x0.905 for the White et al. (2024) correction (10.1371/journal.pone.0307250),"{""stock_basis"":""maximum_equivalent_soil_mass"",""source_file"":""White_Data in Brief_Supplemental Tables.xlsx"",""source_sheet"":""Supplementary Table 1"",""source_value_Mg_ha"":37,""plos_system"":5,""correction_doi"":""10.1371/journal.pone.0307250"",""correction_factor"":0.905,""derivation_script"":""data_raw/white_salinas_2020/correct_soc_stocks_2024.R""}"
socs_sys7,4,6,5,34,0.905,30.77,rescaled x0.905 for the White et al. (2024) correction (10.1371/journal.pone.0307250),"{""stock_basis"":""maximum_equivalent_soil_mass"",""source_file"":""White_Data in Brief_Supplemental Tables.xlsx"",""source_sheet"":""Supplementary Table 1"",""source_value_Mg_ha"":34,""plos_system"":5,""correction_doi"":""10.1371/journal.pone.0307250"",""correction_factor"":0.905,""derivation_script"":""data_raw/white_salinas_2020/correct_soc_stocks_2024.R""}"
socs_sys7,4,7,5,37,0.905,33.485,rescaled x0.905 for the White et al. (2024) correction (10.1371/journal.pone.0307250),"{""stock_basis"":""maximum_equivalent_soil_mass"",""source_file"":""White_Data in Brief_Supplemental Tables.xlsx"",""source_sheet"":""Supplementary Table 1"",""source_value_Mg_ha"":37,""plos_system"":5,""correction_doi"":""10.1371/journal.pone.0307250"",""correction_factor"":0.905,""derivation_script"":""data_raw/white_salinas_2020/correct_soc_stocks_2024.R""}"
socs_sys7,4,8,5,43,0.905,38.915,rescaled x0.905 for the White et al. (2024) correction (10.1371/journal.pone.0307250),"{""stock_basis"":""maximum_equivalent_soil_mass"",""source_file"":""White_Data in Brief_Supplemental Tables.xlsx"",""source_sheet"":""Supplementary Table 1"",""source_value_Mg_ha"":43,""plos_system"":5,""correction_doi"":""10.1371/journal.pone.0307250"",""correction_factor"":0.905,""derivation_script"":""data_raw/white_salinas_2020/correct_soc_stocks_2024.R""}"
socs_sys8,1,0,NA,53,0.905,47.965,rescaled x0.905 for the White et al. (2024) correction (10.1371/journal.pone.0307250),"{""stock_basis"":""maximum_equivalent_soil_mass"",""source_file"":""White_Data in Brief_Supplemental Tables.xlsx"",""source_sheet"":""Supplementary Table 1"",""source_value_Mg_ha"":53,""plos_system"":null,""correction_doi"":""10.1371/journal.pone.0307250"",""correction_factor"":0.905,""derivation_script"":""data_raw/white_salinas_2020/correct_soc_stocks_2024.R""}"
socs_sys8,1,1,NA,19,0.905,17.195,rescaled x0.905 for the White et al. (2024) correction (10.1371/journal.pone.0307250),"{""stock_basis"":""maximum_equivalent_soil_mass"",""source_file"":""White_Data in Brief_Supplemental Tables.xlsx"",""source_sheet"":""Supplementary Table 1"",""source_value_Mg_ha"":19,""plos_system"":null,""correction_doi"":""10.1371/journal.pone.0307250"",""correction_factor"":0.905,""derivation_script"":""data_raw/white_salinas_2020/correct_soc_stocks_2024.R""}"
socs_sys8,1,2,NA,45,0.905,40.725,rescaled x0.905 for the White et al. (2024) correction (10.1371/journal.pone.0307250),"{""stock_basis"":""maximum_equivalent_soil_mass"",""source_file"":""White_Data in Brief_Supplemental Tables.xlsx"",""source_sheet"":""Supplementary Table 1"",""source_value_Mg_ha"":45,""plos_system"":null,""correction_doi"":""10.1371/journal.pone.0307250"",""correction_factor"":0.905,""derivation_script"":""data_raw/white_salinas_2020/correct_soc_stocks_2024.R""}"
socs_sys8,1,3,NA,40,0.905,36.2,rescaled x0.905 for the White et al. (2024) correction (10.1371/journal.pone.0307250),"{""stock_basis"":""maximum_equivalent_soil_mass"",""source_file"":""White_Data in Brief_Supplemental Tables.xlsx"",""source_sheet"":""Supplementary Table 1"",""source_value_Mg_ha"":40,""plos_system"":null,""correction_doi"":""10.1371/journal.pone.0307250"",""correction_factor"":0.905,""derivation_script"":""data_raw/white_salinas_2020/correct_soc_stocks_2024.R""}"
socs_sys8,1,4,NA,37,0.905,33.485,rescaled x0.905 for the White et al. (2024) correction (10.1371/journal.pone.0307250),"{""stock_basis"":""maximum_equivalent_soil_mass"",""source_file"":""White_Data in Brief_Supplemental Tables.xlsx"",""source_sheet"":""Supplementary Table 1"",""source_value_Mg_ha"":37,""plos_system"":null,""correction_doi"":""10.1371/journal.pone.0307250"",""correction_factor"":0.905,""derivation_script"":""data_raw/white_salinas_2020/correct_soc_stocks_2024.R""}"
socs_sys8,1,5,NA,35,0.905,31.675,rescaled x0.905 for the White et al. (2024) correction (10.1371/journal.pone.0307250),"{""stock_basis"":""maximum_equivalent_soil_mass"",""source_file"":""White_Data in Brief_Supplemental Tables.xlsx"",""source_sheet"":""Supplementary Table 1"",""source_value_Mg_ha"":35,""plos_system"":null,""correction_doi"":""10.1371/journal.pone.0307250"",""correction_factor"":0.905,""derivation_script"":""data_raw/white_salinas_2020/correct_soc_stocks_2024.R""}"
socs_sys8,1,6,NA,42,0.905,38.01,rescaled x0.905 for the White et al. (2024) correction (10.1371/journal.pone.0307250),"{""stock_basis"":""maximum_equivalent_soil_mass"",""source_file"":""White_Data in Brief_Supplemental Tables.xlsx"",""source_sheet"":""Supplementary Table 1"",""source_value_Mg_ha"":42,""plos_system"":null,""correction_doi"":""10.1371/journal.pone.0307250"",""correction_factor"":0.905,""derivation_script"":""data_raw/white_salinas_2020/correct_soc_stocks_2024.R""}"
socs_sys8,1,7,NA,52,0.905,47.06,rescaled x0.905 for the White et al. (2024) correction (10.1371/journal.pone.0307250),"{""stock_basis"":""maximum_equivalent_soil_mass"",""source_file"":""White_Data in Brief_Supplemental Tables.xlsx"",""source_sheet"":""Supplementary Table 1"",""source_value_Mg_ha"":52,""plos_system"":null,""correction_doi"":""10.1371/journal.pone.0307250"",""correction_factor"":0.905,""derivation_script"":""data_raw/white_salinas_2020/correct_soc_stocks_2024.R""}"
socs_sys8,1,8,NA,35,0.905,31.675,rescaled x0.905 for the White et al. (2024) correction (10.1371/journal.pone.0307250),"{""stock_basis"":""maximum_equivalent_soil_mass"",""source_file"":""White_Data in Brief_Supplemental Tables.xlsx"",""source_sheet"":""Supplementary Table 1"",""source_value_Mg_ha"":35,""plos_system"":null,""correction_doi"":""10.1371/journal.pone.0307250"",""correction_factor"":0.905,""derivation_script"":""data_raw/white_salinas_2020/correct_soc_stocks_2024.R""}"
socs_sys8,2,0,NA,51,0.905,46.155,rescaled x0.905 for the White et al. (2024) correction (10.1371/journal.pone.0307250),"{""stock_basis"":""maximum_equivalent_soil_mass"",""source_file"":""White_Data in Brief_Supplemental Tables.xlsx"",""source_sheet"":""Supplementary Table 1"",""source_value_Mg_ha"":51,""plos_system"":null,""correction_doi"":""10.1371/journal.pone.0307250"",""correction_factor"":0.905,""derivation_script"":""data_raw/white_salinas_2020/correct_soc_stocks_2024.R""}"
socs_sys8,2,1,NA,12,0.905,10.86,rescaled x0.905 for the White et al. (2024) correction (10.1371/journal.pone.0307250),"{""stock_basis"":""maximum_equivalent_soil_mass"",""source_file"":""White_Data in Brief_Supplemental Tables.xlsx"",""source_sheet"":""Supplementary Table 1"",""source_value_Mg_ha"":12,""plos_system"":null,""correction_doi"":""10.1371/journal.pone.0307250"",""correction_factor"":0.905,""derivation_script"":""data_raw/white_salinas_2020/correct_soc_stocks_2024.R""}"
socs_sys8,2,2,NA,34,0.905,30.77,rescaled x0.905 for the White et al. (2024) correction (10.1371/journal.pone.0307250),"{""stock_basis"":""maximum_equivalent_soil_mass"",""source_file"":""White_Data in Brief_Supplemental Tables.xlsx"",""source_sheet"":""Supplementary Table 1"",""source_value_Mg_ha"":34,""plos_system"":null,""correction_doi"":""10.1371/journal.pone.0307250"",""correction_factor"":0.905,""derivation_script"":""data_raw/white_salinas_2020/correct_soc_stocks_2024.R""}"
socs_sys8,2,3,NA,41,0.905,37.105000000000004,rescaled x0.905 for the White et al. (2024) correction (10.1371/journal.pone.0307250),"{""stock_basis"":""maximum_equivalent_soil_mass"",""source_file"":""White_Data in Brief_Supplemental Tables.xlsx"",""source_sheet"":""Supplementary Table 1"",""source_value_Mg_ha"":41,""plos_system"":null,""correction_doi"":""10.1371/journal.pone.0307250"",""correction_factor"":0.905,""derivation_script"":""data_raw/white_salinas_2020/correct_soc_stocks_2024.R""}"
socs_sys8,2,4,NA,30,0.905,27.150000000000002,rescaled x0.905 for the White et al. (2024) correction (10.1371/journal.pone.0307250),"{""stock_basis"":""maximum_equivalent_soil_mass"",""source_file"":""White_Data in Brief_Supplemental Tables.xlsx"",""source_sheet"":""Supplementary Table 1"",""source_value_Mg_ha"":30,""plos_system"":null,""correction_doi"":""10.1371/journal.pone.0307250"",""correction_factor"":0.905,""derivation_script"":""data_raw/white_salinas_2020/correct_soc_stocks_2024.R""}"
socs_sys8,2,5,NA,36,0.905,32.58,rescaled x0.905 for the White et al. (2024) correction (10.1371/journal.pone.0307250),"{""stock_basis"":""maximum_equivalent_soil_mass"",""source_file"":""White_Data in Brief_Supplemental Tables.xlsx"",""source_sheet"":""Supplementary Table 1"",""source_value_Mg_ha"":36,""plos_system"":null,""correction_doi"":""10.1371/journal.pone.0307250"",""correction_factor"":0.905,""derivation_script"":""data_raw/white_salinas_2020/correct_soc_stocks_2024.R""}"
socs_sys8,2,6,NA,41,0.905,37.105000000000004,rescaled x0.905 for the White et al. (2024) correction (10.1371/journal.pone.0307250),"{""stock_basis"":""maximum_equivalent_soil_mass"",""source_file"":""White_Data in Brief_Supplemental Tables.xlsx"",""source_sheet"":""Supplementary Table 1"",""source_value_Mg_ha"":41,""plos_system"":null,""correction_doi"":""10.1371/journal.pone.0307250"",""correction_factor"":0.905,""derivation_script"":""data_raw/white_salinas_2020/correct_soc_stocks_2024.R""}"
socs_sys8,2,7,NA,46,0.905,41.63,rescaled x0.905 for the White et al. (2024) correction (10.1371/journal.pone.0307250),"{""stock_basis"":""maximum_equivalent_soil_mass"",""source_file"":""White_Data in Brief_Supplemental Tables.xlsx"",""source_sheet"":""Supplementary Table 1"",""source_value_Mg_ha"":46,""plos_system"":null,""correction_doi"":""10.1371/journal.pone.0307250"",""correction_factor"":0.905,""derivation_script"":""data_raw/white_salinas_2020/correct_soc_stocks_2024.R""}"
socs_sys8,2,8,NA,29,0.905,26.245,rescaled x0.905 for the White et al. (2024) correction (10.1371/journal.pone.0307250),"{""stock_basis"":""maximum_equivalent_soil_mass"",""source_file"":""White_Data in Brief_Supplemental Tables.xlsx"",""source_sheet"":""Supplementary Table 1"",""source_value_Mg_ha"":29,""plos_system"":null,""correction_doi"":""10.1371/journal.pone.0307250"",""correction_factor"":0.905,""derivation_script"":""data_raw/white_salinas_2020/correct_soc_stocks_2024.R""}"
socs_sys8,3,0,NA,43,0.905,38.915,rescaled x0.905 for the White et al. (2024) correction (10.1371/journal.pone.0307250),"{""stock_basis"":""maximum_equivalent_soil_mass"",""source_file"":""White_Data in Brief_Supplemental Tables.xlsx"",""source_sheet"":""Supplementary Table 1"",""source_value_Mg_ha"":43,""plos_system"":null,""correction_doi"":""10.1371/journal.pone.0307250"",""correction_factor"":0.905,""derivation_script"":""data_raw/white_salinas_2020/correct_soc_stocks_2024.R""}"
socs_sys8,3,1,NA,13,0.905,11.765,rescaled x0.905 for the White et al. (2024) correction (10.1371/journal.pone.0307250),"{""stock_basis"":""maximum_equivalent_soil_mass"",""source_file"":""White_Data in Brief_Supplemental Tables.xlsx"",""source_sheet"":""Supplementary Table 1"",""source_value_Mg_ha"":13,""plos_system"":null,""correction_doi"":""10.1371/journal.pone.0307250"",""correction_factor"":0.905,""derivation_script"":""data_raw/white_salinas_2020/correct_soc_stocks_2024.R""}"
socs_sys8,3,2,NA,38,0.905,34.39,rescaled x0.905 for the White et al. (2024) correction (10.1371/journal.pone.0307250),"{""stock_basis"":""maximum_equivalent_soil_mass"",""source_file"":""White_Data in Brief_Supplemental Tables.xlsx"",""source_sheet"":""Supplementary Table 1"",""source_value_Mg_ha"":38,""plos_system"":null,""correction_doi"":""10.1371/journal.pone.0307250"",""correction_factor"":0.905,""derivation_script"":""data_raw/white_salinas_2020/correct_soc_stocks_2024.R""}"
socs_sys8,3,3,NA,37,0.905,33.485,rescaled x0.905 for the White et al. (2024) correction (10.1371/journal.pone.0307250),"{""stock_basis"":""maximum_equivalent_soil_mass"",""source_file"":""White_Data in Brief_Supplemental Tables.xlsx"",""source_sheet"":""Supplementary Table 1"",""source_value_Mg_ha"":37,""plos_system"":null,""correction_doi"":""10.1371/journal.pone.0307250"",""correction_factor"":0.905,""derivation_script"":""data_raw/white_salinas_2020/correct_soc_stocks_2024.R""}"
socs_sys8,3,4,NA,25,0.905,22.625,rescaled x0.905 for the White et al. (2024) correction (10.1371/journal.pone.0307250),"{""stock_basis"":""maximum_equivalent_soil_mass"",""source_file"":""White_Data in Brief_Supplemental Tables.xlsx"",""source_sheet"":""Supplementary Table 1"",""source_value_Mg_ha"":25,""plos_system"":null,""correction_doi"":""10.1371/journal.pone.0307250"",""correction_factor"":0.905,""derivation_script"":""data_raw/white_salinas_2020/correct_soc_stocks_2024.R""}"
socs_sys8,3,5,NA,25,0.905,22.625,rescaled x0.905 for the White et al. (2024) correction (10.1371/journal.pone.0307250),"{""stock_basis"":""maximum_equivalent_soil_mass"",""source_file"":""White_Data in Brief_Supplemental Tables.xlsx"",""source_sheet"":""Supplementary Table 1"",""source_value_Mg_ha"":25,""plos_system"":null,""correction_doi"":""10.1371/journal.pone.0307250"",""correction_factor"":0.905,""derivation_script"":""data_raw/white_salinas_2020/correct_soc_stocks_2024.R""}"
socs_sys8,3,6,NA,37,0.905,33.485,rescaled x0.905 for the White et al. (2024) correction (10.1371/journal.pone.0307250),"{""stock_basis"":""maximum_equivalent_soil_mass"",""source_file"":""White_Data in Brief_Supplemental Tables.xlsx"",""source_sheet"":""Supplementary Table 1"",""source_value_Mg_ha"":37,""plos_system"":null,""correction_doi"":""10.1371/journal.pone.0307250"",""correction_factor"":0.905,""derivation_script"":""data_raw/white_salinas_2020/correct_soc_stocks_2024.R""}"
socs_sys8,3,7,NA,34,0.905,30.77,rescaled x0.905 for the White et al. (2024) correction (10.1371/journal.pone.0307250),"{""stock_basis"":""maximum_equivalent_soil_mass"",""source_file"":""White_Data in Brief_Supplemental Tables.xlsx"",""source_sheet"":""Supplementary Table 1"",""source_value_Mg_ha"":34,""plos_system"":null,""correction_doi"":""10.1371/journal.pone.0307250"",""correction_factor"":0.905,""derivation_script"":""data_raw/white_salinas_2020/correct_soc_stocks_2024.R""}"
socs_sys8,3,8,NA,32,0.905,28.96,rescaled x0.905 for the White et al. (2024) correction (10.1371/journal.pone.0307250),"{""stock_basis"":""maximum_equivalent_soil_mass"",""source_file"":""White_Data in Brief_Supplemental Tables.xlsx"",""source_sheet"":""Supplementary Table 1"",""source_value_Mg_ha"":32,""plos_system"":null,""correction_doi"":""10.1371/journal.pone.0307250"",""correction_factor"":0.905,""derivation_script"":""data_raw/white_salinas_2020/correct_soc_stocks_2024.R""}"
socs_sys8,4,0,NA,40,0.905,36.2,rescaled x0.905 for the White et al. (2024) correction (10.1371/journal.pone.0307250),"{""stock_basis"":""maximum_equivalent_soil_mass"",""source_file"":""White_Data in Brief_Supplemental Tables.xlsx"",""source_sheet"":""Supplementary Table 1"",""source_value_Mg_ha"":40,""plos_system"":null,""correction_doi"":""10.1371/journal.pone.0307250"",""correction_factor"":0.905,""derivation_script"":""data_raw/white_salinas_2020/correct_soc_stocks_2024.R""}"
socs_sys8,4,1,NA,23,0.905,20.815,rescaled x0.905 for the White et al. (2024) correction (10.1371/journal.pone.0307250),"{""stock_basis"":""maximum_equivalent_soil_mass"",""source_file"":""White_Data in Brief_Supplemental Tables.xlsx"",""source_sheet"":""Supplementary Table 1"",""source_value_Mg_ha"":23,""plos_system"":null,""correction_doi"":""10.1371/journal.pone.0307250"",""correction_factor"":0.905,""derivation_script"":""data_raw/white_salinas_2020/correct_soc_stocks_2024.R""}"
socs_sys8,4,2,NA,37,0.905,33.485,rescaled x0.905 for the White et al. (2024) correction (10.1371/journal.pone.0307250),"{""stock_basis"":""maximum_equivalent_soil_mass"",""source_file"":""White_Data in Brief_Supplemental Tables.xlsx"",""source_sheet"":""Supplementary Table 1"",""source_value_Mg_ha"":37,""plos_system"":null,""correction_doi"":""10.1371/journal.pone.0307250"",""correction_factor"":0.905,""derivation_script"":""data_raw/white_salinas_2020/correct_soc_stocks_2024.R""}"
socs_sys8,4,3,NA,36,0.905,32.58,rescaled x0.905 for the White et al. (2024) correction (10.1371/journal.pone.0307250),"{""stock_basis"":""maximum_equivalent_soil_mass"",""source_file"":""White_Data in Brief_Supplemental Tables.xlsx"",""source_sheet"":""Supplementary Table 1"",""source_value_Mg_ha"":36,""plos_system"":null,""correction_doi"":""10.1371/journal.pone.0307250"",""correction_factor"":0.905,""derivation_script"":""data_raw/white_salinas_2020/correct_soc_stocks_2024.R""}"
socs_sys8,4,4,NA,31,0.905,28.055,rescaled x0.905 for the White et al. (2024) correction (10.1371/journal.pone.0307250),"{""stock_basis"":""maximum_equivalent_soil_mass"",""source_file"":""White_Data in Brief_Supplemental Tables.xlsx"",""source_sheet"":""Supplementary Table 1"",""source_value_Mg_ha"":31,""plos_system"":null,""correction_doi"":""10.1371/journal.pone.0307250"",""correction_factor"":0.905,""derivation_script"":""data_raw/white_salinas_2020/correct_soc_stocks_2024.R""}"
socs_sys8,4,5,NA,30,0.905,27.150000000000002,rescaled x0.905 for the White et al. (2024) correction (10.1371/journal.pone.0307250),"{""stock_basis"":""maximum_equivalent_soil_mass"",""source_file"":""White_Data in Brief_Supplemental Tables.xlsx"",""source_sheet"":""Supplementary Table 1"",""source_value_Mg_ha"":30,""plos_system"":null,""correction_doi"":""10.1371/journal.pone.0307250"",""correction_factor"":0.905,""derivation_script"":""data_raw/white_salinas_2020/correct_soc_stocks_2024.R""}"
socs_sys8,4,6,NA,37,0.905,33.485,rescaled x0.905 for the White et al. (2024) correction (10.1371/journal.pone.0307250),"{""stock_basis"":""maximum_equivalent_soil_mass"",""source_file"":""White_Data in Brief_Supplemental Tables.xlsx"",""source_sheet"":""Supplementary Table 1"",""source_value_Mg_ha"":37,""plos_system"":null,""correction_doi"":""10.1371/journal.pone.0307250"",""correction_factor"":0.905,""derivation_script"":""data_raw/white_salinas_2020/correct_soc_stocks_2024.R""}"
socs_sys8,4,7,NA,34,0.905,30.77,rescaled x0.905 for the White et al. (2024) correction (10.1371/journal.pone.0307250),"{""stock_basis"":""maximum_equivalent_soil_mass"",""source_file"":""White_Data in Brief_Supplemental Tables.xlsx"",""source_sheet"":""Supplementary Table 1"",""source_value_Mg_ha"":34,""plos_system"":null,""correction_doi"":""10.1371/journal.pone.0307250"",""correction_factor"":0.905,""derivation_script"":""data_raw/white_salinas_2020/correct_soc_stocks_2024.R""}"
socs_sys8,4,8,NA,32,0.905,28.96,rescaled x0.905 for the White et al. (2024) correction (10.1371/journal.pone.0307250),"{""stock_basis"":""maximum_equivalent_soil_mass"",""source_file"":""White_Data in Brief_Supplemental Tables.xlsx"",""source_sheet"":""Supplementary Table 1"",""source_value_Mg_ha"":32,""plos_system"":null,""correction_doi"":""10.1371/journal.pone.0307250"",""correction_factor"":0.905,""derivation_script"":""data_raw/white_salinas_2020/correct_soc_stocks_2024.R""}"
