event_id,sites.name,treatments.name,min_date,max_date,mgmttype,cover_crop,crop_name,level,units,notes,attributes_keyvalue,citation
compost_application-0001,salinas_socs,All systems (pre-study establishment),2003-10-01T00:00:00Z,2003-11-12T00:00:00Z,compost_application,NA,NA,22,Mg ha-1 (wet weight),one-time establishment compost applied to all systems before differentiation,NA,10.1016/j.dib.2020.106481
planting-0001,salinas_socs,socs_sys3,2004-09-30T00:00:00Z,2004-11-11T00:00:00Z,planting,TRUE,legume-rye,NA,NA,paper text: fall planting,seeding_rate_relative=1x_conventional,10.1016/j.dib.2020.106481
planting-0002,salinas_socs,socs_sys4,2004-09-30T00:00:00Z,2004-11-11T00:00:00Z,planting,TRUE,legume-rye,NA,NA,paper text: fall planting,seeding_rate_relative=3x_conventional,10.1016/j.dib.2020.106481
planting-0003,salinas_socs,socs_sys5,2004-09-30T00:00:00Z,2004-11-11T00:00:00Z,planting,TRUE,mustard,NA,NA,paper text: fall planting,NA,10.1016/j.dib.2020.106481
planting-0004,salinas_socs,socs_sys6,2004-09-30T00:00:00Z,2004-11-11T00:00:00Z,planting,TRUE,mustard,NA,NA,paper text: fall planting,seeding_rate_relative=3x_conventional,10.1016/j.dib.2020.106481
planting-0005,salinas_socs,socs_sys7,2004-09-30T00:00:00Z,2004-11-11T00:00:00Z,planting,TRUE,rye,NA,NA,paper text: fall planting,NA,10.1016/j.dib.2020.106481
planting-0006,salinas_socs,socs_sys8,2004-09-30T00:00:00Z,2004-11-11T00:00:00Z,planting,TRUE,rye,NA,NA,paper text: fall planting,seeding_rate_relative=3x_conventional,10.1016/j.dib.2020.106481
tillage-0001,salinas_socs,socs_sys1,2005-02-01T00:00:00Z,2005-03-15T00:00:00Z,tillage,NA,NA,NA,NA,paper text: late winter cover crop incorporation,implement=spader,10.1016/j.dib.2020.106481
tillage-0002,salinas_socs,socs_sys2,2005-02-01T00:00:00Z,2005-03-15T00:00:00Z,tillage,NA,NA,NA,NA,paper text: late winter cover crop incorporation,implement=spader,10.1016/j.dib.2020.106481
tillage-0003,salinas_socs,socs_sys3,2005-02-01T00:00:00Z,2005-03-15T00:00:00Z,tillage,NA,NA,NA,NA,paper text: late winter cover crop incorporation,implement=spader,10.1016/j.dib.2020.106481
tillage-0004,salinas_socs,socs_sys4,2005-02-01T00:00:00Z,2005-03-15T00:00:00Z,tillage,NA,NA,NA,NA,paper text: late winter cover crop incorporation,implement=spader,10.1016/j.dib.2020.106481
tillage-0005,salinas_socs,socs_sys5,2005-02-01T00:00:00Z,2005-03-15T00:00:00Z,tillage,NA,NA,NA,NA,paper text: late winter cover crop incorporation,implement=spader,10.1016/j.dib.2020.106481
tillage-0006,salinas_socs,socs_sys6,2005-02-01T00:00:00Z,2005-03-15T00:00:00Z,tillage,NA,NA,NA,NA,paper text: late winter cover crop incorporation,implement=spader,10.1016/j.dib.2020.106481
tillage-0007,salinas_socs,socs_sys7,2005-02-01T00:00:00Z,2005-03-15T00:00:00Z,tillage,NA,NA,NA,NA,paper text: late winter cover crop incorporation,implement=spader,10.1016/j.dib.2020.106481
tillage-0008,salinas_socs,socs_sys8,2005-02-01T00:00:00Z,2005-03-15T00:00:00Z,tillage,NA,NA,NA,NA,paper text: late winter cover crop incorporation,implement=spader,10.1016/j.dib.2020.106481
fertilization-0001,salinas_socs,socs_sys2,2005-04-01T00:00:00Z,2005-06-01T00:00:00Z,fertilization,NA,NA,7.6,Mg ha-1 (oven-dry),paper text: before lettuce planting,material=composted_green_waste; N_content_g_kg=15; season=spring; relative_timing=before_planting; relative_to=romaine_lettuce,10.1016/j.dib.2020.106481
fertilization-0002,salinas_socs,socs_sys3,2005-04-01T00:00:00Z,2005-06-01T00:00:00Z,fertilization,NA,NA,7.6,Mg ha-1 (oven-dry),paper text: before lettuce planting,material=composted_green_waste; N_content_g_kg=15; season=spring; relative_timing=before_planting; relative_to=romaine_lettuce,10.1016/j.dib.2020.106481
fertilization-0003,salinas_socs,socs_sys4,2005-04-01T00:00:00Z,2005-06-01T00:00:00Z,fertilization,NA,NA,7.6,Mg ha-1 (oven-dry),paper text: before lettuce planting,material=composted_green_waste; N_content_g_kg=15; season=spring; relative_timing=before_planting; relative_to=romaine_lettuce,10.1016/j.dib.2020.106481
fertilization-0004,salinas_socs,socs_sys5,2005-04-01T00:00:00Z,2005-06-01T00:00:00Z,fertilization,NA,NA,7.6,Mg ha-1 (oven-dry),paper text: before lettuce planting,material=composted_green_waste; N_content_g_kg=15; season=spring; relative_timing=before_planting; relative_to=romaine_lettuce,10.1016/j.dib.2020.106481
fertilization-0005,salinas_socs,socs_sys6,2005-04-01T00:00:00Z,2005-06-01T00:00:00Z,fertilization,NA,NA,7.6,Mg ha-1 (oven-dry),paper text: before lettuce planting,material=composted_green_waste; N_content_g_kg=15; season=spring; relative_timing=before_planting; relative_to=romaine_lettuce,10.1016/j.dib.2020.106481
fertilization-0006,salinas_socs,socs_sys7,2005-04-01T00:00:00Z,2005-06-01T00:00:00Z,fertilization,NA,NA,7.6,Mg ha-1 (oven-dry),paper text: before lettuce planting,material=composted_green_waste; N_content_g_kg=15; season=spring; relative_timing=before_planting; relative_to=romaine_lettuce,10.1016/j.dib.2020.106481
fertilization-0007,salinas_socs,socs_sys8,2005-04-01T00:00:00Z,2005-06-01T00:00:00Z,fertilization,NA,NA,7.6,Mg ha-1 (oven-dry),paper text: before lettuce planting,material=composted_green_waste; N_content_g_kg=15; season=spring; relative_timing=before_planting; relative_to=romaine_lettuce,10.1016/j.dib.2020.106481
planting-0007,salinas_socs,socs_sys1,2005-05-01T00:00:00Z,2005-06-15T00:00:00Z,planting,FALSE,NA,NA,NA,paper text: spring planting (Salinas Valley spring crop),crop=romaine_lettuce; transplant=yes,10.1016/j.dib.2020.106481
planting-0008,salinas_socs,socs_sys2,2005-05-01T00:00:00Z,2005-06-15T00:00:00Z,planting,FALSE,NA,NA,NA,paper text: spring planting (Salinas Valley spring crop),crop=romaine_lettuce; transplant=yes,10.1016/j.dib.2020.106481
planting-0009,salinas_socs,socs_sys3,2005-05-01T00:00:00Z,2005-06-15T00:00:00Z,planting,FALSE,NA,NA,NA,paper text: spring planting (Salinas Valley spring crop),crop=romaine_lettuce; transplant=yes,10.1016/j.dib.2020.106481
planting-0010,salinas_socs,socs_sys4,2005-05-01T00:00:00Z,2005-06-15T00:00:00Z,planting,FALSE,NA,NA,NA,paper text: spring planting (Salinas Valley spring crop),crop=romaine_lettuce; transplant=yes,10.1016/j.dib.2020.106481
planting-0011,salinas_socs,socs_sys5,2005-05-01T00:00:00Z,2005-06-15T00:00:00Z,planting,FALSE,NA,NA,NA,paper text: spring planting (Salinas Valley spring crop),crop=romaine_lettuce; transplant=yes,10.1016/j.dib.2020.106481
planting-0012,salinas_socs,socs_sys6,2005-05-01T00:00:00Z,2005-06-15T00:00:00Z,planting,FALSE,NA,NA,NA,paper text: spring planting (Salinas Valley spring crop),crop=romaine_lettuce; transplant=yes,10.1016/j.dib.2020.106481
planting-0013,salinas_socs,socs_sys7,2005-05-01T00:00:00Z,2005-06-15T00:00:00Z,planting,FALSE,NA,NA,NA,paper text: spring planting (Salinas Valley spring crop),crop=romaine_lettuce; transplant=yes,10.1016/j.dib.2020.106481
planting-0014,salinas_socs,socs_sys8,2005-05-01T00:00:00Z,2005-06-15T00:00:00Z,planting,FALSE,NA,NA,NA,paper text: spring planting (Salinas Valley spring crop),crop=romaine_lettuce; transplant=yes,10.1016/j.dib.2020.106481
harvest-0001,salinas_socs,socs_sys1,2005-06-15T00:00:00Z,2005-08-01T00:00:00Z,harvest,NA,NA,NA,NA,paper text: summer harvest (Salinas Valley spring crop),crop=romaine_lettuce; harvested_component=head; stover_left=yes,10.1016/j.dib.2020.106481
harvest-0002,salinas_socs,socs_sys2,2005-06-15T00:00:00Z,2005-08-01T00:00:00Z,harvest,NA,NA,NA,NA,paper text: summer harvest (Salinas Valley spring crop),crop=romaine_lettuce; harvested_component=head; stover_left=yes,10.1016/j.dib.2020.106481
harvest-0003,salinas_socs,socs_sys3,2005-06-15T00:00:00Z,2005-08-01T00:00:00Z,harvest,NA,NA,NA,NA,paper text: summer harvest (Salinas Valley spring crop),crop=romaine_lettuce; harvested_component=head; stover_left=yes,10.1016/j.dib.2020.106481
harvest-0004,salinas_socs,socs_sys4,2005-06-15T00:00:00Z,2005-08-01T00:00:00Z,harvest,NA,NA,NA,NA,paper text: summer harvest (Salinas Valley spring crop),crop=romaine_lettuce; harvested_component=head; stover_left=yes,10.1016/j.dib.2020.106481
harvest-0005,salinas_socs,socs_sys5,2005-06-15T00:00:00Z,2005-08-01T00:00:00Z,harvest,NA,NA,NA,NA,paper text: summer harvest (Salinas Valley spring crop),crop=romaine_lettuce; harvested_component=head; stover_left=yes,10.1016/j.dib.2020.106481
harvest-0006,salinas_socs,socs_sys6,2005-06-15T00:00:00Z,2005-08-01T00:00:00Z,harvest,NA,NA,NA,NA,paper text: summer harvest (Salinas Valley spring crop),crop=romaine_lettuce; harvested_component=head; stover_left=yes,10.1016/j.dib.2020.106481
harvest-0007,salinas_socs,socs_sys7,2005-06-15T00:00:00Z,2005-08-01T00:00:00Z,harvest,NA,NA,NA,NA,paper text: summer harvest (Salinas Valley spring crop),crop=romaine_lettuce; harvested_component=head; stover_left=yes,10.1016/j.dib.2020.106481
harvest-0008,salinas_socs,socs_sys8,2005-06-15T00:00:00Z,2005-08-01T00:00:00Z,harvest,NA,NA,NA,NA,paper text: summer harvest (Salinas Valley spring crop),crop=romaine_lettuce; harvested_component=head; stover_left=yes,10.1016/j.dib.2020.106481
fertilization-0008,salinas_socs,socs_sys2,2005-08-01T00:00:00Z,2005-10-01T00:00:00Z,fertilization,NA,NA,8,Mg ha-1 (oven-dry),paper text: before broccoli planting,material=composted_green_waste; N_content_g_kg=15; season=fall; relative_timing=before_planting; relative_to=broccoli,10.1016/j.dib.2020.106481
fertilization-0009,salinas_socs,socs_sys3,2005-08-01T00:00:00Z,2005-10-01T00:00:00Z,fertilization,NA,NA,8,Mg ha-1 (oven-dry),paper text: before broccoli planting,material=composted_green_waste; N_content_g_kg=15; season=fall; relative_timing=before_planting; relative_to=broccoli,10.1016/j.dib.2020.106481
fertilization-0010,salinas_socs,socs_sys4,2005-08-01T00:00:00Z,2005-10-01T00:00:00Z,fertilization,NA,NA,8,Mg ha-1 (oven-dry),paper text: before broccoli planting,material=composted_green_waste; N_content_g_kg=15; season=fall; relative_timing=before_planting; relative_to=broccoli,10.1016/j.dib.2020.106481
fertilization-0011,salinas_socs,socs_sys5,2005-08-01T00:00:00Z,2005-10-01T00:00:00Z,fertilization,NA,NA,8,Mg ha-1 (oven-dry),paper text: before broccoli planting,material=composted_green_waste; N_content_g_kg=15; season=fall; relative_timing=before_planting; relative_to=broccoli,10.1016/j.dib.2020.106481
fertilization-0012,salinas_socs,socs_sys6,2005-08-01T00:00:00Z,2005-10-01T00:00:00Z,fertilization,NA,NA,7.6,Mg ha-1 (oven-dry),paper text: before broccoli planting,material=composted_green_waste; N_content_g_kg=15; season=fall; relative_timing=before_planting; relative_to=broccoli,10.1016/j.dib.2020.106481
fertilization-0013,salinas_socs,socs_sys7,2005-08-01T00:00:00Z,2005-10-01T00:00:00Z,fertilization,NA,NA,7.6,Mg ha-1 (oven-dry),paper text: before broccoli planting,material=composted_green_waste; N_content_g_kg=15; season=fall; relative_timing=before_planting; relative_to=broccoli,10.1016/j.dib.2020.106481
fertilization-0014,salinas_socs,socs_sys8,2005-08-01T00:00:00Z,2005-10-01T00:00:00Z,fertilization,NA,NA,7.6,Mg ha-1 (oven-dry),paper text: before broccoli planting,material=composted_green_waste; N_content_g_kg=15; season=fall; relative_timing=before_planting; relative_to=broccoli,10.1016/j.dib.2020.106481
planting-0015,salinas_socs,socs_sys1,2005-07-15T00:00:00Z,2005-09-01T00:00:00Z,planting,FALSE,NA,NA,NA,paper text: summer-fall harvest (Salinas Valley),crop=broccoli; transplant=yes,10.1016/j.dib.2020.106481
planting-0016,salinas_socs,socs_sys2,2005-07-15T00:00:00Z,2005-09-01T00:00:00Z,planting,FALSE,NA,NA,NA,paper text: summer-fall harvest (Salinas Valley),crop=broccoli; transplant=yes,10.1016/j.dib.2020.106481
planting-0017,salinas_socs,socs_sys3,2005-07-15T00:00:00Z,2005-09-01T00:00:00Z,planting,FALSE,NA,NA,NA,paper text: summer-fall harvest (Salinas Valley),crop=broccoli; transplant=yes,10.1016/j.dib.2020.106481
planting-0018,salinas_socs,socs_sys4,2005-07-15T00:00:00Z,2005-09-01T00:00:00Z,planting,FALSE,NA,NA,NA,paper text: summer-fall harvest (Salinas Valley),crop=broccoli; transplant=yes,10.1016/j.dib.2020.106481
planting-0019,salinas_socs,socs_sys5,2005-07-15T00:00:00Z,2005-09-01T00:00:00Z,planting,FALSE,NA,NA,NA,paper text: summer-fall harvest (Salinas Valley),crop=broccoli; transplant=yes,10.1016/j.dib.2020.106481
planting-0020,salinas_socs,socs_sys6,2005-07-15T00:00:00Z,2005-09-01T00:00:00Z,planting,FALSE,NA,NA,NA,paper text: summer-fall harvest (Salinas Valley),crop=broccoli; transplant=yes,10.1016/j.dib.2020.106481
planting-0021,salinas_socs,socs_sys7,2005-07-15T00:00:00Z,2005-09-01T00:00:00Z,planting,FALSE,NA,NA,NA,paper text: summer-fall harvest (Salinas Valley),crop=broccoli; transplant=yes,10.1016/j.dib.2020.106481
planting-0022,salinas_socs,socs_sys8,2005-07-15T00:00:00Z,2005-09-01T00:00:00Z,planting,FALSE,NA,NA,NA,paper text: summer-fall harvest (Salinas Valley),crop=broccoli; transplant=yes,10.1016/j.dib.2020.106481
harvest-0009,salinas_socs,socs_sys1,2005-09-01T00:00:00Z,2005-11-01T00:00:00Z,harvest,NA,NA,NA,NA,paper text: fall planting (Salinas Valley fall crop),crop=broccoli; harvested_component=floret; stover_left=yes,10.1016/j.dib.2020.106481
harvest-0010,salinas_socs,socs_sys2,2005-09-01T00:00:00Z,2005-11-01T00:00:00Z,harvest,NA,NA,NA,NA,paper text: fall planting (Salinas Valley fall crop),crop=broccoli; harvested_component=floret; stover_left=yes,10.1016/j.dib.2020.106481
harvest-0011,salinas_socs,socs_sys3,2005-09-01T00:00:00Z,2005-11-01T00:00:00Z,harvest,NA,NA,NA,NA,paper text: fall planting (Salinas Valley fall crop),crop=broccoli; harvested_component=floret; stover_left=yes,10.1016/j.dib.2020.106481
harvest-0012,salinas_socs,socs_sys4,2005-09-01T00:00:00Z,2005-11-01T00:00:00Z,harvest,NA,NA,NA,NA,paper text: fall planting (Salinas Valley fall crop),crop=broccoli; harvested_component=floret; stover_left=yes,10.1016/j.dib.2020.106481
harvest-0013,salinas_socs,socs_sys5,2005-09-01T00:00:00Z,2005-11-01T00:00:00Z,harvest,NA,NA,NA,NA,paper text: fall planting (Salinas Valley fall crop),crop=broccoli; harvested_component=floret; stover_left=yes,10.1016/j.dib.2020.106481
harvest-0014,salinas_socs,socs_sys6,2005-09-01T00:00:00Z,2005-11-01T00:00:00Z,harvest,NA,NA,NA,NA,paper text: fall planting (Salinas Valley fall crop),crop=broccoli; harvested_component=floret; stover_left=yes,10.1016/j.dib.2020.106481
harvest-0015,salinas_socs,socs_sys7,2005-09-01T00:00:00Z,2005-11-01T00:00:00Z,harvest,NA,NA,NA,NA,paper text: fall planting (Salinas Valley fall crop),crop=broccoli; harvested_component=floret; stover_left=yes,10.1016/j.dib.2020.106481
harvest-0016,salinas_socs,socs_sys8,2005-09-01T00:00:00Z,2005-11-01T00:00:00Z,harvest,NA,NA,NA,NA,paper text: fall planting (Salinas Valley fall crop),crop=broccoli; harvested_component=floret; stover_left=yes,10.1016/j.dib.2020.106481
tillage-0009,salinas_socs,socs_sys1,2005-10-01T00:00:00Z,2005-11-12T00:00:00Z,tillage,NA,NA,45,cm depth,paper text: post-broccoli fall harvest,implement=subsoiler; relative_timing=after_harvest; relative_to=broccoli,10.1016/j.dib.2020.106481
tillage-0010,salinas_socs,socs_sys2,2005-10-01T00:00:00Z,2005-11-12T00:00:00Z,tillage,NA,NA,45,cm depth,paper text: post-broccoli fall harvest,implement=subsoiler; relative_timing=after_harvest; relative_to=broccoli,10.1016/j.dib.2020.106481
tillage-0011,salinas_socs,socs_sys3,2005-10-01T00:00:00Z,2005-11-12T00:00:00Z,tillage,NA,NA,45,cm depth,paper text: post-broccoli fall harvest,implement=subsoiler; relative_timing=after_harvest; relative_to=broccoli,10.1016/j.dib.2020.106481
tillage-0012,salinas_socs,socs_sys4,2005-10-01T00:00:00Z,2005-11-12T00:00:00Z,tillage,NA,NA,45,cm depth,paper text: post-broccoli fall harvest,implement=subsoiler; relative_timing=after_harvest; relative_to=broccoli,10.1016/j.dib.2020.106481
tillage-0013,salinas_socs,socs_sys5,2005-10-01T00:00:00Z,2005-11-12T00:00:00Z,tillage,NA,NA,45,cm depth,paper text: post-broccoli fall harvest,implement=subsoiler; relative_timing=after_harvest; relative_to=broccoli,10.1016/j.dib.2020.106481
tillage-0014,salinas_socs,socs_sys6,2005-10-01T00:00:00Z,2005-11-12T00:00:00Z,tillage,NA,NA,45,cm depth,paper text: post-broccoli fall harvest,implement=subsoiler; relative_timing=after_harvest; relative_to=broccoli,10.1016/j.dib.2020.106481
tillage-0015,salinas_socs,socs_sys7,2005-10-01T00:00:00Z,2005-11-12T00:00:00Z,tillage,NA,NA,45,cm depth,paper text: post-broccoli fall harvest,implement=subsoiler; relative_timing=after_harvest; relative_to=broccoli,10.1016/j.dib.2020.106481
tillage-0016,salinas_socs,socs_sys8,2005-10-01T00:00:00Z,2005-11-12T00:00:00Z,tillage,NA,NA,45,cm depth,paper text: post-broccoli fall harvest,implement=subsoiler; relative_timing=after_harvest; relative_to=broccoli,10.1016/j.dib.2020.106481
planting-0023,salinas_socs,socs_sys3,2005-10-01T00:00:00Z,2005-11-12T00:00:00Z,planting,TRUE,legume-rye,NA,NA,paper text: fall planting,seeding_rate_relative=1x_conventional,10.1016/j.dib.2020.106481
planting-0024,salinas_socs,socs_sys4,2005-10-01T00:00:00Z,2005-11-12T00:00:00Z,planting,TRUE,legume-rye,NA,NA,paper text: fall planting,seeding_rate_relative=3x_conventional,10.1016/j.dib.2020.106481
planting-0025,salinas_socs,socs_sys5,2005-10-01T00:00:00Z,2005-11-12T00:00:00Z,planting,TRUE,mustard,NA,NA,paper text: fall planting,NA,10.1016/j.dib.2020.106481
planting-0026,salinas_socs,socs_sys6,2005-10-01T00:00:00Z,2005-11-12T00:00:00Z,planting,TRUE,mustard,NA,NA,paper text: fall planting,seeding_rate_relative=3x_conventional,10.1016/j.dib.2020.106481
planting-0027,salinas_socs,socs_sys7,2005-10-01T00:00:00Z,2005-11-12T00:00:00Z,planting,TRUE,rye,NA,NA,paper text: fall planting,NA,10.1016/j.dib.2020.106481
planting-0028,salinas_socs,socs_sys8,2005-10-01T00:00:00Z,2005-11-12T00:00:00Z,planting,TRUE,rye,NA,NA,paper text: fall planting,seeding_rate_relative=3x_conventional,10.1016/j.dib.2020.106481
tillage-0017,salinas_socs,socs_sys1,2006-02-01T00:00:00Z,2006-03-15T00:00:00Z,tillage,NA,NA,NA,NA,paper text: late winter cover crop incorporation,implement=spader,10.1016/j.dib.2020.106481
tillage-0018,salinas_socs,socs_sys2,2006-02-01T00:00:00Z,2006-03-15T00:00:00Z,tillage,NA,NA,NA,NA,paper text: late winter cover crop incorporation,implement=spader,10.1016/j.dib.2020.106481
tillage-0019,salinas_socs,socs_sys3,2006-02-01T00:00:00Z,2006-03-15T00:00:00Z,tillage,NA,NA,NA,NA,paper text: late winter cover crop incorporation,implement=spader,10.1016/j.dib.2020.106481
tillage-0020,salinas_socs,socs_sys4,2006-02-01T00:00:00Z,2006-03-15T00:00:00Z,tillage,NA,NA,NA,NA,paper text: late winter cover crop incorporation,implement=spader,10.1016/j.dib.2020.106481
tillage-0021,salinas_socs,socs_sys5,2006-02-01T00:00:00Z,2006-03-15T00:00:00Z,tillage,NA,NA,NA,NA,paper text: late winter cover crop incorporation,implement=spader,10.1016/j.dib.2020.106481
tillage-0022,salinas_socs,socs_sys6,2006-02-01T00:00:00Z,2006-03-15T00:00:00Z,tillage,NA,NA,NA,NA,paper text: late winter cover crop incorporation,implement=spader,10.1016/j.dib.2020.106481
tillage-0023,salinas_socs,socs_sys7,2006-02-01T00:00:00Z,2006-03-15T00:00:00Z,tillage,NA,NA,NA,NA,paper text: late winter cover crop incorporation,implement=spader,10.1016/j.dib.2020.106481
tillage-0024,salinas_socs,socs_sys8,2006-02-01T00:00:00Z,2006-03-15T00:00:00Z,tillage,NA,NA,NA,NA,paper text: late winter cover crop incorporation,implement=spader,10.1016/j.dib.2020.106481
fertilization-0015,salinas_socs,socs_sys2,2006-04-01T00:00:00Z,2006-06-01T00:00:00Z,fertilization,NA,NA,7.6,Mg ha-1 (oven-dry),paper text: before lettuce planting,material=composted_green_waste; N_content_g_kg=15; season=spring; relative_timing=before_planting; relative_to=romaine_lettuce,10.1016/j.dib.2020.106481
fertilization-0016,salinas_socs,socs_sys3,2006-04-01T00:00:00Z,2006-06-01T00:00:00Z,fertilization,NA,NA,7.6,Mg ha-1 (oven-dry),paper text: before lettuce planting,material=composted_green_waste; N_content_g_kg=15; season=spring; relative_timing=before_planting; relative_to=romaine_lettuce,10.1016/j.dib.2020.106481
fertilization-0017,salinas_socs,socs_sys4,2006-04-01T00:00:00Z,2006-06-01T00:00:00Z,fertilization,NA,NA,7.6,Mg ha-1 (oven-dry),paper text: before lettuce planting,material=composted_green_waste; N_content_g_kg=15; season=spring; relative_timing=before_planting; relative_to=romaine_lettuce,10.1016/j.dib.2020.106481
fertilization-0018,salinas_socs,socs_sys5,2006-04-01T00:00:00Z,2006-06-01T00:00:00Z,fertilization,NA,NA,7.6,Mg ha-1 (oven-dry),paper text: before lettuce planting,material=composted_green_waste; N_content_g_kg=15; season=spring; relative_timing=before_planting; relative_to=romaine_lettuce,10.1016/j.dib.2020.106481
fertilization-0019,salinas_socs,socs_sys6,2006-04-01T00:00:00Z,2006-06-01T00:00:00Z,fertilization,NA,NA,7.6,Mg ha-1 (oven-dry),paper text: before lettuce planting,material=composted_green_waste; N_content_g_kg=15; season=spring; relative_timing=before_planting; relative_to=romaine_lettuce,10.1016/j.dib.2020.106481
fertilization-0020,salinas_socs,socs_sys7,2006-04-01T00:00:00Z,2006-06-01T00:00:00Z,fertilization,NA,NA,7.6,Mg ha-1 (oven-dry),paper text: before lettuce planting,material=composted_green_waste; N_content_g_kg=15; season=spring; relative_timing=before_planting; relative_to=romaine_lettuce,10.1016/j.dib.2020.106481
fertilization-0021,salinas_socs,socs_sys8,2006-04-01T00:00:00Z,2006-06-01T00:00:00Z,fertilization,NA,NA,7.6,Mg ha-1 (oven-dry),paper text: before lettuce planting,material=composted_green_waste; N_content_g_kg=15; season=spring; relative_timing=before_planting; relative_to=romaine_lettuce,10.1016/j.dib.2020.106481
planting-0029,salinas_socs,socs_sys1,2006-05-01T00:00:00Z,2006-06-15T00:00:00Z,planting,FALSE,NA,NA,NA,paper text: spring planting (Salinas Valley spring crop),crop=romaine_lettuce; transplant=yes,10.1016/j.dib.2020.106481
planting-0030,salinas_socs,socs_sys2,2006-05-01T00:00:00Z,2006-06-15T00:00:00Z,planting,FALSE,NA,NA,NA,paper text: spring planting (Salinas Valley spring crop),crop=romaine_lettuce; transplant=yes,10.1016/j.dib.2020.106481
planting-0031,salinas_socs,socs_sys3,2006-05-01T00:00:00Z,2006-06-15T00:00:00Z,planting,FALSE,NA,NA,NA,paper text: spring planting (Salinas Valley spring crop),crop=romaine_lettuce; transplant=yes,10.1016/j.dib.2020.106481
planting-0032,salinas_socs,socs_sys4,2006-05-01T00:00:00Z,2006-06-15T00:00:00Z,planting,FALSE,NA,NA,NA,paper text: spring planting (Salinas Valley spring crop),crop=romaine_lettuce; transplant=yes,10.1016/j.dib.2020.106481
planting-0033,salinas_socs,socs_sys5,2006-05-01T00:00:00Z,2006-06-15T00:00:00Z,planting,FALSE,NA,NA,NA,paper text: spring planting (Salinas Valley spring crop),crop=romaine_lettuce; transplant=yes,10.1016/j.dib.2020.106481
planting-0034,salinas_socs,socs_sys6,2006-05-01T00:00:00Z,2006-06-15T00:00:00Z,planting,FALSE,NA,NA,NA,paper text: spring planting (Salinas Valley spring crop),crop=romaine_lettuce; transplant=yes,10.1016/j.dib.2020.106481
planting-0035,salinas_socs,socs_sys7,2006-05-01T00:00:00Z,2006-06-15T00:00:00Z,planting,FALSE,NA,NA,NA,paper text: spring planting (Salinas Valley spring crop),crop=romaine_lettuce; transplant=yes,10.1016/j.dib.2020.106481
planting-0036,salinas_socs,socs_sys8,2006-05-01T00:00:00Z,2006-06-15T00:00:00Z,planting,FALSE,NA,NA,NA,paper text: spring planting (Salinas Valley spring crop),crop=romaine_lettuce; transplant=yes,10.1016/j.dib.2020.106481
harvest-0017,salinas_socs,socs_sys1,2006-06-15T00:00:00Z,2006-08-01T00:00:00Z,harvest,NA,NA,NA,NA,paper text: summer harvest (Salinas Valley spring crop),crop=romaine_lettuce; harvested_component=head; stover_left=yes,10.1016/j.dib.2020.106481
harvest-0018,salinas_socs,socs_sys2,2006-06-15T00:00:00Z,2006-08-01T00:00:00Z,harvest,NA,NA,NA,NA,paper text: summer harvest (Salinas Valley spring crop),crop=romaine_lettuce; harvested_component=head; stover_left=yes,10.1016/j.dib.2020.106481
harvest-0019,salinas_socs,socs_sys3,2006-06-15T00:00:00Z,2006-08-01T00:00:00Z,harvest,NA,NA,NA,NA,paper text: summer harvest (Salinas Valley spring crop),crop=romaine_lettuce; harvested_component=head; stover_left=yes,10.1016/j.dib.2020.106481
harvest-0020,salinas_socs,socs_sys4,2006-06-15T00:00:00Z,2006-08-01T00:00:00Z,harvest,NA,NA,NA,NA,paper text: summer harvest (Salinas Valley spring crop),crop=romaine_lettuce; harvested_component=head; stover_left=yes,10.1016/j.dib.2020.106481
harvest-0021,salinas_socs,socs_sys5,2006-06-15T00:00:00Z,2006-08-01T00:00:00Z,harvest,NA,NA,NA,NA,paper text: summer harvest (Salinas Valley spring crop),crop=romaine_lettuce; harvested_component=head; stover_left=yes,10.1016/j.dib.2020.106481
harvest-0022,salinas_socs,socs_sys6,2006-06-15T00:00:00Z,2006-08-01T00:00:00Z,harvest,NA,NA,NA,NA,paper text: summer harvest (Salinas Valley spring crop),crop=romaine_lettuce; harvested_component=head; stover_left=yes,10.1016/j.dib.2020.106481
harvest-0023,salinas_socs,socs_sys7,2006-06-15T00:00:00Z,2006-08-01T00:00:00Z,harvest,NA,NA,NA,NA,paper text: summer harvest (Salinas Valley spring crop),crop=romaine_lettuce; harvested_component=head; stover_left=yes,10.1016/j.dib.2020.106481
harvest-0024,salinas_socs,socs_sys8,2006-06-15T00:00:00Z,2006-08-01T00:00:00Z,harvest,NA,NA,NA,NA,paper text: summer harvest (Salinas Valley spring crop),crop=romaine_lettuce; harvested_component=head; stover_left=yes,10.1016/j.dib.2020.106481
fertilization-0022,salinas_socs,socs_sys2,2006-08-01T00:00:00Z,2006-10-01T00:00:00Z,fertilization,NA,NA,7.6,Mg ha-1 (oven-dry),paper text: before broccoli planting,material=composted_green_waste; N_content_g_kg=15; season=fall; relative_timing=before_planting; relative_to=broccoli,10.1016/j.dib.2020.106481
fertilization-0023,salinas_socs,socs_sys3,2006-08-01T00:00:00Z,2006-10-01T00:00:00Z,fertilization,NA,NA,7.6,Mg ha-1 (oven-dry),paper text: before broccoli planting,material=composted_green_waste; N_content_g_kg=15; season=fall; relative_timing=before_planting; relative_to=broccoli,10.1016/j.dib.2020.106481
fertilization-0024,salinas_socs,socs_sys4,2006-08-01T00:00:00Z,2006-10-01T00:00:00Z,fertilization,NA,NA,7.6,Mg ha-1 (oven-dry),paper text: before broccoli planting,material=composted_green_waste; N_content_g_kg=15; season=fall; relative_timing=before_planting; relative_to=broccoli,10.1016/j.dib.2020.106481
fertilization-0025,salinas_socs,socs_sys5,2006-08-01T00:00:00Z,2006-10-01T00:00:00Z,fertilization,NA,NA,7.6,Mg ha-1 (oven-dry),paper text: before broccoli planting,material=composted_green_waste; N_content_g_kg=15; season=fall; relative_timing=before_planting; relative_to=broccoli,10.1016/j.dib.2020.106481
fertilization-0026,salinas_socs,socs_sys6,2006-08-01T00:00:00Z,2006-10-01T00:00:00Z,fertilization,NA,NA,7.6,Mg ha-1 (oven-dry),paper text: before broccoli planting,material=composted_green_waste; N_content_g_kg=15; season=fall; relative_timing=before_planting; relative_to=broccoli,10.1016/j.dib.2020.106481
fertilization-0027,salinas_socs,socs_sys7,2006-08-01T00:00:00Z,2006-10-01T00:00:00Z,fertilization,NA,NA,7.6,Mg ha-1 (oven-dry),paper text: before broccoli planting,material=composted_green_waste; N_content_g_kg=15; season=fall; relative_timing=before_planting; relative_to=broccoli,10.1016/j.dib.2020.106481
fertilization-0028,salinas_socs,socs_sys8,2006-08-01T00:00:00Z,2006-10-01T00:00:00Z,fertilization,NA,NA,7.6,Mg ha-1 (oven-dry),paper text: before broccoli planting,material=composted_green_waste; N_content_g_kg=15; season=fall; relative_timing=before_planting; relative_to=broccoli,10.1016/j.dib.2020.106481
planting-0037,salinas_socs,socs_sys1,2006-07-15T00:00:00Z,2006-09-01T00:00:00Z,planting,FALSE,NA,NA,NA,paper text: summer-fall harvest (Salinas Valley),crop=broccoli; transplant=yes,10.1016/j.dib.2020.106481
planting-0038,salinas_socs,socs_sys2,2006-07-15T00:00:00Z,2006-09-01T00:00:00Z,planting,FALSE,NA,NA,NA,paper text: summer-fall harvest (Salinas Valley),crop=broccoli; transplant=yes,10.1016/j.dib.2020.106481
planting-0039,salinas_socs,socs_sys3,2006-07-15T00:00:00Z,2006-09-01T00:00:00Z,planting,FALSE,NA,NA,NA,paper text: summer-fall harvest (Salinas Valley),crop=broccoli; transplant=yes,10.1016/j.dib.2020.106481
planting-0040,salinas_socs,socs_sys4,2006-07-15T00:00:00Z,2006-09-01T00:00:00Z,planting,FALSE,NA,NA,NA,paper text: summer-fall harvest (Salinas Valley),crop=broccoli; transplant=yes,10.1016/j.dib.2020.106481
planting-0041,salinas_socs,socs_sys5,2006-07-15T00:00:00Z,2006-09-01T00:00:00Z,planting,FALSE,NA,NA,NA,paper text: summer-fall harvest (Salinas Valley),crop=broccoli; transplant=yes,10.1016/j.dib.2020.106481
planting-0042,salinas_socs,socs_sys6,2006-07-15T00:00:00Z,2006-09-01T00:00:00Z,planting,FALSE,NA,NA,NA,paper text: summer-fall harvest (Salinas Valley),crop=broccoli; transplant=yes,10.1016/j.dib.2020.106481
planting-0043,salinas_socs,socs_sys7,2006-07-15T00:00:00Z,2006-09-01T00:00:00Z,planting,FALSE,NA,NA,NA,paper text: summer-fall harvest (Salinas Valley),crop=broccoli; transplant=yes,10.1016/j.dib.2020.106481
planting-0044,salinas_socs,socs_sys8,2006-07-15T00:00:00Z,2006-09-01T00:00:00Z,planting,FALSE,NA,NA,NA,paper text: summer-fall harvest (Salinas Valley),crop=broccoli; transplant=yes,10.1016/j.dib.2020.106481
harvest-0025,salinas_socs,socs_sys1,2006-09-01T00:00:00Z,2006-11-01T00:00:00Z,harvest,NA,NA,NA,NA,paper text: fall planting (Salinas Valley fall crop),crop=broccoli; harvested_component=floret; stover_left=yes,10.1016/j.dib.2020.106481
harvest-0026,salinas_socs,socs_sys2,2006-09-01T00:00:00Z,2006-11-01T00:00:00Z,harvest,NA,NA,NA,NA,paper text: fall planting (Salinas Valley fall crop),crop=broccoli; harvested_component=floret; stover_left=yes,10.1016/j.dib.2020.106481
harvest-0027,salinas_socs,socs_sys3,2006-09-01T00:00:00Z,2006-11-01T00:00:00Z,harvest,NA,NA,NA,NA,paper text: fall planting (Salinas Valley fall crop),crop=broccoli; harvested_component=floret; stover_left=yes,10.1016/j.dib.2020.106481
harvest-0028,salinas_socs,socs_sys4,2006-09-01T00:00:00Z,2006-11-01T00:00:00Z,harvest,NA,NA,NA,NA,paper text: fall planting (Salinas Valley fall crop),crop=broccoli; harvested_component=floret; stover_left=yes,10.1016/j.dib.2020.106481
harvest-0029,salinas_socs,socs_sys5,2006-09-01T00:00:00Z,2006-11-01T00:00:00Z,harvest,NA,NA,NA,NA,paper text: fall planting (Salinas Valley fall crop),crop=broccoli; harvested_component=floret; stover_left=yes,10.1016/j.dib.2020.106481
harvest-0030,salinas_socs,socs_sys6,2006-09-01T00:00:00Z,2006-11-01T00:00:00Z,harvest,NA,NA,NA,NA,paper text: fall planting (Salinas Valley fall crop),crop=broccoli; harvested_component=floret; stover_left=yes,10.1016/j.dib.2020.106481
harvest-0031,salinas_socs,socs_sys7,2006-09-01T00:00:00Z,2006-11-01T00:00:00Z,harvest,NA,NA,NA,NA,paper text: fall planting (Salinas Valley fall crop),crop=broccoli; harvested_component=floret; stover_left=yes,10.1016/j.dib.2020.106481
harvest-0032,salinas_socs,socs_sys8,2006-09-01T00:00:00Z,2006-11-01T00:00:00Z,harvest,NA,NA,NA,NA,paper text: fall planting (Salinas Valley fall crop),crop=broccoli; harvested_component=floret; stover_left=yes,10.1016/j.dib.2020.106481
tillage-0025,salinas_socs,socs_sys1,2006-10-01T00:00:00Z,2006-11-12T00:00:00Z,tillage,NA,NA,45,cm depth,paper text: post-broccoli fall harvest,implement=subsoiler; relative_timing=after_harvest; relative_to=broccoli,10.1016/j.dib.2020.106481
tillage-0026,salinas_socs,socs_sys2,2006-10-01T00:00:00Z,2006-11-12T00:00:00Z,tillage,NA,NA,45,cm depth,paper text: post-broccoli fall harvest,implement=subsoiler; relative_timing=after_harvest; relative_to=broccoli,10.1016/j.dib.2020.106481
tillage-0027,salinas_socs,socs_sys3,2006-10-01T00:00:00Z,2006-11-12T00:00:00Z,tillage,NA,NA,45,cm depth,paper text: post-broccoli fall harvest,implement=subsoiler; relative_timing=after_harvest; relative_to=broccoli,10.1016/j.dib.2020.106481
tillage-0028,salinas_socs,socs_sys4,2006-10-01T00:00:00Z,2006-11-12T00:00:00Z,tillage,NA,NA,45,cm depth,paper text: post-broccoli fall harvest,implement=subsoiler; relative_timing=after_harvest; relative_to=broccoli,10.1016/j.dib.2020.106481
tillage-0029,salinas_socs,socs_sys5,2006-10-01T00:00:00Z,2006-11-12T00:00:00Z,tillage,NA,NA,45,cm depth,paper text: post-broccoli fall harvest,implement=subsoiler; relative_timing=after_harvest; relative_to=broccoli,10.1016/j.dib.2020.106481
tillage-0030,salinas_socs,socs_sys6,2006-10-01T00:00:00Z,2006-11-12T00:00:00Z,tillage,NA,NA,45,cm depth,paper text: post-broccoli fall harvest,implement=subsoiler; relative_timing=after_harvest; relative_to=broccoli,10.1016/j.dib.2020.106481
tillage-0031,salinas_socs,socs_sys7,2006-10-01T00:00:00Z,2006-11-12T00:00:00Z,tillage,NA,NA,45,cm depth,paper text: post-broccoli fall harvest,implement=subsoiler; relative_timing=after_harvest; relative_to=broccoli,10.1016/j.dib.2020.106481
tillage-0032,salinas_socs,socs_sys8,2006-10-01T00:00:00Z,2006-11-12T00:00:00Z,tillage,NA,NA,45,cm depth,paper text: post-broccoli fall harvest,implement=subsoiler; relative_timing=after_harvest; relative_to=broccoli,10.1016/j.dib.2020.106481
planting-0045,salinas_socs,socs_sys3,2006-10-01T00:00:00Z,2006-11-12T00:00:00Z,planting,TRUE,legume-rye,NA,NA,paper text: fall planting,seeding_rate_relative=1x_conventional,10.1016/j.dib.2020.106481
planting-0046,salinas_socs,socs_sys4,2006-10-01T00:00:00Z,2006-11-12T00:00:00Z,planting,TRUE,legume-rye,NA,NA,paper text: fall planting,seeding_rate_relative=3x_conventional,10.1016/j.dib.2020.106481
planting-0047,salinas_socs,socs_sys5,2006-10-01T00:00:00Z,2006-11-12T00:00:00Z,planting,TRUE,mustard,NA,NA,paper text: fall planting,NA,10.1016/j.dib.2020.106481
planting-0048,salinas_socs,socs_sys6,2006-10-01T00:00:00Z,2006-11-12T00:00:00Z,planting,TRUE,mustard,NA,NA,paper text: fall planting,seeding_rate_relative=3x_conventional,10.1016/j.dib.2020.106481
planting-0049,salinas_socs,socs_sys7,2006-10-01T00:00:00Z,2006-11-12T00:00:00Z,planting,TRUE,rye,NA,NA,paper text: fall planting,NA,10.1016/j.dib.2020.106481
planting-0050,salinas_socs,socs_sys8,2006-10-01T00:00:00Z,2006-11-12T00:00:00Z,planting,TRUE,rye,NA,NA,paper text: fall planting,seeding_rate_relative=3x_conventional,10.1016/j.dib.2020.106481
planting-0051,salinas_socs,socs_sys1,2006-10-01T00:00:00Z,2006-11-12T00:00:00Z,planting,TRUE,legume-rye,NA,NA,paper text: fall planting,NA,10.1016/j.dib.2020.106481
planting-0052,salinas_socs,socs_sys2,2006-10-01T00:00:00Z,2006-11-12T00:00:00Z,planting,TRUE,legume-rye,NA,NA,paper text: fall planting,NA,10.1016/j.dib.2020.106481
tillage-0033,salinas_socs,socs_sys1,2007-02-01T00:00:00Z,2007-03-15T00:00:00Z,tillage,NA,NA,NA,NA,paper text: late winter cover crop incorporation,implement=spader,10.1016/j.dib.2020.106481
tillage-0034,salinas_socs,socs_sys2,2007-02-01T00:00:00Z,2007-03-15T00:00:00Z,tillage,NA,NA,NA,NA,paper text: late winter cover crop incorporation,implement=spader,10.1016/j.dib.2020.106481
tillage-0035,salinas_socs,socs_sys3,2007-02-01T00:00:00Z,2007-03-15T00:00:00Z,tillage,NA,NA,NA,NA,paper text: late winter cover crop incorporation,implement=spader,10.1016/j.dib.2020.106481
tillage-0036,salinas_socs,socs_sys4,2007-02-01T00:00:00Z,2007-03-15T00:00:00Z,tillage,NA,NA,NA,NA,paper text: late winter cover crop incorporation,implement=spader,10.1016/j.dib.2020.106481
tillage-0037,salinas_socs,socs_sys5,2007-02-01T00:00:00Z,2007-03-15T00:00:00Z,tillage,NA,NA,NA,NA,paper text: late winter cover crop incorporation,implement=spader,10.1016/j.dib.2020.106481
tillage-0038,salinas_socs,socs_sys6,2007-02-01T00:00:00Z,2007-03-15T00:00:00Z,tillage,NA,NA,NA,NA,paper text: late winter cover crop incorporation,implement=spader,10.1016/j.dib.2020.106481
tillage-0039,salinas_socs,socs_sys7,2007-02-01T00:00:00Z,2007-03-15T00:00:00Z,tillage,NA,NA,NA,NA,paper text: late winter cover crop incorporation,implement=spader,10.1016/j.dib.2020.106481
tillage-0040,salinas_socs,socs_sys8,2007-02-01T00:00:00Z,2007-03-15T00:00:00Z,tillage,NA,NA,NA,NA,paper text: late winter cover crop incorporation,implement=spader,10.1016/j.dib.2020.106481
fertilization-0029,salinas_socs,socs_sys2,2007-04-01T00:00:00Z,2007-06-01T00:00:00Z,fertilization,NA,NA,7.6,Mg ha-1 (oven-dry),paper text: before lettuce planting,material=composted_green_waste; N_content_g_kg=15; season=spring; relative_timing=before_planting; relative_to=romaine_lettuce,10.1016/j.dib.2020.106481
fertilization-0030,salinas_socs,socs_sys3,2007-04-01T00:00:00Z,2007-06-01T00:00:00Z,fertilization,NA,NA,7.6,Mg ha-1 (oven-dry),paper text: before lettuce planting,material=composted_green_waste; N_content_g_kg=15; season=spring; relative_timing=before_planting; relative_to=romaine_lettuce,10.1016/j.dib.2020.106481
fertilization-0031,salinas_socs,socs_sys4,2007-04-01T00:00:00Z,2007-06-01T00:00:00Z,fertilization,NA,NA,7.6,Mg ha-1 (oven-dry),paper text: before lettuce planting,material=composted_green_waste; N_content_g_kg=15; season=spring; relative_timing=before_planting; relative_to=romaine_lettuce,10.1016/j.dib.2020.106481
fertilization-0032,salinas_socs,socs_sys5,2007-04-01T00:00:00Z,2007-06-01T00:00:00Z,fertilization,NA,NA,7.6,Mg ha-1 (oven-dry),paper text: before lettuce planting,material=composted_green_waste; N_content_g_kg=15; season=spring; relative_timing=before_planting; relative_to=romaine_lettuce,10.1016/j.dib.2020.106481
fertilization-0033,salinas_socs,socs_sys6,2007-04-01T00:00:00Z,2007-06-01T00:00:00Z,fertilization,NA,NA,7.6,Mg ha-1 (oven-dry),paper text: before lettuce planting,material=composted_green_waste; N_content_g_kg=15; season=spring; relative_timing=before_planting; relative_to=romaine_lettuce,10.1016/j.dib.2020.106481
fertilization-0034,salinas_socs,socs_sys7,2007-04-01T00:00:00Z,2007-06-01T00:00:00Z,fertilization,NA,NA,7.6,Mg ha-1 (oven-dry),paper text: before lettuce planting,material=composted_green_waste; N_content_g_kg=15; season=spring; relative_timing=before_planting; relative_to=romaine_lettuce,10.1016/j.dib.2020.106481
fertilization-0035,salinas_socs,socs_sys8,2007-04-01T00:00:00Z,2007-06-01T00:00:00Z,fertilization,NA,NA,7.6,Mg ha-1 (oven-dry),paper text: before lettuce planting,material=composted_green_waste; N_content_g_kg=15; season=spring; relative_timing=before_planting; relative_to=romaine_lettuce,10.1016/j.dib.2020.106481
planting-0053,salinas_socs,socs_sys1,2007-05-01T00:00:00Z,2007-06-15T00:00:00Z,planting,FALSE,NA,NA,NA,paper text: spring planting (Salinas Valley spring crop),crop=romaine_lettuce; transplant=yes,10.1016/j.dib.2020.106481
planting-0054,salinas_socs,socs_sys2,2007-05-01T00:00:00Z,2007-06-15T00:00:00Z,planting,FALSE,NA,NA,NA,paper text: spring planting (Salinas Valley spring crop),crop=romaine_lettuce; transplant=yes,10.1016/j.dib.2020.106481
planting-0055,salinas_socs,socs_sys3,2007-05-01T00:00:00Z,2007-06-15T00:00:00Z,planting,FALSE,NA,NA,NA,paper text: spring planting (Salinas Valley spring crop),crop=romaine_lettuce; transplant=yes,10.1016/j.dib.2020.106481
planting-0056,salinas_socs,socs_sys4,2007-05-01T00:00:00Z,2007-06-15T00:00:00Z,planting,FALSE,NA,NA,NA,paper text: spring planting (Salinas Valley spring crop),crop=romaine_lettuce; transplant=yes,10.1016/j.dib.2020.106481
planting-0057,salinas_socs,socs_sys5,2007-05-01T00:00:00Z,2007-06-15T00:00:00Z,planting,FALSE,NA,NA,NA,paper text: spring planting (Salinas Valley spring crop),crop=romaine_lettuce; transplant=yes,10.1016/j.dib.2020.106481
planting-0058,salinas_socs,socs_sys6,2007-05-01T00:00:00Z,2007-06-15T00:00:00Z,planting,FALSE,NA,NA,NA,paper text: spring planting (Salinas Valley spring crop),crop=romaine_lettuce; transplant=yes,10.1016/j.dib.2020.106481
planting-0059,salinas_socs,socs_sys7,2007-05-01T00:00:00Z,2007-06-15T00:00:00Z,planting,FALSE,NA,NA,NA,paper text: spring planting (Salinas Valley spring crop),crop=romaine_lettuce; transplant=yes,10.1016/j.dib.2020.106481
planting-0060,salinas_socs,socs_sys8,2007-05-01T00:00:00Z,2007-06-15T00:00:00Z,planting,FALSE,NA,NA,NA,paper text: spring planting (Salinas Valley spring crop),crop=romaine_lettuce; transplant=yes,10.1016/j.dib.2020.106481
harvest-0033,salinas_socs,socs_sys1,2007-06-15T00:00:00Z,2007-08-01T00:00:00Z,harvest,NA,NA,NA,NA,paper text: summer harvest (Salinas Valley spring crop),crop=romaine_lettuce; harvested_component=head; stover_left=yes,10.1016/j.dib.2020.106481
harvest-0034,salinas_socs,socs_sys2,2007-06-15T00:00:00Z,2007-08-01T00:00:00Z,harvest,NA,NA,NA,NA,paper text: summer harvest (Salinas Valley spring crop),crop=romaine_lettuce; harvested_component=head; stover_left=yes,10.1016/j.dib.2020.106481
harvest-0035,salinas_socs,socs_sys3,2007-06-15T00:00:00Z,2007-08-01T00:00:00Z,harvest,NA,NA,NA,NA,paper text: summer harvest (Salinas Valley spring crop),crop=romaine_lettuce; harvested_component=head; stover_left=yes,10.1016/j.dib.2020.106481
harvest-0036,salinas_socs,socs_sys4,2007-06-15T00:00:00Z,2007-08-01T00:00:00Z,harvest,NA,NA,NA,NA,paper text: summer harvest (Salinas Valley spring crop),crop=romaine_lettuce; harvested_component=head; stover_left=yes,10.1016/j.dib.2020.106481
harvest-0037,salinas_socs,socs_sys5,2007-06-15T00:00:00Z,2007-08-01T00:00:00Z,harvest,NA,NA,NA,NA,paper text: summer harvest (Salinas Valley spring crop),crop=romaine_lettuce; harvested_component=head; stover_left=yes,10.1016/j.dib.2020.106481
harvest-0038,salinas_socs,socs_sys6,2007-06-15T00:00:00Z,2007-08-01T00:00:00Z,harvest,NA,NA,NA,NA,paper text: summer harvest (Salinas Valley spring crop),crop=romaine_lettuce; harvested_component=head; stover_left=yes,10.1016/j.dib.2020.106481
harvest-0039,salinas_socs,socs_sys7,2007-06-15T00:00:00Z,2007-08-01T00:00:00Z,harvest,NA,NA,NA,NA,paper text: summer harvest (Salinas Valley spring crop),crop=romaine_lettuce; harvested_component=head; stover_left=yes,10.1016/j.dib.2020.106481
harvest-0040,salinas_socs,socs_sys8,2007-06-15T00:00:00Z,2007-08-01T00:00:00Z,harvest,NA,NA,NA,NA,paper text: summer harvest (Salinas Valley spring crop),crop=romaine_lettuce; harvested_component=head; stover_left=yes,10.1016/j.dib.2020.106481
fertilization-0036,salinas_socs,socs_sys2,2007-08-01T00:00:00Z,2007-10-01T00:00:00Z,fertilization,NA,NA,7.6,Mg ha-1 (oven-dry),paper text: before broccoli planting,material=composted_green_waste; N_content_g_kg=15; season=fall; relative_timing=before_planting; relative_to=broccoli,10.1016/j.dib.2020.106481
fertilization-0037,salinas_socs,socs_sys3,2007-08-01T00:00:00Z,2007-10-01T00:00:00Z,fertilization,NA,NA,7.6,Mg ha-1 (oven-dry),paper text: before broccoli planting,material=composted_green_waste; N_content_g_kg=15; season=fall; relative_timing=before_planting; relative_to=broccoli,10.1016/j.dib.2020.106481
fertilization-0038,salinas_socs,socs_sys4,2007-08-01T00:00:00Z,2007-10-01T00:00:00Z,fertilization,NA,NA,7.6,Mg ha-1 (oven-dry),paper text: before broccoli planting,material=composted_green_waste; N_content_g_kg=15; season=fall; relative_timing=before_planting; relative_to=broccoli,10.1016/j.dib.2020.106481
fertilization-0039,salinas_socs,socs_sys5,2007-08-01T00:00:00Z,2007-10-01T00:00:00Z,fertilization,NA,NA,7.6,Mg ha-1 (oven-dry),paper text: before broccoli planting,material=composted_green_waste; N_content_g_kg=15; season=fall; relative_timing=before_planting; relative_to=broccoli,10.1016/j.dib.2020.106481
fertilization-0040,salinas_socs,socs_sys6,2007-08-01T00:00:00Z,2007-10-01T00:00:00Z,fertilization,NA,NA,7.6,Mg ha-1 (oven-dry),paper text: before broccoli planting,material=composted_green_waste; N_content_g_kg=15; season=fall; relative_timing=before_planting; relative_to=broccoli,10.1016/j.dib.2020.106481
fertilization-0041,salinas_socs,socs_sys7,2007-08-01T00:00:00Z,2007-10-01T00:00:00Z,fertilization,NA,NA,7.6,Mg ha-1 (oven-dry),paper text: before broccoli planting,material=composted_green_waste; N_content_g_kg=15; season=fall; relative_timing=before_planting; relative_to=broccoli,10.1016/j.dib.2020.106481
fertilization-0042,salinas_socs,socs_sys8,2007-08-01T00:00:00Z,2007-10-01T00:00:00Z,fertilization,NA,NA,7.6,Mg ha-1 (oven-dry),paper text: before broccoli planting,material=composted_green_waste; N_content_g_kg=15; season=fall; relative_timing=before_planting; relative_to=broccoli,10.1016/j.dib.2020.106481
planting-0061,salinas_socs,socs_sys1,2007-07-15T00:00:00Z,2007-09-01T00:00:00Z,planting,FALSE,NA,NA,NA,paper text: summer-fall harvest (Salinas Valley),crop=broccoli; transplant=yes,10.1016/j.dib.2020.106481
planting-0062,salinas_socs,socs_sys2,2007-07-15T00:00:00Z,2007-09-01T00:00:00Z,planting,FALSE,NA,NA,NA,paper text: summer-fall harvest (Salinas Valley),crop=broccoli; transplant=yes,10.1016/j.dib.2020.106481
planting-0063,salinas_socs,socs_sys3,2007-07-15T00:00:00Z,2007-09-01T00:00:00Z,planting,FALSE,NA,NA,NA,paper text: summer-fall harvest (Salinas Valley),crop=broccoli; transplant=yes,10.1016/j.dib.2020.106481
planting-0064,salinas_socs,socs_sys4,2007-07-15T00:00:00Z,2007-09-01T00:00:00Z,planting,FALSE,NA,NA,NA,paper text: summer-fall harvest (Salinas Valley),crop=broccoli; transplant=yes,10.1016/j.dib.2020.106481
planting-0065,salinas_socs,socs_sys5,2007-07-15T00:00:00Z,2007-09-01T00:00:00Z,planting,FALSE,NA,NA,NA,paper text: summer-fall harvest (Salinas Valley),crop=broccoli; transplant=yes,10.1016/j.dib.2020.106481
planting-0066,salinas_socs,socs_sys6,2007-07-15T00:00:00Z,2007-09-01T00:00:00Z,planting,FALSE,NA,NA,NA,paper text: summer-fall harvest (Salinas Valley),crop=broccoli; transplant=yes,10.1016/j.dib.2020.106481
planting-0067,salinas_socs,socs_sys7,2007-07-15T00:00:00Z,2007-09-01T00:00:00Z,planting,FALSE,NA,NA,NA,paper text: summer-fall harvest (Salinas Valley),crop=broccoli; transplant=yes,10.1016/j.dib.2020.106481
planting-0068,salinas_socs,socs_sys8,2007-07-15T00:00:00Z,2007-09-01T00:00:00Z,planting,FALSE,NA,NA,NA,paper text: summer-fall harvest (Salinas Valley),crop=broccoli; transplant=yes,10.1016/j.dib.2020.106481
harvest-0041,salinas_socs,socs_sys1,2007-09-01T00:00:00Z,2007-11-01T00:00:00Z,harvest,NA,NA,NA,NA,paper text: fall planting (Salinas Valley fall crop),crop=broccoli; harvested_component=floret; stover_left=yes,10.1016/j.dib.2020.106481
harvest-0042,salinas_socs,socs_sys2,2007-09-01T00:00:00Z,2007-11-01T00:00:00Z,harvest,NA,NA,NA,NA,paper text: fall planting (Salinas Valley fall crop),crop=broccoli; harvested_component=floret; stover_left=yes,10.1016/j.dib.2020.106481
harvest-0043,salinas_socs,socs_sys3,2007-09-01T00:00:00Z,2007-11-01T00:00:00Z,harvest,NA,NA,NA,NA,paper text: fall planting (Salinas Valley fall crop),crop=broccoli; harvested_component=floret; stover_left=yes,10.1016/j.dib.2020.106481
harvest-0044,salinas_socs,socs_sys4,2007-09-01T00:00:00Z,2007-11-01T00:00:00Z,harvest,NA,NA,NA,NA,paper text: fall planting (Salinas Valley fall crop),crop=broccoli; harvested_component=floret; stover_left=yes,10.1016/j.dib.2020.106481
harvest-0045,salinas_socs,socs_sys5,2007-09-01T00:00:00Z,2007-11-01T00:00:00Z,harvest,NA,NA,NA,NA,paper text: fall planting (Salinas Valley fall crop),crop=broccoli; harvested_component=floret; stover_left=yes,10.1016/j.dib.2020.106481
harvest-0046,salinas_socs,socs_sys6,2007-09-01T00:00:00Z,2007-11-01T00:00:00Z,harvest,NA,NA,NA,NA,paper text: fall planting (Salinas Valley fall crop),crop=broccoli; harvested_component=floret; stover_left=yes,10.1016/j.dib.2020.106481
harvest-0047,salinas_socs,socs_sys7,2007-09-01T00:00:00Z,2007-11-01T00:00:00Z,harvest,NA,NA,NA,NA,paper text: fall planting (Salinas Valley fall crop),crop=broccoli; harvested_component=floret; stover_left=yes,10.1016/j.dib.2020.106481
harvest-0048,salinas_socs,socs_sys8,2007-09-01T00:00:00Z,2007-11-01T00:00:00Z,harvest,NA,NA,NA,NA,paper text: fall planting (Salinas Valley fall crop),crop=broccoli; harvested_component=floret; stover_left=yes,10.1016/j.dib.2020.106481
tillage-0041,salinas_socs,socs_sys1,2007-10-01T00:00:00Z,2007-11-12T00:00:00Z,tillage,NA,NA,45,cm depth,paper text: post-broccoli fall harvest,implement=subsoiler; relative_timing=after_harvest; relative_to=broccoli,10.1016/j.dib.2020.106481
tillage-0042,salinas_socs,socs_sys2,2007-10-01T00:00:00Z,2007-11-12T00:00:00Z,tillage,NA,NA,45,cm depth,paper text: post-broccoli fall harvest,implement=subsoiler; relative_timing=after_harvest; relative_to=broccoli,10.1016/j.dib.2020.106481
tillage-0043,salinas_socs,socs_sys3,2007-10-01T00:00:00Z,2007-11-12T00:00:00Z,tillage,NA,NA,45,cm depth,paper text: post-broccoli fall harvest,implement=subsoiler; relative_timing=after_harvest; relative_to=broccoli,10.1016/j.dib.2020.106481
tillage-0044,salinas_socs,socs_sys4,2007-10-01T00:00:00Z,2007-11-12T00:00:00Z,tillage,NA,NA,45,cm depth,paper text: post-broccoli fall harvest,implement=subsoiler; relative_timing=after_harvest; relative_to=broccoli,10.1016/j.dib.2020.106481
tillage-0045,salinas_socs,socs_sys5,2007-10-01T00:00:00Z,2007-11-12T00:00:00Z,tillage,NA,NA,45,cm depth,paper text: post-broccoli fall harvest,implement=subsoiler; relative_timing=after_harvest; relative_to=broccoli,10.1016/j.dib.2020.106481
tillage-0046,salinas_socs,socs_sys6,2007-10-01T00:00:00Z,2007-11-12T00:00:00Z,tillage,NA,NA,45,cm depth,paper text: post-broccoli fall harvest,implement=subsoiler; relative_timing=after_harvest; relative_to=broccoli,10.1016/j.dib.2020.106481
tillage-0047,salinas_socs,socs_sys7,2007-10-01T00:00:00Z,2007-11-12T00:00:00Z,tillage,NA,NA,45,cm depth,paper text: post-broccoli fall harvest,implement=subsoiler; relative_timing=after_harvest; relative_to=broccoli,10.1016/j.dib.2020.106481
tillage-0048,salinas_socs,socs_sys8,2007-10-01T00:00:00Z,2007-11-12T00:00:00Z,tillage,NA,NA,45,cm depth,paper text: post-broccoli fall harvest,implement=subsoiler; relative_timing=after_harvest; relative_to=broccoli,10.1016/j.dib.2020.106481
planting-0069,salinas_socs,socs_sys3,2007-10-01T00:00:00Z,2007-11-12T00:00:00Z,planting,TRUE,legume-rye,NA,NA,paper text: fall planting,seeding_rate_relative=1x_conventional,10.1016/j.dib.2020.106481
planting-0070,salinas_socs,socs_sys4,2007-10-01T00:00:00Z,2007-11-12T00:00:00Z,planting,TRUE,legume-rye,NA,NA,paper text: fall planting,seeding_rate_relative=3x_conventional,10.1016/j.dib.2020.106481
planting-0071,salinas_socs,socs_sys5,2007-10-01T00:00:00Z,2007-11-12T00:00:00Z,planting,TRUE,mustard,NA,NA,paper text: fall planting,NA,10.1016/j.dib.2020.106481
planting-0072,salinas_socs,socs_sys6,2007-10-01T00:00:00Z,2007-11-12T00:00:00Z,planting,TRUE,mustard,NA,NA,paper text: fall planting,seeding_rate_relative=3x_conventional,10.1016/j.dib.2020.106481
planting-0073,salinas_socs,socs_sys7,2007-10-01T00:00:00Z,2007-11-12T00:00:00Z,planting,TRUE,rye,NA,NA,paper text: fall planting,NA,10.1016/j.dib.2020.106481
planting-0074,salinas_socs,socs_sys8,2007-10-01T00:00:00Z,2007-11-12T00:00:00Z,planting,TRUE,rye,NA,NA,paper text: fall planting,seeding_rate_relative=3x_conventional,10.1016/j.dib.2020.106481
tillage-0049,salinas_socs,socs_sys1,2008-02-01T00:00:00Z,2008-03-14T00:00:00Z,tillage,NA,NA,NA,NA,paper text: late winter cover crop incorporation,implement=spader,10.1016/j.dib.2020.106481
tillage-0050,salinas_socs,socs_sys2,2008-02-01T00:00:00Z,2008-03-14T00:00:00Z,tillage,NA,NA,NA,NA,paper text: late winter cover crop incorporation,implement=spader,10.1016/j.dib.2020.106481
tillage-0051,salinas_socs,socs_sys3,2008-02-01T00:00:00Z,2008-03-14T00:00:00Z,tillage,NA,NA,NA,NA,paper text: late winter cover crop incorporation,implement=spader,10.1016/j.dib.2020.106481
tillage-0052,salinas_socs,socs_sys4,2008-02-01T00:00:00Z,2008-03-14T00:00:00Z,tillage,NA,NA,NA,NA,paper text: late winter cover crop incorporation,implement=spader,10.1016/j.dib.2020.106481
tillage-0053,salinas_socs,socs_sys5,2008-02-01T00:00:00Z,2008-03-14T00:00:00Z,tillage,NA,NA,NA,NA,paper text: late winter cover crop incorporation,implement=spader,10.1016/j.dib.2020.106481
tillage-0054,salinas_socs,socs_sys6,2008-02-01T00:00:00Z,2008-03-14T00:00:00Z,tillage,NA,NA,NA,NA,paper text: late winter cover crop incorporation,implement=spader,10.1016/j.dib.2020.106481
tillage-0055,salinas_socs,socs_sys7,2008-02-01T00:00:00Z,2008-03-14T00:00:00Z,tillage,NA,NA,NA,NA,paper text: late winter cover crop incorporation,implement=spader,10.1016/j.dib.2020.106481
tillage-0056,salinas_socs,socs_sys8,2008-02-01T00:00:00Z,2008-03-14T00:00:00Z,tillage,NA,NA,NA,NA,paper text: late winter cover crop incorporation,implement=spader,10.1016/j.dib.2020.106481
fertilization-0043,salinas_socs,socs_sys2,2008-03-31T00:00:00Z,2008-05-31T00:00:00Z,fertilization,NA,NA,7.6,Mg ha-1 (oven-dry),paper text: before lettuce planting,material=composted_green_waste; N_content_g_kg=15; season=spring; relative_timing=before_planting; relative_to=romaine_lettuce,10.1016/j.dib.2020.106481
fertilization-0044,salinas_socs,socs_sys3,2008-03-31T00:00:00Z,2008-05-31T00:00:00Z,fertilization,NA,NA,7.6,Mg ha-1 (oven-dry),paper text: before lettuce planting,material=composted_green_waste; N_content_g_kg=15; season=spring; relative_timing=before_planting; relative_to=romaine_lettuce,10.1016/j.dib.2020.106481
fertilization-0045,salinas_socs,socs_sys4,2008-03-31T00:00:00Z,2008-05-31T00:00:00Z,fertilization,NA,NA,7.6,Mg ha-1 (oven-dry),paper text: before lettuce planting,material=composted_green_waste; N_content_g_kg=15; season=spring; relative_timing=before_planting; relative_to=romaine_lettuce,10.1016/j.dib.2020.106481
fertilization-0046,salinas_socs,socs_sys5,2008-03-31T00:00:00Z,2008-05-31T00:00:00Z,fertilization,NA,NA,7.6,Mg ha-1 (oven-dry),paper text: before lettuce planting,material=composted_green_waste; N_content_g_kg=15; season=spring; relative_timing=before_planting; relative_to=romaine_lettuce,10.1016/j.dib.2020.106481
fertilization-0047,salinas_socs,socs_sys6,2008-03-31T00:00:00Z,2008-05-31T00:00:00Z,fertilization,NA,NA,7.6,Mg ha-1 (oven-dry),paper text: before lettuce planting,material=composted_green_waste; N_content_g_kg=15; season=spring; relative_timing=before_planting; relative_to=romaine_lettuce,10.1016/j.dib.2020.106481
fertilization-0048,salinas_socs,socs_sys7,2008-03-31T00:00:00Z,2008-05-31T00:00:00Z,fertilization,NA,NA,7.6,Mg ha-1 (oven-dry),paper text: before lettuce planting,material=composted_green_waste; N_content_g_kg=15; season=spring; relative_timing=before_planting; relative_to=romaine_lettuce,10.1016/j.dib.2020.106481
fertilization-0049,salinas_socs,socs_sys8,2008-03-31T00:00:00Z,2008-05-31T00:00:00Z,fertilization,NA,NA,7.6,Mg ha-1 (oven-dry),paper text: before lettuce planting,material=composted_green_waste; N_content_g_kg=15; season=spring; relative_timing=before_planting; relative_to=romaine_lettuce,10.1016/j.dib.2020.106481
planting-0075,salinas_socs,socs_sys1,2008-04-30T00:00:00Z,2008-06-14T00:00:00Z,planting,FALSE,NA,NA,NA,paper text: spring planting (Salinas Valley spring crop),crop=romaine_lettuce; transplant=yes,10.1016/j.dib.2020.106481
planting-0076,salinas_socs,socs_sys2,2008-04-30T00:00:00Z,2008-06-14T00:00:00Z,planting,FALSE,NA,NA,NA,paper text: spring planting (Salinas Valley spring crop),crop=romaine_lettuce; transplant=yes,10.1016/j.dib.2020.106481
planting-0077,salinas_socs,socs_sys3,2008-04-30T00:00:00Z,2008-06-14T00:00:00Z,planting,FALSE,NA,NA,NA,paper text: spring planting (Salinas Valley spring crop),crop=romaine_lettuce; transplant=yes,10.1016/j.dib.2020.106481
planting-0078,salinas_socs,socs_sys4,2008-04-30T00:00:00Z,2008-06-14T00:00:00Z,planting,FALSE,NA,NA,NA,paper text: spring planting (Salinas Valley spring crop),crop=romaine_lettuce; transplant=yes,10.1016/j.dib.2020.106481
planting-0079,salinas_socs,socs_sys5,2008-04-30T00:00:00Z,2008-06-14T00:00:00Z,planting,FALSE,NA,NA,NA,paper text: spring planting (Salinas Valley spring crop),crop=romaine_lettuce; transplant=yes,10.1016/j.dib.2020.106481
planting-0080,salinas_socs,socs_sys6,2008-04-30T00:00:00Z,2008-06-14T00:00:00Z,planting,FALSE,NA,NA,NA,paper text: spring planting (Salinas Valley spring crop),crop=romaine_lettuce; transplant=yes,10.1016/j.dib.2020.106481
planting-0081,salinas_socs,socs_sys7,2008-04-30T00:00:00Z,2008-06-14T00:00:00Z,planting,FALSE,NA,NA,NA,paper text: spring planting (Salinas Valley spring crop),crop=romaine_lettuce; transplant=yes,10.1016/j.dib.2020.106481
planting-0082,salinas_socs,socs_sys8,2008-04-30T00:00:00Z,2008-06-14T00:00:00Z,planting,FALSE,NA,NA,NA,paper text: spring planting (Salinas Valley spring crop),crop=romaine_lettuce; transplant=yes,10.1016/j.dib.2020.106481
harvest-0049,salinas_socs,socs_sys1,2008-06-14T00:00:00Z,2008-07-31T00:00:00Z,harvest,NA,NA,NA,NA,paper text: summer harvest (Salinas Valley spring crop),crop=romaine_lettuce; harvested_component=head; stover_left=yes,10.1016/j.dib.2020.106481
harvest-0050,salinas_socs,socs_sys2,2008-06-14T00:00:00Z,2008-07-31T00:00:00Z,harvest,NA,NA,NA,NA,paper text: summer harvest (Salinas Valley spring crop),crop=romaine_lettuce; harvested_component=head; stover_left=yes,10.1016/j.dib.2020.106481
harvest-0051,salinas_socs,socs_sys3,2008-06-14T00:00:00Z,2008-07-31T00:00:00Z,harvest,NA,NA,NA,NA,paper text: summer harvest (Salinas Valley spring crop),crop=romaine_lettuce; harvested_component=head; stover_left=yes,10.1016/j.dib.2020.106481
harvest-0052,salinas_socs,socs_sys4,2008-06-14T00:00:00Z,2008-07-31T00:00:00Z,harvest,NA,NA,NA,NA,paper text: summer harvest (Salinas Valley spring crop),crop=romaine_lettuce; harvested_component=head; stover_left=yes,10.1016/j.dib.2020.106481
harvest-0053,salinas_socs,socs_sys5,2008-06-14T00:00:00Z,2008-07-31T00:00:00Z,harvest,NA,NA,NA,NA,paper text: summer harvest (Salinas Valley spring crop),crop=romaine_lettuce; harvested_component=head; stover_left=yes,10.1016/j.dib.2020.106481
harvest-0054,salinas_socs,socs_sys6,2008-06-14T00:00:00Z,2008-07-31T00:00:00Z,harvest,NA,NA,NA,NA,paper text: summer harvest (Salinas Valley spring crop),crop=romaine_lettuce; harvested_component=head; stover_left=yes,10.1016/j.dib.2020.106481
harvest-0055,salinas_socs,socs_sys7,2008-06-14T00:00:00Z,2008-07-31T00:00:00Z,harvest,NA,NA,NA,NA,paper text: summer harvest (Salinas Valley spring crop),crop=romaine_lettuce; harvested_component=head; stover_left=yes,10.1016/j.dib.2020.106481
harvest-0056,salinas_socs,socs_sys8,2008-06-14T00:00:00Z,2008-07-31T00:00:00Z,harvest,NA,NA,NA,NA,paper text: summer harvest (Salinas Valley spring crop),crop=romaine_lettuce; harvested_component=head; stover_left=yes,10.1016/j.dib.2020.106481
fertilization-0050,salinas_socs,socs_sys2,2008-07-31T00:00:00Z,2008-09-30T00:00:00Z,fertilization,NA,NA,8,Mg ha-1 (oven-dry),paper text: before broccoli planting,material=composted_green_waste; N_content_g_kg=15; season=fall; relative_timing=before_planting; relative_to=broccoli,10.1016/j.dib.2020.106481
fertilization-0051,salinas_socs,socs_sys3,2008-07-31T00:00:00Z,2008-09-30T00:00:00Z,fertilization,NA,NA,8,Mg ha-1 (oven-dry),paper text: before broccoli planting,material=composted_green_waste; N_content_g_kg=15; season=fall; relative_timing=before_planting; relative_to=broccoli,10.1016/j.dib.2020.106481
fertilization-0052,salinas_socs,socs_sys4,2008-07-31T00:00:00Z,2008-09-30T00:00:00Z,fertilization,NA,NA,8,Mg ha-1 (oven-dry),paper text: before broccoli planting,material=composted_green_waste; N_content_g_kg=15; season=fall; relative_timing=before_planting; relative_to=broccoli,10.1016/j.dib.2020.106481
fertilization-0053,salinas_socs,socs_sys5,2008-07-31T00:00:00Z,2008-09-30T00:00:00Z,fertilization,NA,NA,8,Mg ha-1 (oven-dry),paper text: before broccoli planting,material=composted_green_waste; N_content_g_kg=15; season=fall; relative_timing=before_planting; relative_to=broccoli,10.1016/j.dib.2020.106481
fertilization-0054,salinas_socs,socs_sys6,2008-07-31T00:00:00Z,2008-09-30T00:00:00Z,fertilization,NA,NA,8,Mg ha-1 (oven-dry),paper text: before broccoli planting,material=composted_green_waste; N_content_g_kg=15; season=fall; relative_timing=before_planting; relative_to=broccoli,10.1016/j.dib.2020.106481
fertilization-0055,salinas_socs,socs_sys7,2008-07-31T00:00:00Z,2008-09-30T00:00:00Z,fertilization,NA,NA,7.6,Mg ha-1 (oven-dry),paper text: before broccoli planting,material=composted_green_waste; N_content_g_kg=15; season=fall; relative_timing=before_planting; relative_to=broccoli,10.1016/j.dib.2020.106481
fertilization-0056,salinas_socs,socs_sys8,2008-07-31T00:00:00Z,2008-09-30T00:00:00Z,fertilization,NA,NA,7.6,Mg ha-1 (oven-dry),paper text: before broccoli planting,material=composted_green_waste; N_content_g_kg=15; season=fall; relative_timing=before_planting; relative_to=broccoli,10.1016/j.dib.2020.106481
planting-0083,salinas_socs,socs_sys1,2008-07-14T00:00:00Z,2008-08-31T00:00:00Z,planting,FALSE,NA,NA,NA,paper text: summer-fall harvest (Salinas Valley),crop=broccoli; transplant=yes,10.1016/j.dib.2020.106481
planting-0084,salinas_socs,socs_sys2,2008-07-14T00:00:00Z,2008-08-31T00:00:00Z,planting,FALSE,NA,NA,NA,paper text: summer-fall harvest (Salinas Valley),crop=broccoli; transplant=yes,10.1016/j.dib.2020.106481
planting-0085,salinas_socs,socs_sys3,2008-07-14T00:00:00Z,2008-08-31T00:00:00Z,planting,FALSE,NA,NA,NA,paper text: summer-fall harvest (Salinas Valley),crop=broccoli; transplant=yes,10.1016/j.dib.2020.106481
planting-0086,salinas_socs,socs_sys4,2008-07-14T00:00:00Z,2008-08-31T00:00:00Z,planting,FALSE,NA,NA,NA,paper text: summer-fall harvest (Salinas Valley),crop=broccoli; transplant=yes,10.1016/j.dib.2020.106481
planting-0087,salinas_socs,socs_sys5,2008-07-14T00:00:00Z,2008-08-31T00:00:00Z,planting,FALSE,NA,NA,NA,paper text: summer-fall harvest (Salinas Valley),crop=broccoli; transplant=yes,10.1016/j.dib.2020.106481
planting-0088,salinas_socs,socs_sys6,2008-07-14T00:00:00Z,2008-08-31T00:00:00Z,planting,FALSE,NA,NA,NA,paper text: summer-fall harvest (Salinas Valley),crop=broccoli; transplant=yes,10.1016/j.dib.2020.106481
planting-0089,salinas_socs,socs_sys7,2008-07-14T00:00:00Z,2008-08-31T00:00:00Z,planting,FALSE,NA,NA,NA,paper text: summer-fall harvest (Salinas Valley),crop=broccoli; transplant=yes,10.1016/j.dib.2020.106481
planting-0090,salinas_socs,socs_sys8,2008-07-14T00:00:00Z,2008-08-31T00:00:00Z,planting,FALSE,NA,NA,NA,paper text: summer-fall harvest (Salinas Valley),crop=broccoli; transplant=yes,10.1016/j.dib.2020.106481
harvest-0057,salinas_socs,socs_sys1,2008-08-31T00:00:00Z,2008-10-31T00:00:00Z,harvest,NA,NA,NA,NA,paper text: fall planting (Salinas Valley fall crop),crop=broccoli; harvested_component=floret; stover_left=yes,10.1016/j.dib.2020.106481
harvest-0058,salinas_socs,socs_sys2,2008-08-31T00:00:00Z,2008-10-31T00:00:00Z,harvest,NA,NA,NA,NA,paper text: fall planting (Salinas Valley fall crop),crop=broccoli; harvested_component=floret; stover_left=yes,10.1016/j.dib.2020.106481
harvest-0059,salinas_socs,socs_sys3,2008-08-31T00:00:00Z,2008-10-31T00:00:00Z,harvest,NA,NA,NA,NA,paper text: fall planting (Salinas Valley fall crop),crop=broccoli; harvested_component=floret; stover_left=yes,10.1016/j.dib.2020.106481
harvest-0060,salinas_socs,socs_sys4,2008-08-31T00:00:00Z,2008-10-31T00:00:00Z,harvest,NA,NA,NA,NA,paper text: fall planting (Salinas Valley fall crop),crop=broccoli; harvested_component=floret; stover_left=yes,10.1016/j.dib.2020.106481
harvest-0061,salinas_socs,socs_sys5,2008-08-31T00:00:00Z,2008-10-31T00:00:00Z,harvest,NA,NA,NA,NA,paper text: fall planting (Salinas Valley fall crop),crop=broccoli; harvested_component=floret; stover_left=yes,10.1016/j.dib.2020.106481
harvest-0062,salinas_socs,socs_sys6,2008-08-31T00:00:00Z,2008-10-31T00:00:00Z,harvest,NA,NA,NA,NA,paper text: fall planting (Salinas Valley fall crop),crop=broccoli; harvested_component=floret; stover_left=yes,10.1016/j.dib.2020.106481
harvest-0063,salinas_socs,socs_sys7,2008-08-31T00:00:00Z,2008-10-31T00:00:00Z,harvest,NA,NA,NA,NA,paper text: fall planting (Salinas Valley fall crop),crop=broccoli; harvested_component=floret; stover_left=yes,10.1016/j.dib.2020.106481
harvest-0064,salinas_socs,socs_sys8,2008-08-31T00:00:00Z,2008-10-31T00:00:00Z,harvest,NA,NA,NA,NA,paper text: fall planting (Salinas Valley fall crop),crop=broccoli; harvested_component=floret; stover_left=yes,10.1016/j.dib.2020.106481
tillage-0057,salinas_socs,socs_sys1,2008-09-30T00:00:00Z,2008-11-11T00:00:00Z,tillage,NA,NA,45,cm depth,paper text: post-broccoli fall harvest,implement=subsoiler; relative_timing=after_harvest; relative_to=broccoli,10.1016/j.dib.2020.106481
tillage-0058,salinas_socs,socs_sys2,2008-09-30T00:00:00Z,2008-11-11T00:00:00Z,tillage,NA,NA,45,cm depth,paper text: post-broccoli fall harvest,implement=subsoiler; relative_timing=after_harvest; relative_to=broccoli,10.1016/j.dib.2020.106481
tillage-0059,salinas_socs,socs_sys3,2008-09-30T00:00:00Z,2008-11-11T00:00:00Z,tillage,NA,NA,45,cm depth,paper text: post-broccoli fall harvest,implement=subsoiler; relative_timing=after_harvest; relative_to=broccoli,10.1016/j.dib.2020.106481
tillage-0060,salinas_socs,socs_sys4,2008-09-30T00:00:00Z,2008-11-11T00:00:00Z,tillage,NA,NA,45,cm depth,paper text: post-broccoli fall harvest,implement=subsoiler; relative_timing=after_harvest; relative_to=broccoli,10.1016/j.dib.2020.106481
tillage-0061,salinas_socs,socs_sys5,2008-09-30T00:00:00Z,2008-11-11T00:00:00Z,tillage,NA,NA,45,cm depth,paper text: post-broccoli fall harvest,implement=subsoiler; relative_timing=after_harvest; relative_to=broccoli,10.1016/j.dib.2020.106481
tillage-0062,salinas_socs,socs_sys6,2008-09-30T00:00:00Z,2008-11-11T00:00:00Z,tillage,NA,NA,45,cm depth,paper text: post-broccoli fall harvest,implement=subsoiler; relative_timing=after_harvest; relative_to=broccoli,10.1016/j.dib.2020.106481
tillage-0063,salinas_socs,socs_sys7,2008-09-30T00:00:00Z,2008-11-11T00:00:00Z,tillage,NA,NA,45,cm depth,paper text: post-broccoli fall harvest,implement=subsoiler; relative_timing=after_harvest; relative_to=broccoli,10.1016/j.dib.2020.106481
tillage-0064,salinas_socs,socs_sys8,2008-09-30T00:00:00Z,2008-11-11T00:00:00Z,tillage,NA,NA,45,cm depth,paper text: post-broccoli fall harvest,implement=subsoiler; relative_timing=after_harvest; relative_to=broccoli,10.1016/j.dib.2020.106481
planting-0091,salinas_socs,socs_sys3,2008-09-30T00:00:00Z,2008-11-11T00:00:00Z,planting,TRUE,legume-rye,NA,NA,paper text: fall planting,seeding_rate_relative=1x_conventional,10.1016/j.dib.2020.106481
planting-0092,salinas_socs,socs_sys4,2008-09-30T00:00:00Z,2008-11-11T00:00:00Z,planting,TRUE,legume-rye,NA,NA,paper text: fall planting,seeding_rate_relative=3x_conventional,10.1016/j.dib.2020.106481
planting-0093,salinas_socs,socs_sys5,2008-09-30T00:00:00Z,2008-11-11T00:00:00Z,planting,TRUE,mustard,NA,NA,paper text: fall planting,NA,10.1016/j.dib.2020.106481
planting-0094,salinas_socs,socs_sys6,2008-09-30T00:00:00Z,2008-11-11T00:00:00Z,planting,TRUE,mustard,NA,NA,paper text: fall planting,seeding_rate_relative=3x_conventional,10.1016/j.dib.2020.106481
planting-0095,salinas_socs,socs_sys7,2008-09-30T00:00:00Z,2008-11-11T00:00:00Z,planting,TRUE,rye,NA,NA,paper text: fall planting,NA,10.1016/j.dib.2020.106481
planting-0096,salinas_socs,socs_sys8,2008-09-30T00:00:00Z,2008-11-11T00:00:00Z,planting,TRUE,rye,NA,NA,paper text: fall planting,seeding_rate_relative=3x_conventional,10.1016/j.dib.2020.106481
tillage-0065,salinas_socs,socs_sys1,2009-02-01T00:00:00Z,2009-03-15T00:00:00Z,tillage,NA,NA,NA,NA,paper text: late winter cover crop incorporation,implement=spader,10.1016/j.dib.2020.106481
tillage-0066,salinas_socs,socs_sys2,2009-02-01T00:00:00Z,2009-03-15T00:00:00Z,tillage,NA,NA,NA,NA,paper text: late winter cover crop incorporation,implement=spader,10.1016/j.dib.2020.106481
tillage-0067,salinas_socs,socs_sys3,2009-02-01T00:00:00Z,2009-03-15T00:00:00Z,tillage,NA,NA,NA,NA,paper text: late winter cover crop incorporation,implement=spader,10.1016/j.dib.2020.106481
tillage-0068,salinas_socs,socs_sys4,2009-02-01T00:00:00Z,2009-03-15T00:00:00Z,tillage,NA,NA,NA,NA,paper text: late winter cover crop incorporation,implement=spader,10.1016/j.dib.2020.106481
tillage-0069,salinas_socs,socs_sys5,2009-02-01T00:00:00Z,2009-03-15T00:00:00Z,tillage,NA,NA,NA,NA,paper text: late winter cover crop incorporation,implement=spader,10.1016/j.dib.2020.106481
tillage-0070,salinas_socs,socs_sys6,2009-02-01T00:00:00Z,2009-03-15T00:00:00Z,tillage,NA,NA,NA,NA,paper text: late winter cover crop incorporation,implement=spader,10.1016/j.dib.2020.106481
tillage-0071,salinas_socs,socs_sys7,2009-02-01T00:00:00Z,2009-03-15T00:00:00Z,tillage,NA,NA,NA,NA,paper text: late winter cover crop incorporation,implement=spader,10.1016/j.dib.2020.106481
tillage-0072,salinas_socs,socs_sys8,2009-02-01T00:00:00Z,2009-03-15T00:00:00Z,tillage,NA,NA,NA,NA,paper text: late winter cover crop incorporation,implement=spader,10.1016/j.dib.2020.106481
fertilization-0057,salinas_socs,socs_sys2,2009-04-01T00:00:00Z,2009-06-01T00:00:00Z,fertilization,NA,NA,8,Mg ha-1 (oven-dry),paper text: before lettuce planting,material=composted_green_waste; N_content_g_kg=15; season=spring; relative_timing=before_planting; relative_to=romaine_lettuce,10.1016/j.dib.2020.106481
fertilization-0058,salinas_socs,socs_sys3,2009-04-01T00:00:00Z,2009-06-01T00:00:00Z,fertilization,NA,NA,8,Mg ha-1 (oven-dry),paper text: before lettuce planting,material=composted_green_waste; N_content_g_kg=15; season=spring; relative_timing=before_planting; relative_to=romaine_lettuce,10.1016/j.dib.2020.106481
fertilization-0059,salinas_socs,socs_sys4,2009-04-01T00:00:00Z,2009-06-01T00:00:00Z,fertilization,NA,NA,8,Mg ha-1 (oven-dry),paper text: before lettuce planting,material=composted_green_waste; N_content_g_kg=15; season=spring; relative_timing=before_planting; relative_to=romaine_lettuce,10.1016/j.dib.2020.106481
fertilization-0060,salinas_socs,socs_sys5,2009-04-01T00:00:00Z,2009-06-01T00:00:00Z,fertilization,NA,NA,7.6,Mg ha-1 (oven-dry),paper text: before lettuce planting,material=composted_green_waste; N_content_g_kg=15; season=spring; relative_timing=before_planting; relative_to=romaine_lettuce,10.1016/j.dib.2020.106481
fertilization-0061,salinas_socs,socs_sys6,2009-04-01T00:00:00Z,2009-06-01T00:00:00Z,fertilization,NA,NA,7.6,Mg ha-1 (oven-dry),paper text: before lettuce planting,material=composted_green_waste; N_content_g_kg=15; season=spring; relative_timing=before_planting; relative_to=romaine_lettuce,10.1016/j.dib.2020.106481
fertilization-0062,salinas_socs,socs_sys7,2009-04-01T00:00:00Z,2009-06-01T00:00:00Z,fertilization,NA,NA,7.6,Mg ha-1 (oven-dry),paper text: before lettuce planting,material=composted_green_waste; N_content_g_kg=15; season=spring; relative_timing=before_planting; relative_to=romaine_lettuce,10.1016/j.dib.2020.106481
fertilization-0063,salinas_socs,socs_sys8,2009-04-01T00:00:00Z,2009-06-01T00:00:00Z,fertilization,NA,NA,7.6,Mg ha-1 (oven-dry),paper text: before lettuce planting,material=composted_green_waste; N_content_g_kg=15; season=spring; relative_timing=before_planting; relative_to=romaine_lettuce,10.1016/j.dib.2020.106481
planting-0097,salinas_socs,socs_sys1,2009-05-01T00:00:00Z,2009-06-15T00:00:00Z,planting,FALSE,NA,NA,NA,paper text: spring planting (Salinas Valley spring crop),crop=romaine_lettuce; transplant=yes,10.1016/j.dib.2020.106481
planting-0098,salinas_socs,socs_sys2,2009-05-01T00:00:00Z,2009-06-15T00:00:00Z,planting,FALSE,NA,NA,NA,paper text: spring planting (Salinas Valley spring crop),crop=romaine_lettuce; transplant=yes,10.1016/j.dib.2020.106481
planting-0099,salinas_socs,socs_sys3,2009-05-01T00:00:00Z,2009-06-15T00:00:00Z,planting,FALSE,NA,NA,NA,paper text: spring planting (Salinas Valley spring crop),crop=romaine_lettuce; transplant=yes,10.1016/j.dib.2020.106481
planting-0100,salinas_socs,socs_sys4,2009-05-01T00:00:00Z,2009-06-15T00:00:00Z,planting,FALSE,NA,NA,NA,paper text: spring planting (Salinas Valley spring crop),crop=romaine_lettuce; transplant=yes,10.1016/j.dib.2020.106481
planting-0101,salinas_socs,socs_sys5,2009-05-01T00:00:00Z,2009-06-15T00:00:00Z,planting,FALSE,NA,NA,NA,paper text: spring planting (Salinas Valley spring crop),crop=romaine_lettuce; transplant=yes,10.1016/j.dib.2020.106481
planting-0102,salinas_socs,socs_sys6,2009-05-01T00:00:00Z,2009-06-15T00:00:00Z,planting,FALSE,NA,NA,NA,paper text: spring planting (Salinas Valley spring crop),crop=romaine_lettuce; transplant=yes,10.1016/j.dib.2020.106481
planting-0103,salinas_socs,socs_sys7,2009-05-01T00:00:00Z,2009-06-15T00:00:00Z,planting,FALSE,NA,NA,NA,paper text: spring planting (Salinas Valley spring crop),crop=romaine_lettuce; transplant=yes,10.1016/j.dib.2020.106481
planting-0104,salinas_socs,socs_sys8,2009-05-01T00:00:00Z,2009-06-15T00:00:00Z,planting,FALSE,NA,NA,NA,paper text: spring planting (Salinas Valley spring crop),crop=romaine_lettuce; transplant=yes,10.1016/j.dib.2020.106481
harvest-0065,salinas_socs,socs_sys1,2009-06-15T00:00:00Z,2009-08-01T00:00:00Z,harvest,NA,NA,NA,NA,paper text: summer harvest (Salinas Valley spring crop),crop=romaine_lettuce; harvested_component=head; stover_left=yes,10.1016/j.dib.2020.106481
harvest-0066,salinas_socs,socs_sys2,2009-06-15T00:00:00Z,2009-08-01T00:00:00Z,harvest,NA,NA,NA,NA,paper text: summer harvest (Salinas Valley spring crop),crop=romaine_lettuce; harvested_component=head; stover_left=yes,10.1016/j.dib.2020.106481
harvest-0067,salinas_socs,socs_sys3,2009-06-15T00:00:00Z,2009-08-01T00:00:00Z,harvest,NA,NA,NA,NA,paper text: summer harvest (Salinas Valley spring crop),crop=romaine_lettuce; harvested_component=head; stover_left=yes,10.1016/j.dib.2020.106481
harvest-0068,salinas_socs,socs_sys4,2009-06-15T00:00:00Z,2009-08-01T00:00:00Z,harvest,NA,NA,NA,NA,paper text: summer harvest (Salinas Valley spring crop),crop=romaine_lettuce; harvested_component=head; stover_left=yes,10.1016/j.dib.2020.106481
harvest-0069,salinas_socs,socs_sys5,2009-06-15T00:00:00Z,2009-08-01T00:00:00Z,harvest,NA,NA,NA,NA,paper text: summer harvest (Salinas Valley spring crop),crop=romaine_lettuce; harvested_component=head; stover_left=yes,10.1016/j.dib.2020.106481
harvest-0070,salinas_socs,socs_sys6,2009-06-15T00:00:00Z,2009-08-01T00:00:00Z,harvest,NA,NA,NA,NA,paper text: summer harvest (Salinas Valley spring crop),crop=romaine_lettuce; harvested_component=head; stover_left=yes,10.1016/j.dib.2020.106481
harvest-0071,salinas_socs,socs_sys7,2009-06-15T00:00:00Z,2009-08-01T00:00:00Z,harvest,NA,NA,NA,NA,paper text: summer harvest (Salinas Valley spring crop),crop=romaine_lettuce; harvested_component=head; stover_left=yes,10.1016/j.dib.2020.106481
harvest-0072,salinas_socs,socs_sys8,2009-06-15T00:00:00Z,2009-08-01T00:00:00Z,harvest,NA,NA,NA,NA,paper text: summer harvest (Salinas Valley spring crop),crop=romaine_lettuce; harvested_component=head; stover_left=yes,10.1016/j.dib.2020.106481
fertilization-0064,salinas_socs,socs_sys2,2009-08-01T00:00:00Z,2009-10-01T00:00:00Z,fertilization,NA,NA,7.6,Mg ha-1 (oven-dry),paper text: before broccoli planting,material=composted_green_waste; N_content_g_kg=15; season=fall; relative_timing=before_planting; relative_to=broccoli,10.1016/j.dib.2020.106481
fertilization-0065,salinas_socs,socs_sys3,2009-08-01T00:00:00Z,2009-10-01T00:00:00Z,fertilization,NA,NA,7.6,Mg ha-1 (oven-dry),paper text: before broccoli planting,material=composted_green_waste; N_content_g_kg=15; season=fall; relative_timing=before_planting; relative_to=broccoli,10.1016/j.dib.2020.106481
fertilization-0066,salinas_socs,socs_sys4,2009-08-01T00:00:00Z,2009-10-01T00:00:00Z,fertilization,NA,NA,7.6,Mg ha-1 (oven-dry),paper text: before broccoli planting,material=composted_green_waste; N_content_g_kg=15; season=fall; relative_timing=before_planting; relative_to=broccoli,10.1016/j.dib.2020.106481
fertilization-0067,salinas_socs,socs_sys5,2009-08-01T00:00:00Z,2009-10-01T00:00:00Z,fertilization,NA,NA,7.6,Mg ha-1 (oven-dry),paper text: before broccoli planting,material=composted_green_waste; N_content_g_kg=15; season=fall; relative_timing=before_planting; relative_to=broccoli,10.1016/j.dib.2020.106481
fertilization-0068,salinas_socs,socs_sys6,2009-08-01T00:00:00Z,2009-10-01T00:00:00Z,fertilization,NA,NA,7.6,Mg ha-1 (oven-dry),paper text: before broccoli planting,material=composted_green_waste; N_content_g_kg=15; season=fall; relative_timing=before_planting; relative_to=broccoli,10.1016/j.dib.2020.106481
fertilization-0069,salinas_socs,socs_sys7,2009-08-01T00:00:00Z,2009-10-01T00:00:00Z,fertilization,NA,NA,7.6,Mg ha-1 (oven-dry),paper text: before broccoli planting,material=composted_green_waste; N_content_g_kg=15; season=fall; relative_timing=before_planting; relative_to=broccoli,10.1016/j.dib.2020.106481
fertilization-0070,salinas_socs,socs_sys8,2009-08-01T00:00:00Z,2009-10-01T00:00:00Z,fertilization,NA,NA,7.6,Mg ha-1 (oven-dry),paper text: before broccoli planting,material=composted_green_waste; N_content_g_kg=15; season=fall; relative_timing=before_planting; relative_to=broccoli,10.1016/j.dib.2020.106481
planting-0105,salinas_socs,socs_sys1,2009-07-15T00:00:00Z,2009-09-01T00:00:00Z,planting,FALSE,NA,NA,NA,paper text: summer-fall harvest (Salinas Valley),crop=broccoli; transplant=yes,10.1016/j.dib.2020.106481
planting-0106,salinas_socs,socs_sys2,2009-07-15T00:00:00Z,2009-09-01T00:00:00Z,planting,FALSE,NA,NA,NA,paper text: summer-fall harvest (Salinas Valley),crop=broccoli; transplant=yes,10.1016/j.dib.2020.106481
planting-0107,salinas_socs,socs_sys3,2009-07-15T00:00:00Z,2009-09-01T00:00:00Z,planting,FALSE,NA,NA,NA,paper text: summer-fall harvest (Salinas Valley),crop=broccoli; transplant=yes,10.1016/j.dib.2020.106481
planting-0108,salinas_socs,socs_sys4,2009-07-15T00:00:00Z,2009-09-01T00:00:00Z,planting,FALSE,NA,NA,NA,paper text: summer-fall harvest (Salinas Valley),crop=broccoli; transplant=yes,10.1016/j.dib.2020.106481
planting-0109,salinas_socs,socs_sys5,2009-07-15T00:00:00Z,2009-09-01T00:00:00Z,planting,FALSE,NA,NA,NA,paper text: summer-fall harvest (Salinas Valley),crop=broccoli; transplant=yes,10.1016/j.dib.2020.106481
planting-0110,salinas_socs,socs_sys6,2009-07-15T00:00:00Z,2009-09-01T00:00:00Z,planting,FALSE,NA,NA,NA,paper text: summer-fall harvest (Salinas Valley),crop=broccoli; transplant=yes,10.1016/j.dib.2020.106481
planting-0111,salinas_socs,socs_sys7,2009-07-15T00:00:00Z,2009-09-01T00:00:00Z,planting,FALSE,NA,NA,NA,paper text: summer-fall harvest (Salinas Valley),crop=broccoli; transplant=yes,10.1016/j.dib.2020.106481
planting-0112,salinas_socs,socs_sys8,2009-07-15T00:00:00Z,2009-09-01T00:00:00Z,planting,FALSE,NA,NA,NA,paper text: summer-fall harvest (Salinas Valley),crop=broccoli; transplant=yes,10.1016/j.dib.2020.106481
harvest-0073,salinas_socs,socs_sys1,2009-09-01T00:00:00Z,2009-11-01T00:00:00Z,harvest,NA,NA,NA,NA,paper text: fall planting (Salinas Valley fall crop),crop=broccoli; harvested_component=floret; stover_left=yes,10.1016/j.dib.2020.106481
harvest-0074,salinas_socs,socs_sys2,2009-09-01T00:00:00Z,2009-11-01T00:00:00Z,harvest,NA,NA,NA,NA,paper text: fall planting (Salinas Valley fall crop),crop=broccoli; harvested_component=floret; stover_left=yes,10.1016/j.dib.2020.106481
harvest-0075,salinas_socs,socs_sys3,2009-09-01T00:00:00Z,2009-11-01T00:00:00Z,harvest,NA,NA,NA,NA,paper text: fall planting (Salinas Valley fall crop),crop=broccoli; harvested_component=floret; stover_left=yes,10.1016/j.dib.2020.106481
harvest-0076,salinas_socs,socs_sys4,2009-09-01T00:00:00Z,2009-11-01T00:00:00Z,harvest,NA,NA,NA,NA,paper text: fall planting (Salinas Valley fall crop),crop=broccoli; harvested_component=floret; stover_left=yes,10.1016/j.dib.2020.106481
harvest-0077,salinas_socs,socs_sys5,2009-09-01T00:00:00Z,2009-11-01T00:00:00Z,harvest,NA,NA,NA,NA,paper text: fall planting (Salinas Valley fall crop),crop=broccoli; harvested_component=floret; stover_left=yes,10.1016/j.dib.2020.106481
harvest-0078,salinas_socs,socs_sys6,2009-09-01T00:00:00Z,2009-11-01T00:00:00Z,harvest,NA,NA,NA,NA,paper text: fall planting (Salinas Valley fall crop),crop=broccoli; harvested_component=floret; stover_left=yes,10.1016/j.dib.2020.106481
harvest-0079,salinas_socs,socs_sys7,2009-09-01T00:00:00Z,2009-11-01T00:00:00Z,harvest,NA,NA,NA,NA,paper text: fall planting (Salinas Valley fall crop),crop=broccoli; harvested_component=floret; stover_left=yes,10.1016/j.dib.2020.106481
harvest-0080,salinas_socs,socs_sys8,2009-09-01T00:00:00Z,2009-11-01T00:00:00Z,harvest,NA,NA,NA,NA,paper text: fall planting (Salinas Valley fall crop),crop=broccoli; harvested_component=floret; stover_left=yes,10.1016/j.dib.2020.106481
tillage-0073,salinas_socs,socs_sys1,2009-10-01T00:00:00Z,2009-11-12T00:00:00Z,tillage,NA,NA,45,cm depth,paper text: post-broccoli fall harvest,implement=subsoiler; relative_timing=after_harvest; relative_to=broccoli,10.1016/j.dib.2020.106481
tillage-0074,salinas_socs,socs_sys2,2009-10-01T00:00:00Z,2009-11-12T00:00:00Z,tillage,NA,NA,45,cm depth,paper text: post-broccoli fall harvest,implement=subsoiler; relative_timing=after_harvest; relative_to=broccoli,10.1016/j.dib.2020.106481
tillage-0075,salinas_socs,socs_sys3,2009-10-01T00:00:00Z,2009-11-12T00:00:00Z,tillage,NA,NA,45,cm depth,paper text: post-broccoli fall harvest,implement=subsoiler; relative_timing=after_harvest; relative_to=broccoli,10.1016/j.dib.2020.106481
tillage-0076,salinas_socs,socs_sys4,2009-10-01T00:00:00Z,2009-11-12T00:00:00Z,tillage,NA,NA,45,cm depth,paper text: post-broccoli fall harvest,implement=subsoiler; relative_timing=after_harvest; relative_to=broccoli,10.1016/j.dib.2020.106481
tillage-0077,salinas_socs,socs_sys5,2009-10-01T00:00:00Z,2009-11-12T00:00:00Z,tillage,NA,NA,45,cm depth,paper text: post-broccoli fall harvest,implement=subsoiler; relative_timing=after_harvest; relative_to=broccoli,10.1016/j.dib.2020.106481
tillage-0078,salinas_socs,socs_sys6,2009-10-01T00:00:00Z,2009-11-12T00:00:00Z,tillage,NA,NA,45,cm depth,paper text: post-broccoli fall harvest,implement=subsoiler; relative_timing=after_harvest; relative_to=broccoli,10.1016/j.dib.2020.106481
tillage-0079,salinas_socs,socs_sys7,2009-10-01T00:00:00Z,2009-11-12T00:00:00Z,tillage,NA,NA,45,cm depth,paper text: post-broccoli fall harvest,implement=subsoiler; relative_timing=after_harvest; relative_to=broccoli,10.1016/j.dib.2020.106481
tillage-0080,salinas_socs,socs_sys8,2009-10-01T00:00:00Z,2009-11-12T00:00:00Z,tillage,NA,NA,45,cm depth,paper text: post-broccoli fall harvest,implement=subsoiler; relative_timing=after_harvest; relative_to=broccoli,10.1016/j.dib.2020.106481
planting-0113,salinas_socs,socs_sys3,2009-10-01T00:00:00Z,2009-11-12T00:00:00Z,planting,TRUE,legume-rye,NA,NA,paper text: fall planting,seeding_rate_relative=1x_conventional,10.1016/j.dib.2020.106481
planting-0114,salinas_socs,socs_sys4,2009-10-01T00:00:00Z,2009-11-12T00:00:00Z,planting,TRUE,legume-rye,NA,NA,paper text: fall planting,seeding_rate_relative=3x_conventional,10.1016/j.dib.2020.106481
planting-0115,salinas_socs,socs_sys5,2009-10-01T00:00:00Z,2009-11-12T00:00:00Z,planting,TRUE,mustard,NA,NA,paper text: fall planting,NA,10.1016/j.dib.2020.106481
planting-0116,salinas_socs,socs_sys6,2009-10-01T00:00:00Z,2009-11-12T00:00:00Z,planting,TRUE,mustard,NA,NA,paper text: fall planting,seeding_rate_relative=3x_conventional,10.1016/j.dib.2020.106481
planting-0117,salinas_socs,socs_sys7,2009-10-01T00:00:00Z,2009-11-12T00:00:00Z,planting,TRUE,rye,NA,NA,paper text: fall planting,NA,10.1016/j.dib.2020.106481
planting-0118,salinas_socs,socs_sys8,2009-10-01T00:00:00Z,2009-11-12T00:00:00Z,planting,TRUE,rye,NA,NA,paper text: fall planting,seeding_rate_relative=3x_conventional,10.1016/j.dib.2020.106481
tillage-0081,salinas_socs,socs_sys1,2010-02-01T00:00:00Z,2010-03-15T00:00:00Z,tillage,NA,NA,NA,NA,paper text: late winter cover crop incorporation,implement=spader,10.1016/j.dib.2020.106481
tillage-0082,salinas_socs,socs_sys2,2010-02-01T00:00:00Z,2010-03-15T00:00:00Z,tillage,NA,NA,NA,NA,paper text: late winter cover crop incorporation,implement=spader,10.1016/j.dib.2020.106481
tillage-0083,salinas_socs,socs_sys3,2010-02-01T00:00:00Z,2010-03-15T00:00:00Z,tillage,NA,NA,NA,NA,paper text: late winter cover crop incorporation,implement=spader,10.1016/j.dib.2020.106481
tillage-0084,salinas_socs,socs_sys4,2010-02-01T00:00:00Z,2010-03-15T00:00:00Z,tillage,NA,NA,NA,NA,paper text: late winter cover crop incorporation,implement=spader,10.1016/j.dib.2020.106481
tillage-0085,salinas_socs,socs_sys5,2010-02-01T00:00:00Z,2010-03-15T00:00:00Z,tillage,NA,NA,NA,NA,paper text: late winter cover crop incorporation,implement=spader,10.1016/j.dib.2020.106481
tillage-0086,salinas_socs,socs_sys6,2010-02-01T00:00:00Z,2010-03-15T00:00:00Z,tillage,NA,NA,NA,NA,paper text: late winter cover crop incorporation,implement=spader,10.1016/j.dib.2020.106481
tillage-0087,salinas_socs,socs_sys7,2010-02-01T00:00:00Z,2010-03-15T00:00:00Z,tillage,NA,NA,NA,NA,paper text: late winter cover crop incorporation,implement=spader,10.1016/j.dib.2020.106481
tillage-0088,salinas_socs,socs_sys8,2010-02-01T00:00:00Z,2010-03-15T00:00:00Z,tillage,NA,NA,NA,NA,paper text: late winter cover crop incorporation,implement=spader,10.1016/j.dib.2020.106481
fertilization-0071,salinas_socs,socs_sys2,2010-04-01T00:00:00Z,2010-06-01T00:00:00Z,fertilization,NA,NA,7.6,Mg ha-1 (oven-dry),paper text: before lettuce planting,material=composted_green_waste; N_content_g_kg=15; season=spring; relative_timing=before_planting; relative_to=romaine_lettuce,10.1016/j.dib.2020.106481
fertilization-0072,salinas_socs,socs_sys3,2010-04-01T00:00:00Z,2010-06-01T00:00:00Z,fertilization,NA,NA,7.6,Mg ha-1 (oven-dry),paper text: before lettuce planting,material=composted_green_waste; N_content_g_kg=15; season=spring; relative_timing=before_planting; relative_to=romaine_lettuce,10.1016/j.dib.2020.106481
fertilization-0073,salinas_socs,socs_sys4,2010-04-01T00:00:00Z,2010-06-01T00:00:00Z,fertilization,NA,NA,7.6,Mg ha-1 (oven-dry),paper text: before lettuce planting,material=composted_green_waste; N_content_g_kg=15; season=spring; relative_timing=before_planting; relative_to=romaine_lettuce,10.1016/j.dib.2020.106481
fertilization-0074,salinas_socs,socs_sys5,2010-04-01T00:00:00Z,2010-06-01T00:00:00Z,fertilization,NA,NA,7.6,Mg ha-1 (oven-dry),paper text: before lettuce planting,material=composted_green_waste; N_content_g_kg=15; season=spring; relative_timing=before_planting; relative_to=romaine_lettuce,10.1016/j.dib.2020.106481
fertilization-0075,salinas_socs,socs_sys6,2010-04-01T00:00:00Z,2010-06-01T00:00:00Z,fertilization,NA,NA,7.6,Mg ha-1 (oven-dry),paper text: before lettuce planting,material=composted_green_waste; N_content_g_kg=15; season=spring; relative_timing=before_planting; relative_to=romaine_lettuce,10.1016/j.dib.2020.106481
fertilization-0076,salinas_socs,socs_sys7,2010-04-01T00:00:00Z,2010-06-01T00:00:00Z,fertilization,NA,NA,7.6,Mg ha-1 (oven-dry),paper text: before lettuce planting,material=composted_green_waste; N_content_g_kg=15; season=spring; relative_timing=before_planting; relative_to=romaine_lettuce,10.1016/j.dib.2020.106481
fertilization-0077,salinas_socs,socs_sys8,2010-04-01T00:00:00Z,2010-06-01T00:00:00Z,fertilization,NA,NA,7.6,Mg ha-1 (oven-dry),paper text: before lettuce planting,material=composted_green_waste; N_content_g_kg=15; season=spring; relative_timing=before_planting; relative_to=romaine_lettuce,10.1016/j.dib.2020.106481
planting-0119,salinas_socs,socs_sys1,2010-05-01T00:00:00Z,2010-06-15T00:00:00Z,planting,FALSE,NA,NA,NA,paper text: spring planting (Salinas Valley spring crop),crop=romaine_lettuce; transplant=yes,10.1016/j.dib.2020.106481
planting-0120,salinas_socs,socs_sys2,2010-05-01T00:00:00Z,2010-06-15T00:00:00Z,planting,FALSE,NA,NA,NA,paper text: spring planting (Salinas Valley spring crop),crop=romaine_lettuce; transplant=yes,10.1016/j.dib.2020.106481
planting-0121,salinas_socs,socs_sys3,2010-05-01T00:00:00Z,2010-06-15T00:00:00Z,planting,FALSE,NA,NA,NA,paper text: spring planting (Salinas Valley spring crop),crop=romaine_lettuce; transplant=yes,10.1016/j.dib.2020.106481
planting-0122,salinas_socs,socs_sys4,2010-05-01T00:00:00Z,2010-06-15T00:00:00Z,planting,FALSE,NA,NA,NA,paper text: spring planting (Salinas Valley spring crop),crop=romaine_lettuce; transplant=yes,10.1016/j.dib.2020.106481
planting-0123,salinas_socs,socs_sys5,2010-05-01T00:00:00Z,2010-06-15T00:00:00Z,planting,FALSE,NA,NA,NA,paper text: spring planting (Salinas Valley spring crop),crop=romaine_lettuce; transplant=yes,10.1016/j.dib.2020.106481
planting-0124,salinas_socs,socs_sys6,2010-05-01T00:00:00Z,2010-06-15T00:00:00Z,planting,FALSE,NA,NA,NA,paper text: spring planting (Salinas Valley spring crop),crop=romaine_lettuce; transplant=yes,10.1016/j.dib.2020.106481
planting-0125,salinas_socs,socs_sys7,2010-05-01T00:00:00Z,2010-06-15T00:00:00Z,planting,FALSE,NA,NA,NA,paper text: spring planting (Salinas Valley spring crop),crop=romaine_lettuce; transplant=yes,10.1016/j.dib.2020.106481
planting-0126,salinas_socs,socs_sys8,2010-05-01T00:00:00Z,2010-06-15T00:00:00Z,planting,FALSE,NA,NA,NA,paper text: spring planting (Salinas Valley spring crop),crop=romaine_lettuce; transplant=yes,10.1016/j.dib.2020.106481
harvest-0081,salinas_socs,socs_sys1,2010-06-15T00:00:00Z,2010-08-01T00:00:00Z,harvest,NA,NA,NA,NA,paper text: summer harvest (Salinas Valley spring crop),crop=romaine_lettuce; harvested_component=head; stover_left=yes,10.1016/j.dib.2020.106481
harvest-0082,salinas_socs,socs_sys2,2010-06-15T00:00:00Z,2010-08-01T00:00:00Z,harvest,NA,NA,NA,NA,paper text: summer harvest (Salinas Valley spring crop),crop=romaine_lettuce; harvested_component=head; stover_left=yes,10.1016/j.dib.2020.106481
harvest-0083,salinas_socs,socs_sys3,2010-06-15T00:00:00Z,2010-08-01T00:00:00Z,harvest,NA,NA,NA,NA,paper text: summer harvest (Salinas Valley spring crop),crop=romaine_lettuce; harvested_component=head; stover_left=yes,10.1016/j.dib.2020.106481
harvest-0084,salinas_socs,socs_sys4,2010-06-15T00:00:00Z,2010-08-01T00:00:00Z,harvest,NA,NA,NA,NA,paper text: summer harvest (Salinas Valley spring crop),crop=romaine_lettuce; harvested_component=head; stover_left=yes,10.1016/j.dib.2020.106481
harvest-0085,salinas_socs,socs_sys5,2010-06-15T00:00:00Z,2010-08-01T00:00:00Z,harvest,NA,NA,NA,NA,paper text: summer harvest (Salinas Valley spring crop),crop=romaine_lettuce; harvested_component=head; stover_left=yes,10.1016/j.dib.2020.106481
harvest-0086,salinas_socs,socs_sys6,2010-06-15T00:00:00Z,2010-08-01T00:00:00Z,harvest,NA,NA,NA,NA,paper text: summer harvest (Salinas Valley spring crop),crop=romaine_lettuce; harvested_component=head; stover_left=yes,10.1016/j.dib.2020.106481
harvest-0087,salinas_socs,socs_sys7,2010-06-15T00:00:00Z,2010-08-01T00:00:00Z,harvest,NA,NA,NA,NA,paper text: summer harvest (Salinas Valley spring crop),crop=romaine_lettuce; harvested_component=head; stover_left=yes,10.1016/j.dib.2020.106481
harvest-0088,salinas_socs,socs_sys8,2010-06-15T00:00:00Z,2010-08-01T00:00:00Z,harvest,NA,NA,NA,NA,paper text: summer harvest (Salinas Valley spring crop),crop=romaine_lettuce; harvested_component=head; stover_left=yes,10.1016/j.dib.2020.106481
fertilization-0078,salinas_socs,socs_sys2,2010-08-01T00:00:00Z,2010-10-01T00:00:00Z,fertilization,NA,NA,7.6,Mg ha-1 (oven-dry),paper text: before broccoli planting,material=composted_green_waste; N_content_g_kg=15; season=fall; relative_timing=before_planting; relative_to=broccoli,10.1016/j.dib.2020.106481
fertilization-0079,salinas_socs,socs_sys3,2010-08-01T00:00:00Z,2010-10-01T00:00:00Z,fertilization,NA,NA,7.6,Mg ha-1 (oven-dry),paper text: before broccoli planting,material=composted_green_waste; N_content_g_kg=15; season=fall; relative_timing=before_planting; relative_to=broccoli,10.1016/j.dib.2020.106481
fertilization-0080,salinas_socs,socs_sys4,2010-08-01T00:00:00Z,2010-10-01T00:00:00Z,fertilization,NA,NA,7.6,Mg ha-1 (oven-dry),paper text: before broccoli planting,material=composted_green_waste; N_content_g_kg=15; season=fall; relative_timing=before_planting; relative_to=broccoli,10.1016/j.dib.2020.106481
fertilization-0081,salinas_socs,socs_sys5,2010-08-01T00:00:00Z,2010-10-01T00:00:00Z,fertilization,NA,NA,7.6,Mg ha-1 (oven-dry),paper text: before broccoli planting,material=composted_green_waste; N_content_g_kg=15; season=fall; relative_timing=before_planting; relative_to=broccoli,10.1016/j.dib.2020.106481
fertilization-0082,salinas_socs,socs_sys6,2010-08-01T00:00:00Z,2010-10-01T00:00:00Z,fertilization,NA,NA,7.6,Mg ha-1 (oven-dry),paper text: before broccoli planting,material=composted_green_waste; N_content_g_kg=15; season=fall; relative_timing=before_planting; relative_to=broccoli,10.1016/j.dib.2020.106481
fertilization-0083,salinas_socs,socs_sys7,2010-08-01T00:00:00Z,2010-10-01T00:00:00Z,fertilization,NA,NA,7.6,Mg ha-1 (oven-dry),paper text: before broccoli planting,material=composted_green_waste; N_content_g_kg=15; season=fall; relative_timing=before_planting; relative_to=broccoli,10.1016/j.dib.2020.106481
fertilization-0084,salinas_socs,socs_sys8,2010-08-01T00:00:00Z,2010-10-01T00:00:00Z,fertilization,NA,NA,7.6,Mg ha-1 (oven-dry),paper text: before broccoli planting,material=composted_green_waste; N_content_g_kg=15; season=fall; relative_timing=before_planting; relative_to=broccoli,10.1016/j.dib.2020.106481
planting-0127,salinas_socs,socs_sys1,2010-07-15T00:00:00Z,2010-09-01T00:00:00Z,planting,FALSE,NA,NA,NA,paper text: summer-fall harvest (Salinas Valley),crop=broccoli; transplant=yes,10.1016/j.dib.2020.106481
planting-0128,salinas_socs,socs_sys2,2010-07-15T00:00:00Z,2010-09-01T00:00:00Z,planting,FALSE,NA,NA,NA,paper text: summer-fall harvest (Salinas Valley),crop=broccoli; transplant=yes,10.1016/j.dib.2020.106481
planting-0129,salinas_socs,socs_sys3,2010-07-15T00:00:00Z,2010-09-01T00:00:00Z,planting,FALSE,NA,NA,NA,paper text: summer-fall harvest (Salinas Valley),crop=broccoli; transplant=yes,10.1016/j.dib.2020.106481
planting-0130,salinas_socs,socs_sys4,2010-07-15T00:00:00Z,2010-09-01T00:00:00Z,planting,FALSE,NA,NA,NA,paper text: summer-fall harvest (Salinas Valley),crop=broccoli; transplant=yes,10.1016/j.dib.2020.106481
planting-0131,salinas_socs,socs_sys5,2010-07-15T00:00:00Z,2010-09-01T00:00:00Z,planting,FALSE,NA,NA,NA,paper text: summer-fall harvest (Salinas Valley),crop=broccoli; transplant=yes,10.1016/j.dib.2020.106481
planting-0132,salinas_socs,socs_sys6,2010-07-15T00:00:00Z,2010-09-01T00:00:00Z,planting,FALSE,NA,NA,NA,paper text: summer-fall harvest (Salinas Valley),crop=broccoli; transplant=yes,10.1016/j.dib.2020.106481
planting-0133,salinas_socs,socs_sys7,2010-07-15T00:00:00Z,2010-09-01T00:00:00Z,planting,FALSE,NA,NA,NA,paper text: summer-fall harvest (Salinas Valley),crop=broccoli; transplant=yes,10.1016/j.dib.2020.106481
planting-0134,salinas_socs,socs_sys8,2010-07-15T00:00:00Z,2010-09-01T00:00:00Z,planting,FALSE,NA,NA,NA,paper text: summer-fall harvest (Salinas Valley),crop=broccoli; transplant=yes,10.1016/j.dib.2020.106481
harvest-0089,salinas_socs,socs_sys1,2010-09-01T00:00:00Z,2010-11-01T00:00:00Z,harvest,NA,NA,NA,NA,paper text: fall planting (Salinas Valley fall crop),crop=broccoli; harvested_component=floret; stover_left=yes,10.1016/j.dib.2020.106481
harvest-0090,salinas_socs,socs_sys2,2010-09-01T00:00:00Z,2010-11-01T00:00:00Z,harvest,NA,NA,NA,NA,paper text: fall planting (Salinas Valley fall crop),crop=broccoli; harvested_component=floret; stover_left=yes,10.1016/j.dib.2020.106481
harvest-0091,salinas_socs,socs_sys3,2010-09-01T00:00:00Z,2010-11-01T00:00:00Z,harvest,NA,NA,NA,NA,paper text: fall planting (Salinas Valley fall crop),crop=broccoli; harvested_component=floret; stover_left=yes,10.1016/j.dib.2020.106481
harvest-0092,salinas_socs,socs_sys4,2010-09-01T00:00:00Z,2010-11-01T00:00:00Z,harvest,NA,NA,NA,NA,paper text: fall planting (Salinas Valley fall crop),crop=broccoli; harvested_component=floret; stover_left=yes,10.1016/j.dib.2020.106481
harvest-0093,salinas_socs,socs_sys5,2010-09-01T00:00:00Z,2010-11-01T00:00:00Z,harvest,NA,NA,NA,NA,paper text: fall planting (Salinas Valley fall crop),crop=broccoli; harvested_component=floret; stover_left=yes,10.1016/j.dib.2020.106481
harvest-0094,salinas_socs,socs_sys6,2010-09-01T00:00:00Z,2010-11-01T00:00:00Z,harvest,NA,NA,NA,NA,paper text: fall planting (Salinas Valley fall crop),crop=broccoli; harvested_component=floret; stover_left=yes,10.1016/j.dib.2020.106481
harvest-0095,salinas_socs,socs_sys7,2010-09-01T00:00:00Z,2010-11-01T00:00:00Z,harvest,NA,NA,NA,NA,paper text: fall planting (Salinas Valley fall crop),crop=broccoli; harvested_component=floret; stover_left=yes,10.1016/j.dib.2020.106481
harvest-0096,salinas_socs,socs_sys8,2010-09-01T00:00:00Z,2010-11-01T00:00:00Z,harvest,NA,NA,NA,NA,paper text: fall planting (Salinas Valley fall crop),crop=broccoli; harvested_component=floret; stover_left=yes,10.1016/j.dib.2020.106481
tillage-0089,salinas_socs,socs_sys1,2010-10-01T00:00:00Z,2010-11-12T00:00:00Z,tillage,NA,NA,45,cm depth,paper text: post-broccoli fall harvest,implement=subsoiler; relative_timing=after_harvest; relative_to=broccoli,10.1016/j.dib.2020.106481
tillage-0090,salinas_socs,socs_sys2,2010-10-01T00:00:00Z,2010-11-12T00:00:00Z,tillage,NA,NA,45,cm depth,paper text: post-broccoli fall harvest,implement=subsoiler; relative_timing=after_harvest; relative_to=broccoli,10.1016/j.dib.2020.106481
tillage-0091,salinas_socs,socs_sys3,2010-10-01T00:00:00Z,2010-11-12T00:00:00Z,tillage,NA,NA,45,cm depth,paper text: post-broccoli fall harvest,implement=subsoiler; relative_timing=after_harvest; relative_to=broccoli,10.1016/j.dib.2020.106481
tillage-0092,salinas_socs,socs_sys4,2010-10-01T00:00:00Z,2010-11-12T00:00:00Z,tillage,NA,NA,45,cm depth,paper text: post-broccoli fall harvest,implement=subsoiler; relative_timing=after_harvest; relative_to=broccoli,10.1016/j.dib.2020.106481
tillage-0093,salinas_socs,socs_sys5,2010-10-01T00:00:00Z,2010-11-12T00:00:00Z,tillage,NA,NA,45,cm depth,paper text: post-broccoli fall harvest,implement=subsoiler; relative_timing=after_harvest; relative_to=broccoli,10.1016/j.dib.2020.106481
tillage-0094,salinas_socs,socs_sys6,2010-10-01T00:00:00Z,2010-11-12T00:00:00Z,tillage,NA,NA,45,cm depth,paper text: post-broccoli fall harvest,implement=subsoiler; relative_timing=after_harvest; relative_to=broccoli,10.1016/j.dib.2020.106481
tillage-0095,salinas_socs,socs_sys7,2010-10-01T00:00:00Z,2010-11-12T00:00:00Z,tillage,NA,NA,45,cm depth,paper text: post-broccoli fall harvest,implement=subsoiler; relative_timing=after_harvest; relative_to=broccoli,10.1016/j.dib.2020.106481
tillage-0096,salinas_socs,socs_sys8,2010-10-01T00:00:00Z,2010-11-12T00:00:00Z,tillage,NA,NA,45,cm depth,paper text: post-broccoli fall harvest,implement=subsoiler; relative_timing=after_harvest; relative_to=broccoli,10.1016/j.dib.2020.106481
planting-0135,salinas_socs,socs_sys3,2010-10-01T00:00:00Z,2010-11-12T00:00:00Z,planting,TRUE,legume-rye,NA,NA,paper text: fall planting,seeding_rate_relative=1x_conventional,10.1016/j.dib.2020.106481
planting-0136,salinas_socs,socs_sys4,2010-10-01T00:00:00Z,2010-11-12T00:00:00Z,planting,TRUE,legume-rye,NA,NA,paper text: fall planting,seeding_rate_relative=3x_conventional,10.1016/j.dib.2020.106481
planting-0137,salinas_socs,socs_sys5,2010-10-01T00:00:00Z,2010-11-12T00:00:00Z,planting,TRUE,mustard,NA,NA,paper text: fall planting,NA,10.1016/j.dib.2020.106481
planting-0138,salinas_socs,socs_sys6,2010-10-01T00:00:00Z,2010-11-12T00:00:00Z,planting,TRUE,mustard,NA,NA,paper text: fall planting,seeding_rate_relative=3x_conventional,10.1016/j.dib.2020.106481
planting-0139,salinas_socs,socs_sys7,2010-10-01T00:00:00Z,2010-11-12T00:00:00Z,planting,TRUE,rye,NA,NA,paper text: fall planting,NA,10.1016/j.dib.2020.106481
planting-0140,salinas_socs,socs_sys8,2010-10-01T00:00:00Z,2010-11-12T00:00:00Z,planting,TRUE,rye,NA,NA,paper text: fall planting,seeding_rate_relative=3x_conventional,10.1016/j.dib.2020.106481
planting-0141,salinas_socs,socs_sys1,2010-10-01T00:00:00Z,2010-11-12T00:00:00Z,planting,TRUE,legume-rye,NA,NA,paper text: fall planting,NA,10.1016/j.dib.2020.106481
planting-0142,salinas_socs,socs_sys2,2010-10-01T00:00:00Z,2010-11-12T00:00:00Z,planting,TRUE,legume-rye,NA,NA,paper text: fall planting,NA,10.1016/j.dib.2020.106481
tillage-0097,salinas_socs,socs_sys1,2011-02-01T00:00:00Z,2011-03-15T00:00:00Z,tillage,NA,NA,NA,NA,paper text: late winter cover crop incorporation,implement=spader,10.1016/j.dib.2020.106481
tillage-0098,salinas_socs,socs_sys2,2011-02-01T00:00:00Z,2011-03-15T00:00:00Z,tillage,NA,NA,NA,NA,paper text: late winter cover crop incorporation,implement=spader,10.1016/j.dib.2020.106481
tillage-0099,salinas_socs,socs_sys3,2011-02-01T00:00:00Z,2011-03-15T00:00:00Z,tillage,NA,NA,NA,NA,paper text: late winter cover crop incorporation,implement=spader,10.1016/j.dib.2020.106481
tillage-0100,salinas_socs,socs_sys4,2011-02-01T00:00:00Z,2011-03-15T00:00:00Z,tillage,NA,NA,NA,NA,paper text: late winter cover crop incorporation,implement=spader,10.1016/j.dib.2020.106481
tillage-0101,salinas_socs,socs_sys5,2011-02-01T00:00:00Z,2011-03-15T00:00:00Z,tillage,NA,NA,NA,NA,paper text: late winter cover crop incorporation,implement=spader,10.1016/j.dib.2020.106481
tillage-0102,salinas_socs,socs_sys6,2011-02-01T00:00:00Z,2011-03-15T00:00:00Z,tillage,NA,NA,NA,NA,paper text: late winter cover crop incorporation,implement=spader,10.1016/j.dib.2020.106481
tillage-0103,salinas_socs,socs_sys7,2011-02-01T00:00:00Z,2011-03-15T00:00:00Z,tillage,NA,NA,NA,NA,paper text: late winter cover crop incorporation,implement=spader,10.1016/j.dib.2020.106481
tillage-0104,salinas_socs,socs_sys8,2011-02-01T00:00:00Z,2011-03-15T00:00:00Z,tillage,NA,NA,NA,NA,paper text: late winter cover crop incorporation,implement=spader,10.1016/j.dib.2020.106481
fertilization-0085,salinas_socs,socs_sys2,2011-04-01T00:00:00Z,2011-06-01T00:00:00Z,fertilization,NA,NA,7.6,Mg ha-1 (oven-dry),paper text: before lettuce planting,material=composted_green_waste; N_content_g_kg=15; season=spring; relative_timing=before_planting; relative_to=romaine_lettuce,10.1016/j.dib.2020.106481
fertilization-0086,salinas_socs,socs_sys3,2011-04-01T00:00:00Z,2011-06-01T00:00:00Z,fertilization,NA,NA,7.6,Mg ha-1 (oven-dry),paper text: before lettuce planting,material=composted_green_waste; N_content_g_kg=15; season=spring; relative_timing=before_planting; relative_to=romaine_lettuce,10.1016/j.dib.2020.106481
fertilization-0087,salinas_socs,socs_sys4,2011-04-01T00:00:00Z,2011-06-01T00:00:00Z,fertilization,NA,NA,7.6,Mg ha-1 (oven-dry),paper text: before lettuce planting,material=composted_green_waste; N_content_g_kg=15; season=spring; relative_timing=before_planting; relative_to=romaine_lettuce,10.1016/j.dib.2020.106481
fertilization-0088,salinas_socs,socs_sys5,2011-04-01T00:00:00Z,2011-06-01T00:00:00Z,fertilization,NA,NA,7.6,Mg ha-1 (oven-dry),paper text: before lettuce planting,material=composted_green_waste; N_content_g_kg=15; season=spring; relative_timing=before_planting; relative_to=romaine_lettuce,10.1016/j.dib.2020.106481
fertilization-0089,salinas_socs,socs_sys6,2011-04-01T00:00:00Z,2011-06-01T00:00:00Z,fertilization,NA,NA,7.6,Mg ha-1 (oven-dry),paper text: before lettuce planting,material=composted_green_waste; N_content_g_kg=15; season=spring; relative_timing=before_planting; relative_to=romaine_lettuce,10.1016/j.dib.2020.106481
fertilization-0090,salinas_socs,socs_sys7,2011-04-01T00:00:00Z,2011-06-01T00:00:00Z,fertilization,NA,NA,7.6,Mg ha-1 (oven-dry),paper text: before lettuce planting,material=composted_green_waste; N_content_g_kg=15; season=spring; relative_timing=before_planting; relative_to=romaine_lettuce,10.1016/j.dib.2020.106481
fertilization-0091,salinas_socs,socs_sys8,2011-04-01T00:00:00Z,2011-06-01T00:00:00Z,fertilization,NA,NA,7.6,Mg ha-1 (oven-dry),paper text: before lettuce planting,material=composted_green_waste; N_content_g_kg=15; season=spring; relative_timing=before_planting; relative_to=romaine_lettuce,10.1016/j.dib.2020.106481
planting-0143,salinas_socs,socs_sys1,2011-05-01T00:00:00Z,2011-06-15T00:00:00Z,planting,FALSE,NA,NA,NA,paper text: spring planting (Salinas Valley spring crop),crop=romaine_lettuce; transplant=yes,10.1016/j.dib.2020.106481
planting-0144,salinas_socs,socs_sys2,2011-05-01T00:00:00Z,2011-06-15T00:00:00Z,planting,FALSE,NA,NA,NA,paper text: spring planting (Salinas Valley spring crop),crop=romaine_lettuce; transplant=yes,10.1016/j.dib.2020.106481
planting-0145,salinas_socs,socs_sys3,2011-05-01T00:00:00Z,2011-06-15T00:00:00Z,planting,FALSE,NA,NA,NA,paper text: spring planting (Salinas Valley spring crop),crop=romaine_lettuce; transplant=yes,10.1016/j.dib.2020.106481
planting-0146,salinas_socs,socs_sys4,2011-05-01T00:00:00Z,2011-06-15T00:00:00Z,planting,FALSE,NA,NA,NA,paper text: spring planting (Salinas Valley spring crop),crop=romaine_lettuce; transplant=yes,10.1016/j.dib.2020.106481
planting-0147,salinas_socs,socs_sys5,2011-05-01T00:00:00Z,2011-06-15T00:00:00Z,planting,FALSE,NA,NA,NA,paper text: spring planting (Salinas Valley spring crop),crop=romaine_lettuce; transplant=yes,10.1016/j.dib.2020.106481
planting-0148,salinas_socs,socs_sys6,2011-05-01T00:00:00Z,2011-06-15T00:00:00Z,planting,FALSE,NA,NA,NA,paper text: spring planting (Salinas Valley spring crop),crop=romaine_lettuce; transplant=yes,10.1016/j.dib.2020.106481
planting-0149,salinas_socs,socs_sys7,2011-05-01T00:00:00Z,2011-06-15T00:00:00Z,planting,FALSE,NA,NA,NA,paper text: spring planting (Salinas Valley spring crop),crop=romaine_lettuce; transplant=yes,10.1016/j.dib.2020.106481
planting-0150,salinas_socs,socs_sys8,2011-05-01T00:00:00Z,2011-06-15T00:00:00Z,planting,FALSE,NA,NA,NA,paper text: spring planting (Salinas Valley spring crop),crop=romaine_lettuce; transplant=yes,10.1016/j.dib.2020.106481
harvest-0097,salinas_socs,socs_sys1,2011-06-15T00:00:00Z,2011-08-01T00:00:00Z,harvest,NA,NA,NA,NA,paper text: summer harvest (Salinas Valley spring crop),crop=romaine_lettuce; harvested_component=head; stover_left=yes,10.1016/j.dib.2020.106481
harvest-0098,salinas_socs,socs_sys2,2011-06-15T00:00:00Z,2011-08-01T00:00:00Z,harvest,NA,NA,NA,NA,paper text: summer harvest (Salinas Valley spring crop),crop=romaine_lettuce; harvested_component=head; stover_left=yes,10.1016/j.dib.2020.106481
harvest-0099,salinas_socs,socs_sys3,2011-06-15T00:00:00Z,2011-08-01T00:00:00Z,harvest,NA,NA,NA,NA,paper text: summer harvest (Salinas Valley spring crop),crop=romaine_lettuce; harvested_component=head; stover_left=yes,10.1016/j.dib.2020.106481
harvest-0100,salinas_socs,socs_sys4,2011-06-15T00:00:00Z,2011-08-01T00:00:00Z,harvest,NA,NA,NA,NA,paper text: summer harvest (Salinas Valley spring crop),crop=romaine_lettuce; harvested_component=head; stover_left=yes,10.1016/j.dib.2020.106481
harvest-0101,salinas_socs,socs_sys5,2011-06-15T00:00:00Z,2011-08-01T00:00:00Z,harvest,NA,NA,NA,NA,paper text: summer harvest (Salinas Valley spring crop),crop=romaine_lettuce; harvested_component=head; stover_left=yes,10.1016/j.dib.2020.106481
harvest-0102,salinas_socs,socs_sys6,2011-06-15T00:00:00Z,2011-08-01T00:00:00Z,harvest,NA,NA,NA,NA,paper text: summer harvest (Salinas Valley spring crop),crop=romaine_lettuce; harvested_component=head; stover_left=yes,10.1016/j.dib.2020.106481
harvest-0103,salinas_socs,socs_sys7,2011-06-15T00:00:00Z,2011-08-01T00:00:00Z,harvest,NA,NA,NA,NA,paper text: summer harvest (Salinas Valley spring crop),crop=romaine_lettuce; harvested_component=head; stover_left=yes,10.1016/j.dib.2020.106481
harvest-0104,salinas_socs,socs_sys8,2011-06-15T00:00:00Z,2011-08-01T00:00:00Z,harvest,NA,NA,NA,NA,paper text: summer harvest (Salinas Valley spring crop),crop=romaine_lettuce; harvested_component=head; stover_left=yes,10.1016/j.dib.2020.106481
fertilization-0092,salinas_socs,socs_sys2,2011-08-01T00:00:00Z,2011-10-01T00:00:00Z,fertilization,NA,NA,7.6,Mg ha-1 (oven-dry),paper text: before broccoli planting,material=composted_green_waste; N_content_g_kg=15; season=fall; relative_timing=before_planting; relative_to=broccoli,10.1016/j.dib.2020.106481
fertilization-0093,salinas_socs,socs_sys3,2011-08-01T00:00:00Z,2011-10-01T00:00:00Z,fertilization,NA,NA,7.6,Mg ha-1 (oven-dry),paper text: before broccoli planting,material=composted_green_waste; N_content_g_kg=15; season=fall; relative_timing=before_planting; relative_to=broccoli,10.1016/j.dib.2020.106481
fertilization-0094,salinas_socs,socs_sys4,2011-08-01T00:00:00Z,2011-10-01T00:00:00Z,fertilization,NA,NA,7.6,Mg ha-1 (oven-dry),paper text: before broccoli planting,material=composted_green_waste; N_content_g_kg=15; season=fall; relative_timing=before_planting; relative_to=broccoli,10.1016/j.dib.2020.106481
fertilization-0095,salinas_socs,socs_sys5,2011-08-01T00:00:00Z,2011-10-01T00:00:00Z,fertilization,NA,NA,7.6,Mg ha-1 (oven-dry),paper text: before broccoli planting,material=composted_green_waste; N_content_g_kg=15; season=fall; relative_timing=before_planting; relative_to=broccoli,10.1016/j.dib.2020.106481
fertilization-0096,salinas_socs,socs_sys6,2011-08-01T00:00:00Z,2011-10-01T00:00:00Z,fertilization,NA,NA,7.6,Mg ha-1 (oven-dry),paper text: before broccoli planting,material=composted_green_waste; N_content_g_kg=15; season=fall; relative_timing=before_planting; relative_to=broccoli,10.1016/j.dib.2020.106481
fertilization-0097,salinas_socs,socs_sys7,2011-08-01T00:00:00Z,2011-10-01T00:00:00Z,fertilization,NA,NA,7.6,Mg ha-1 (oven-dry),paper text: before broccoli planting,material=composted_green_waste; N_content_g_kg=15; season=fall; relative_timing=before_planting; relative_to=broccoli,10.1016/j.dib.2020.106481
fertilization-0098,salinas_socs,socs_sys8,2011-08-01T00:00:00Z,2011-10-01T00:00:00Z,fertilization,NA,NA,7.6,Mg ha-1 (oven-dry),paper text: before broccoli planting,material=composted_green_waste; N_content_g_kg=15; season=fall; relative_timing=before_planting; relative_to=broccoli,10.1016/j.dib.2020.106481
planting-0151,salinas_socs,socs_sys1,2011-07-15T00:00:00Z,2011-09-01T00:00:00Z,planting,FALSE,NA,NA,NA,paper text: summer-fall harvest (Salinas Valley),crop=broccoli; transplant=yes,10.1016/j.dib.2020.106481
planting-0152,salinas_socs,socs_sys2,2011-07-15T00:00:00Z,2011-09-01T00:00:00Z,planting,FALSE,NA,NA,NA,paper text: summer-fall harvest (Salinas Valley),crop=broccoli; transplant=yes,10.1016/j.dib.2020.106481
planting-0153,salinas_socs,socs_sys3,2011-07-15T00:00:00Z,2011-09-01T00:00:00Z,planting,FALSE,NA,NA,NA,paper text: summer-fall harvest (Salinas Valley),crop=broccoli; transplant=yes,10.1016/j.dib.2020.106481
planting-0154,salinas_socs,socs_sys4,2011-07-15T00:00:00Z,2011-09-01T00:00:00Z,planting,FALSE,NA,NA,NA,paper text: summer-fall harvest (Salinas Valley),crop=broccoli; transplant=yes,10.1016/j.dib.2020.106481
planting-0155,salinas_socs,socs_sys5,2011-07-15T00:00:00Z,2011-09-01T00:00:00Z,planting,FALSE,NA,NA,NA,paper text: summer-fall harvest (Salinas Valley),crop=broccoli; transplant=yes,10.1016/j.dib.2020.106481
planting-0156,salinas_socs,socs_sys6,2011-07-15T00:00:00Z,2011-09-01T00:00:00Z,planting,FALSE,NA,NA,NA,paper text: summer-fall harvest (Salinas Valley),crop=broccoli; transplant=yes,10.1016/j.dib.2020.106481
planting-0157,salinas_socs,socs_sys7,2011-07-15T00:00:00Z,2011-09-01T00:00:00Z,planting,FALSE,NA,NA,NA,paper text: summer-fall harvest (Salinas Valley),crop=broccoli; transplant=yes,10.1016/j.dib.2020.106481
planting-0158,salinas_socs,socs_sys8,2011-07-15T00:00:00Z,2011-09-01T00:00:00Z,planting,FALSE,NA,NA,NA,paper text: summer-fall harvest (Salinas Valley),crop=broccoli; transplant=yes,10.1016/j.dib.2020.106481
harvest-0105,salinas_socs,socs_sys1,2011-09-01T00:00:00Z,2011-11-01T00:00:00Z,harvest,NA,NA,NA,NA,paper text: fall planting (Salinas Valley fall crop),crop=broccoli; harvested_component=floret; stover_left=yes,10.1016/j.dib.2020.106481
harvest-0106,salinas_socs,socs_sys2,2011-09-01T00:00:00Z,2011-11-01T00:00:00Z,harvest,NA,NA,NA,NA,paper text: fall planting (Salinas Valley fall crop),crop=broccoli; harvested_component=floret; stover_left=yes,10.1016/j.dib.2020.106481
harvest-0107,salinas_socs,socs_sys3,2011-09-01T00:00:00Z,2011-11-01T00:00:00Z,harvest,NA,NA,NA,NA,paper text: fall planting (Salinas Valley fall crop),crop=broccoli; harvested_component=floret; stover_left=yes,10.1016/j.dib.2020.106481
harvest-0108,salinas_socs,socs_sys4,2011-09-01T00:00:00Z,2011-11-01T00:00:00Z,harvest,NA,NA,NA,NA,paper text: fall planting (Salinas Valley fall crop),crop=broccoli; harvested_component=floret; stover_left=yes,10.1016/j.dib.2020.106481
harvest-0109,salinas_socs,socs_sys5,2011-09-01T00:00:00Z,2011-11-01T00:00:00Z,harvest,NA,NA,NA,NA,paper text: fall planting (Salinas Valley fall crop),crop=broccoli; harvested_component=floret; stover_left=yes,10.1016/j.dib.2020.106481
harvest-0110,salinas_socs,socs_sys6,2011-09-01T00:00:00Z,2011-11-01T00:00:00Z,harvest,NA,NA,NA,NA,paper text: fall planting (Salinas Valley fall crop),crop=broccoli; harvested_component=floret; stover_left=yes,10.1016/j.dib.2020.106481
harvest-0111,salinas_socs,socs_sys7,2011-09-01T00:00:00Z,2011-11-01T00:00:00Z,harvest,NA,NA,NA,NA,paper text: fall planting (Salinas Valley fall crop),crop=broccoli; harvested_component=floret; stover_left=yes,10.1016/j.dib.2020.106481
harvest-0112,salinas_socs,socs_sys8,2011-09-01T00:00:00Z,2011-11-01T00:00:00Z,harvest,NA,NA,NA,NA,paper text: fall planting (Salinas Valley fall crop),crop=broccoli; harvested_component=floret; stover_left=yes,10.1016/j.dib.2020.106481
tillage-0105,salinas_socs,socs_sys1,2011-10-01T00:00:00Z,2011-11-12T00:00:00Z,tillage,NA,NA,45,cm depth,paper text: post-broccoli fall harvest,implement=subsoiler; relative_timing=after_harvest; relative_to=broccoli,10.1016/j.dib.2020.106481
tillage-0106,salinas_socs,socs_sys2,2011-10-01T00:00:00Z,2011-11-12T00:00:00Z,tillage,NA,NA,45,cm depth,paper text: post-broccoli fall harvest,implement=subsoiler; relative_timing=after_harvest; relative_to=broccoli,10.1016/j.dib.2020.106481
tillage-0107,salinas_socs,socs_sys3,2011-10-01T00:00:00Z,2011-11-12T00:00:00Z,tillage,NA,NA,45,cm depth,paper text: post-broccoli fall harvest,implement=subsoiler; relative_timing=after_harvest; relative_to=broccoli,10.1016/j.dib.2020.106481
tillage-0108,salinas_socs,socs_sys4,2011-10-01T00:00:00Z,2011-11-12T00:00:00Z,tillage,NA,NA,45,cm depth,paper text: post-broccoli fall harvest,implement=subsoiler; relative_timing=after_harvest; relative_to=broccoli,10.1016/j.dib.2020.106481
tillage-0109,salinas_socs,socs_sys5,2011-10-01T00:00:00Z,2011-11-12T00:00:00Z,tillage,NA,NA,45,cm depth,paper text: post-broccoli fall harvest,implement=subsoiler; relative_timing=after_harvest; relative_to=broccoli,10.1016/j.dib.2020.106481
tillage-0110,salinas_socs,socs_sys6,2011-10-01T00:00:00Z,2011-11-12T00:00:00Z,tillage,NA,NA,45,cm depth,paper text: post-broccoli fall harvest,implement=subsoiler; relative_timing=after_harvest; relative_to=broccoli,10.1016/j.dib.2020.106481
tillage-0111,salinas_socs,socs_sys7,2011-10-01T00:00:00Z,2011-11-12T00:00:00Z,tillage,NA,NA,45,cm depth,paper text: post-broccoli fall harvest,implement=subsoiler; relative_timing=after_harvest; relative_to=broccoli,10.1016/j.dib.2020.106481
tillage-0112,salinas_socs,socs_sys8,2011-10-01T00:00:00Z,2011-11-12T00:00:00Z,tillage,NA,NA,45,cm depth,paper text: post-broccoli fall harvest,implement=subsoiler; relative_timing=after_harvest; relative_to=broccoli,10.1016/j.dib.2020.106481
planting-0159,salinas_socs,socs_sys3,2011-10-01T00:00:00Z,2011-11-12T00:00:00Z,planting,TRUE,legume-rye,NA,NA,paper text: fall planting,seeding_rate_relative=1x_conventional,10.1016/j.dib.2020.106481
planting-0160,salinas_socs,socs_sys4,2011-10-01T00:00:00Z,2011-11-12T00:00:00Z,planting,TRUE,legume-rye,NA,NA,paper text: fall planting,seeding_rate_relative=3x_conventional,10.1016/j.dib.2020.106481
planting-0161,salinas_socs,socs_sys5,2011-10-01T00:00:00Z,2011-11-12T00:00:00Z,planting,TRUE,mustard,NA,NA,paper text: fall planting,NA,10.1016/j.dib.2020.106481
planting-0162,salinas_socs,socs_sys6,2011-10-01T00:00:00Z,2011-11-12T00:00:00Z,planting,TRUE,mustard,NA,NA,paper text: fall planting,seeding_rate_relative=3x_conventional,10.1016/j.dib.2020.106481
planting-0163,salinas_socs,socs_sys7,2011-10-01T00:00:00Z,2011-11-12T00:00:00Z,planting,TRUE,rye,NA,NA,paper text: fall planting,NA,10.1016/j.dib.2020.106481
planting-0164,salinas_socs,socs_sys8,2011-10-01T00:00:00Z,2011-11-12T00:00:00Z,planting,TRUE,rye,NA,NA,paper text: fall planting,seeding_rate_relative=3x_conventional,10.1016/j.dib.2020.106481
tillage-0113,salinas_socs,socs_sys1,2012-02-01T00:00:00Z,2012-03-14T00:00:00Z,tillage,NA,NA,NA,NA,paper text: late winter cover crop incorporation,implement=spader,10.1016/j.dib.2020.106481
tillage-0114,salinas_socs,socs_sys2,2012-02-01T00:00:00Z,2012-03-14T00:00:00Z,tillage,NA,NA,NA,NA,paper text: late winter cover crop incorporation,implement=spader,10.1016/j.dib.2020.106481
tillage-0115,salinas_socs,socs_sys3,2012-02-01T00:00:00Z,2012-03-14T00:00:00Z,tillage,NA,NA,NA,NA,paper text: late winter cover crop incorporation,implement=spader,10.1016/j.dib.2020.106481
tillage-0116,salinas_socs,socs_sys4,2012-02-01T00:00:00Z,2012-03-14T00:00:00Z,tillage,NA,NA,NA,NA,paper text: late winter cover crop incorporation,implement=spader,10.1016/j.dib.2020.106481
tillage-0117,salinas_socs,socs_sys5,2012-02-01T00:00:00Z,2012-03-14T00:00:00Z,tillage,NA,NA,NA,NA,paper text: late winter cover crop incorporation,implement=spader,10.1016/j.dib.2020.106481
tillage-0118,salinas_socs,socs_sys6,2012-02-01T00:00:00Z,2012-03-14T00:00:00Z,tillage,NA,NA,NA,NA,paper text: late winter cover crop incorporation,implement=spader,10.1016/j.dib.2020.106481
tillage-0119,salinas_socs,socs_sys7,2012-02-01T00:00:00Z,2012-03-14T00:00:00Z,tillage,NA,NA,NA,NA,paper text: late winter cover crop incorporation,implement=spader,10.1016/j.dib.2020.106481
tillage-0120,salinas_socs,socs_sys8,2012-02-01T00:00:00Z,2012-03-14T00:00:00Z,tillage,NA,NA,NA,NA,paper text: late winter cover crop incorporation,implement=spader,10.1016/j.dib.2020.106481
fertilization-0099,salinas_socs,socs_sys2,2012-03-31T00:00:00Z,2012-05-31T00:00:00Z,fertilization,NA,NA,7.6,Mg ha-1 (oven-dry),paper text: before lettuce planting,material=composted_green_waste; N_content_g_kg=15; season=spring; relative_timing=before_planting; relative_to=romaine_lettuce,10.1016/j.dib.2020.106481
fertilization-0100,salinas_socs,socs_sys3,2012-03-31T00:00:00Z,2012-05-31T00:00:00Z,fertilization,NA,NA,7.6,Mg ha-1 (oven-dry),paper text: before lettuce planting,material=composted_green_waste; N_content_g_kg=15; season=spring; relative_timing=before_planting; relative_to=romaine_lettuce,10.1016/j.dib.2020.106481
fertilization-0101,salinas_socs,socs_sys4,2012-03-31T00:00:00Z,2012-05-31T00:00:00Z,fertilization,NA,NA,7.6,Mg ha-1 (oven-dry),paper text: before lettuce planting,material=composted_green_waste; N_content_g_kg=15; season=spring; relative_timing=before_planting; relative_to=romaine_lettuce,10.1016/j.dib.2020.106481
fertilization-0102,salinas_socs,socs_sys5,2012-03-31T00:00:00Z,2012-05-31T00:00:00Z,fertilization,NA,NA,7.6,Mg ha-1 (oven-dry),paper text: before lettuce planting,material=composted_green_waste; N_content_g_kg=15; season=spring; relative_timing=before_planting; relative_to=romaine_lettuce,10.1016/j.dib.2020.106481
fertilization-0103,salinas_socs,socs_sys6,2012-03-31T00:00:00Z,2012-05-31T00:00:00Z,fertilization,NA,NA,7.6,Mg ha-1 (oven-dry),paper text: before lettuce planting,material=composted_green_waste; N_content_g_kg=15; season=spring; relative_timing=before_planting; relative_to=romaine_lettuce,10.1016/j.dib.2020.106481
fertilization-0104,salinas_socs,socs_sys7,2012-03-31T00:00:00Z,2012-05-31T00:00:00Z,fertilization,NA,NA,7.6,Mg ha-1 (oven-dry),paper text: before lettuce planting,material=composted_green_waste; N_content_g_kg=15; season=spring; relative_timing=before_planting; relative_to=romaine_lettuce,10.1016/j.dib.2020.106481
fertilization-0105,salinas_socs,socs_sys8,2012-03-31T00:00:00Z,2012-05-31T00:00:00Z,fertilization,NA,NA,7.6,Mg ha-1 (oven-dry),paper text: before lettuce planting,material=composted_green_waste; N_content_g_kg=15; season=spring; relative_timing=before_planting; relative_to=romaine_lettuce,10.1016/j.dib.2020.106481
planting-0165,salinas_socs,socs_sys1,2012-04-30T00:00:00Z,2012-06-14T00:00:00Z,planting,FALSE,NA,NA,NA,paper text: spring planting (Salinas Valley spring crop),crop=romaine_lettuce; transplant=yes,10.1016/j.dib.2020.106481
planting-0166,salinas_socs,socs_sys2,2012-04-30T00:00:00Z,2012-06-14T00:00:00Z,planting,FALSE,NA,NA,NA,paper text: spring planting (Salinas Valley spring crop),crop=romaine_lettuce; transplant=yes,10.1016/j.dib.2020.106481
planting-0167,salinas_socs,socs_sys3,2012-04-30T00:00:00Z,2012-06-14T00:00:00Z,planting,FALSE,NA,NA,NA,paper text: spring planting (Salinas Valley spring crop),crop=romaine_lettuce; transplant=yes,10.1016/j.dib.2020.106481
planting-0168,salinas_socs,socs_sys4,2012-04-30T00:00:00Z,2012-06-14T00:00:00Z,planting,FALSE,NA,NA,NA,paper text: spring planting (Salinas Valley spring crop),crop=romaine_lettuce; transplant=yes,10.1016/j.dib.2020.106481
planting-0169,salinas_socs,socs_sys5,2012-04-30T00:00:00Z,2012-06-14T00:00:00Z,planting,FALSE,NA,NA,NA,paper text: spring planting (Salinas Valley spring crop),crop=romaine_lettuce; transplant=yes,10.1016/j.dib.2020.106481
planting-0170,salinas_socs,socs_sys6,2012-04-30T00:00:00Z,2012-06-14T00:00:00Z,planting,FALSE,NA,NA,NA,paper text: spring planting (Salinas Valley spring crop),crop=romaine_lettuce; transplant=yes,10.1016/j.dib.2020.106481
planting-0171,salinas_socs,socs_sys7,2012-04-30T00:00:00Z,2012-06-14T00:00:00Z,planting,FALSE,NA,NA,NA,paper text: spring planting (Salinas Valley spring crop),crop=romaine_lettuce; transplant=yes,10.1016/j.dib.2020.106481
planting-0172,salinas_socs,socs_sys8,2012-04-30T00:00:00Z,2012-06-14T00:00:00Z,planting,FALSE,NA,NA,NA,paper text: spring planting (Salinas Valley spring crop),crop=romaine_lettuce; transplant=yes,10.1016/j.dib.2020.106481
harvest-0113,salinas_socs,socs_sys1,2012-06-14T00:00:00Z,2012-07-31T00:00:00Z,harvest,NA,NA,NA,NA,paper text: summer harvest (Salinas Valley spring crop),crop=romaine_lettuce; harvested_component=head; stover_left=yes,10.1016/j.dib.2020.106481
harvest-0114,salinas_socs,socs_sys2,2012-06-14T00:00:00Z,2012-07-31T00:00:00Z,harvest,NA,NA,NA,NA,paper text: summer harvest (Salinas Valley spring crop),crop=romaine_lettuce; harvested_component=head; stover_left=yes,10.1016/j.dib.2020.106481
harvest-0115,salinas_socs,socs_sys3,2012-06-14T00:00:00Z,2012-07-31T00:00:00Z,harvest,NA,NA,NA,NA,paper text: summer harvest (Salinas Valley spring crop),crop=romaine_lettuce; harvested_component=head; stover_left=yes,10.1016/j.dib.2020.106481
harvest-0116,salinas_socs,socs_sys4,2012-06-14T00:00:00Z,2012-07-31T00:00:00Z,harvest,NA,NA,NA,NA,paper text: summer harvest (Salinas Valley spring crop),crop=romaine_lettuce; harvested_component=head; stover_left=yes,10.1016/j.dib.2020.106481
harvest-0117,salinas_socs,socs_sys5,2012-06-14T00:00:00Z,2012-07-31T00:00:00Z,harvest,NA,NA,NA,NA,paper text: summer harvest (Salinas Valley spring crop),crop=romaine_lettuce; harvested_component=head; stover_left=yes,10.1016/j.dib.2020.106481
harvest-0118,salinas_socs,socs_sys6,2012-06-14T00:00:00Z,2012-07-31T00:00:00Z,harvest,NA,NA,NA,NA,paper text: summer harvest (Salinas Valley spring crop),crop=romaine_lettuce; harvested_component=head; stover_left=yes,10.1016/j.dib.2020.106481
harvest-0119,salinas_socs,socs_sys7,2012-06-14T00:00:00Z,2012-07-31T00:00:00Z,harvest,NA,NA,NA,NA,paper text: summer harvest (Salinas Valley spring crop),crop=romaine_lettuce; harvested_component=head; stover_left=yes,10.1016/j.dib.2020.106481
harvest-0120,salinas_socs,socs_sys8,2012-06-14T00:00:00Z,2012-07-31T00:00:00Z,harvest,NA,NA,NA,NA,paper text: summer harvest (Salinas Valley spring crop),crop=romaine_lettuce; harvested_component=head; stover_left=yes,10.1016/j.dib.2020.106481
compost_application-0002,modesto_almond_usda,compost,2012-10-01T00:00:00Z,2012-11-30T00:00:00Z,compost_application,FALSE,NA,38,dry t ha-1,yard trimmings compost (Recology); top-dressed; not incorporated,compost_C_pct=20; compost_N_pct=1.6; CN_ratio=13; pH=8.5; EC_ds_m=4.4,10.1002/saj2.20615
compost_application-0003,modesto_almond_usda,compost,2013-10-01T00:00:00Z,2013-11-30T00:00:00Z,compost_application,FALSE,NA,38,dry t ha-1,yard trimmings compost (Recology); top-dressed; not incorporated,compost_C_pct=20; compost_N_pct=1.6; CN_ratio=13; pH=8.5; EC_ds_m=4.4,10.1002/saj2.20615
compost_application-0004,modesto_almond_usda,compost,2014-10-01T00:00:00Z,2014-11-30T00:00:00Z,compost_application,FALSE,NA,38,dry t ha-1,yard trimmings compost (Recology); top-dressed; not incorporated,compost_C_pct=20; compost_N_pct=1.6; CN_ratio=13; pH=8.5; EC_ds_m=4.4,10.1002/saj2.20615
compost_application-0005,modesto_almond_usda,compost,2015-10-01T00:00:00Z,2015-11-30T00:00:00Z,compost_application,FALSE,NA,38,dry t ha-1,yard trimmings compost (Recology); top-dressed; not incorporated,compost_C_pct=20; compost_N_pct=1.6; CN_ratio=13; pH=8.5; EC_ds_m=4.4,10.1002/saj2.20615
compost_application-0006,modesto_almond_usda,compost,2016-10-01T00:00:00Z,2016-11-30T00:00:00Z,compost_application,FALSE,NA,38,dry t ha-1,yard trimmings compost (Recology); top-dressed; not incorporated,compost_C_pct=20; compost_N_pct=1.6; CN_ratio=13; pH=8.5; EC_ds_m=4.4,10.1002/saj2.20615
compost_application-0007,modesto_almond_usda,compost,2017-10-01T00:00:00Z,2017-11-30T00:00:00Z,compost_application,FALSE,NA,38,dry t ha-1,yard trimmings compost (Recology); top-dressed; not incorporated,compost_C_pct=20; compost_N_pct=1.6; CN_ratio=13; pH=8.5; EC_ds_m=4.4,10.1002/saj2.20615
compost_application-0008,modesto_almond_usda,compost,2018-10-01T00:00:00Z,2018-11-30T00:00:00Z,compost_application,FALSE,NA,38,dry t ha-1,yard trimmings compost (Recology); top-dressed; not incorporated,compost_C_pct=20; compost_N_pct=1.6; CN_ratio=13; pH=8.5; EC_ds_m=4.4,10.1002/saj2.20615
fertilization-0106,modesto_almond_usda,no_compost,2018-11-01T00:00:00Z,2018-11-01T00:00:00Z,fertilization,FALSE,NA,39.2,kg N ha-1,HFLC drip fertigation; UAN_32 or CAN_17 depending on season,N_kg_ha=39.2; fertilizer_type=UAN_or_CAN; irrigation_method=surface_drip,10.15482/USDA.ADC/26155504
fertilization-0107,modesto_almond_usda,compost,2018-11-01T00:00:00Z,2018-11-01T00:00:00Z,fertilization,FALSE,NA,39.2,kg N ha-1,HFLC drip fertigation; UAN_32 or CAN_17 depending on season,N_kg_ha=39.2; fertilizer_type=UAN_or_CAN; irrigation_method=surface_drip,10.15482/USDA.ADC/26155504
fertilization-0108,modesto_almond_usda,no_compost,2019-03-15T00:00:00Z,2019-03-15T00:00:00Z,fertilization,FALSE,NA,28,kg N ha-1,HFLC drip fertigation; UAN_32 or CAN_17 depending on season,N_kg_ha=28.0; fertilizer_type=UAN_or_CAN; irrigation_method=surface_drip,10.15482/USDA.ADC/26155504
fertilization-0109,modesto_almond_usda,compost,2019-03-15T00:00:00Z,2019-03-15T00:00:00Z,fertilization,FALSE,NA,28,kg N ha-1,HFLC drip fertigation; UAN_32 or CAN_17 depending on season,N_kg_ha=28.0; fertilizer_type=UAN_or_CAN; irrigation_method=surface_drip,10.15482/USDA.ADC/26155504
fertilization-0110,modesto_almond_usda,no_compost,2019-03-18T00:00:00Z,2019-03-18T00:00:00Z,fertilization,FALSE,NA,22.4,kg N ha-1,HFLC drip fertigation; UAN_32 or CAN_17 depending on season,N_kg_ha=22.4; fertilizer_type=UAN_or_CAN; irrigation_method=surface_drip,10.15482/USDA.ADC/26155504
fertilization-0111,modesto_almond_usda,compost,2019-03-18T00:00:00Z,2019-03-18T00:00:00Z,fertilization,FALSE,NA,22.4,kg N ha-1,HFLC drip fertigation; UAN_32 or CAN_17 depending on season,N_kg_ha=22.4; fertilizer_type=UAN_or_CAN; irrigation_method=surface_drip,10.15482/USDA.ADC/26155504
fertilization-0112,modesto_almond_usda,no_compost,2019-03-28T00:00:00Z,2019-03-28T00:00:00Z,fertilization,FALSE,NA,4.5,kg N ha-1,HFLC drip fertigation; UAN_32 or CAN_17 depending on season,N_kg_ha=4.5; fertilizer_type=UAN_or_CAN; irrigation_method=surface_drip,10.15482/USDA.ADC/26155504
fertilization-0113,modesto_almond_usda,compost,2019-03-28T00:00:00Z,2019-03-28T00:00:00Z,fertilization,FALSE,NA,4.5,kg N ha-1,HFLC drip fertigation; UAN_32 or CAN_17 depending on season,N_kg_ha=4.5; fertilizer_type=UAN_or_CAN; irrigation_method=surface_drip,10.15482/USDA.ADC/26155504
fertilization-0114,modesto_almond_usda,no_compost,2019-03-29T00:00:00Z,2019-03-29T00:00:00Z,fertilization,FALSE,NA,6.7,kg N ha-1,HFLC drip fertigation; UAN_32 or CAN_17 depending on season,N_kg_ha=6.7; fertilizer_type=UAN_or_CAN; irrigation_method=surface_drip,10.15482/USDA.ADC/26155504
fertilization-0115,modesto_almond_usda,compost,2019-03-29T00:00:00Z,2019-03-29T00:00:00Z,fertilization,FALSE,NA,6.7,kg N ha-1,HFLC drip fertigation; UAN_32 or CAN_17 depending on season,N_kg_ha=6.7; fertilizer_type=UAN_or_CAN; irrigation_method=surface_drip,10.15482/USDA.ADC/26155504
fertilization-0116,modesto_almond_usda,no_compost,2019-04-04T00:00:00Z,2019-04-04T00:00:00Z,fertilization,FALSE,NA,14.6,kg N ha-1,HFLC drip fertigation; UAN_32 or CAN_17 depending on season,N_kg_ha=14.6; fertilizer_type=UAN_or_CAN; irrigation_method=surface_drip,10.15482/USDA.ADC/26155504
fertilization-0117,modesto_almond_usda,compost,2019-04-04T00:00:00Z,2019-04-04T00:00:00Z,fertilization,FALSE,NA,14.6,kg N ha-1,HFLC drip fertigation; UAN_32 or CAN_17 depending on season,N_kg_ha=14.6; fertilizer_type=UAN_or_CAN; irrigation_method=surface_drip,10.15482/USDA.ADC/26155504
fertilization-0118,modesto_almond_usda,no_compost,2019-04-11T00:00:00Z,2019-04-11T00:00:00Z,fertilization,FALSE,NA,5.6,kg N ha-1,HFLC drip fertigation; UAN_32 or CAN_17 depending on season,N_kg_ha=5.6; fertilizer_type=UAN_or_CAN; irrigation_method=surface_drip,10.15482/USDA.ADC/26155504
fertilization-0119,modesto_almond_usda,compost,2019-04-11T00:00:00Z,2019-04-11T00:00:00Z,fertilization,FALSE,NA,5.6,kg N ha-1,HFLC drip fertigation; UAN_32 or CAN_17 depending on season,N_kg_ha=5.6; fertilizer_type=UAN_or_CAN; irrigation_method=surface_drip,10.15482/USDA.ADC/26155504
fertilization-0120,modesto_almond_usda,no_compost,2019-04-20T00:00:00Z,2019-04-20T00:00:00Z,fertilization,FALSE,NA,11.2,kg N ha-1,HFLC drip fertigation; UAN_32 or CAN_17 depending on season,N_kg_ha=11.2; fertilizer_type=UAN_or_CAN; irrigation_method=surface_drip,10.15482/USDA.ADC/26155504
fertilization-0121,modesto_almond_usda,compost,2019-04-20T00:00:00Z,2019-04-20T00:00:00Z,fertilization,FALSE,NA,11.2,kg N ha-1,HFLC drip fertigation; UAN_32 or CAN_17 depending on season,N_kg_ha=11.2; fertilizer_type=UAN_or_CAN; irrigation_method=surface_drip,10.15482/USDA.ADC/26155504
fertilization-0122,modesto_almond_usda,no_compost,2019-04-26T00:00:00Z,2019-04-26T00:00:00Z,fertilization,FALSE,NA,11.2,kg N ha-1,HFLC drip fertigation; UAN_32 or CAN_17 depending on season,N_kg_ha=11.2; fertilizer_type=UAN_or_CAN; irrigation_method=surface_drip,10.15482/USDA.ADC/26155504
fertilization-0123,modesto_almond_usda,compost,2019-04-26T00:00:00Z,2019-04-26T00:00:00Z,fertilization,FALSE,NA,11.2,kg N ha-1,HFLC drip fertigation; UAN_32 or CAN_17 depending on season,N_kg_ha=11.2; fertilizer_type=UAN_or_CAN; irrigation_method=surface_drip,10.15482/USDA.ADC/26155504
fertilization-0124,modesto_almond_usda,no_compost,2019-05-03T00:00:00Z,2019-05-03T00:00:00Z,fertilization,FALSE,NA,11.2,kg N ha-1,HFLC drip fertigation; UAN_32 or CAN_17 depending on season,N_kg_ha=11.2; fertilizer_type=UAN_or_CAN; irrigation_method=surface_drip,10.15482/USDA.ADC/26155504
fertilization-0125,modesto_almond_usda,compost,2019-05-03T00:00:00Z,2019-05-03T00:00:00Z,fertilization,FALSE,NA,11.2,kg N ha-1,HFLC drip fertigation; UAN_32 or CAN_17 depending on season,N_kg_ha=11.2; fertilizer_type=UAN_or_CAN; irrigation_method=surface_drip,10.15482/USDA.ADC/26155504
fertilization-0126,modesto_almond_usda,no_compost,2019-05-06T00:00:00Z,2019-05-06T00:00:00Z,fertilization,FALSE,NA,11.2,kg N ha-1,HFLC drip fertigation; UAN_32 or CAN_17 depending on season,N_kg_ha=11.2; fertilizer_type=UAN_or_CAN; irrigation_method=surface_drip,10.15482/USDA.ADC/26155504
fertilization-0127,modesto_almond_usda,compost,2019-05-06T00:00:00Z,2019-05-06T00:00:00Z,fertilization,FALSE,NA,11.2,kg N ha-1,HFLC drip fertigation; UAN_32 or CAN_17 depending on season,N_kg_ha=11.2; fertilizer_type=UAN_or_CAN; irrigation_method=surface_drip,10.15482/USDA.ADC/26155504
fertilization-0128,modesto_almond_usda,no_compost,2019-05-13T00:00:00Z,2019-05-13T00:00:00Z,fertilization,FALSE,NA,11.2,kg N ha-1,HFLC drip fertigation; UAN_32 or CAN_17 depending on season,N_kg_ha=11.2; fertilizer_type=UAN_or_CAN; irrigation_method=surface_drip,10.15482/USDA.ADC/26155504
fertilization-0129,modesto_almond_usda,compost,2019-05-13T00:00:00Z,2019-05-13T00:00:00Z,fertilization,FALSE,NA,11.2,kg N ha-1,HFLC drip fertigation; UAN_32 or CAN_17 depending on season,N_kg_ha=11.2; fertilizer_type=UAN_or_CAN; irrigation_method=surface_drip,10.15482/USDA.ADC/26155504
fertilization-0130,modesto_almond_usda,no_compost,2019-05-20T00:00:00Z,2019-05-20T00:00:00Z,fertilization,FALSE,NA,11.2,kg N ha-1,HFLC drip fertigation; UAN_32 or CAN_17 depending on season,N_kg_ha=11.2; fertilizer_type=UAN_or_CAN; irrigation_method=surface_drip,10.15482/USDA.ADC/26155504
fertilization-0131,modesto_almond_usda,compost,2019-05-20T00:00:00Z,2019-05-20T00:00:00Z,fertilization,FALSE,NA,11.2,kg N ha-1,HFLC drip fertigation; UAN_32 or CAN_17 depending on season,N_kg_ha=11.2; fertilizer_type=UAN_or_CAN; irrigation_method=surface_drip,10.15482/USDA.ADC/26155504
fertilization-0132,modesto_almond_usda,no_compost,2019-06-04T00:00:00Z,2019-06-04T00:00:00Z,fertilization,FALSE,NA,11.2,kg N ha-1,HFLC drip fertigation; UAN_32 or CAN_17 depending on season,N_kg_ha=11.2; fertilizer_type=UAN_or_CAN; irrigation_method=surface_drip,10.15482/USDA.ADC/26155504
fertilization-0133,modesto_almond_usda,compost,2019-06-04T00:00:00Z,2019-06-04T00:00:00Z,fertilization,FALSE,NA,11.2,kg N ha-1,HFLC drip fertigation; UAN_32 or CAN_17 depending on season,N_kg_ha=11.2; fertilizer_type=UAN_or_CAN; irrigation_method=surface_drip,10.15482/USDA.ADC/26155504
fertilization-0134,modesto_almond_usda,no_compost,2019-06-11T00:00:00Z,2019-06-11T00:00:00Z,fertilization,FALSE,NA,11.2,kg N ha-1,HFLC drip fertigation; UAN_32 or CAN_17 depending on season,N_kg_ha=11.2; fertilizer_type=UAN_or_CAN; irrigation_method=surface_drip,10.15482/USDA.ADC/26155504
fertilization-0135,modesto_almond_usda,compost,2019-06-11T00:00:00Z,2019-06-11T00:00:00Z,fertilization,FALSE,NA,11.2,kg N ha-1,HFLC drip fertigation; UAN_32 or CAN_17 depending on season,N_kg_ha=11.2; fertilizer_type=UAN_or_CAN; irrigation_method=surface_drip,10.15482/USDA.ADC/26155504
fertilization-0136,modesto_almond_usda,no_compost,2019-06-25T00:00:00Z,2019-06-25T00:00:00Z,fertilization,FALSE,NA,11.2,kg N ha-1,HFLC drip fertigation; UAN_32 or CAN_17 depending on season,N_kg_ha=11.2; fertilizer_type=UAN_or_CAN; irrigation_method=surface_drip,10.15482/USDA.ADC/26155504
fertilization-0137,modesto_almond_usda,compost,2019-06-25T00:00:00Z,2019-06-25T00:00:00Z,fertilization,FALSE,NA,11.2,kg N ha-1,HFLC drip fertigation; UAN_32 or CAN_17 depending on season,N_kg_ha=11.2; fertilizer_type=UAN_or_CAN; irrigation_method=surface_drip,10.15482/USDA.ADC/26155504
