min_date,max_date,crop,variety,sitename,variable,method,value,n,statname,stat,treatment_id,replicate_id,...14,min_depth,max_depth,citation,fill_status,notes,dataset_id,reported_units,observation_level
2006-10-01,2006-11-01,NA,NA,salinas_socs,bulk_density_g_cm3,core_sample,1,1,NA,NA,socs_sys1,1,4,0,30,10.1016/j.dib.2020.106481,FILLED_SITE_DATA_XLSX,reported as fall sampling; approximate October window,white_salinas_2020,g cm-3,replicate
2006-10-01,2006-11-01,NA,NA,salinas_socs,bulk_density_g_cm3,core_sample,1.4,1,NA,NA,socs_sys1,2,4,0,30,10.1016/j.dib.2020.106481,FILLED_SITE_DATA_XLSX,reported as fall sampling; approximate October window,white_salinas_2020,g cm-3,replicate
2006-10-01,2006-11-01,NA,NA,salinas_socs,bulk_density_g_cm3,core_sample,1.4,1,NA,NA,socs_sys1,3,4,0,30,10.1016/j.dib.2020.106481,FILLED_SITE_DATA_XLSX,reported as fall sampling; approximate October window,white_salinas_2020,g cm-3,replicate
2006-10-01,2006-11-01,NA,NA,salinas_socs,bulk_density_g_cm3,core_sample,1.41,1,NA,NA,socs_sys1,4,4,0,30,10.1016/j.dib.2020.106481,FILLED_SITE_DATA_XLSX,reported as fall sampling; approximate October window,white_salinas_2020,g cm-3,replicate
2010-10-01,2010-11-01,NA,NA,salinas_socs,bulk_density_g_cm3,core_sample,1.35,1,NA,NA,socs_sys1,1,7,0,30,10.1016/j.dib.2020.106481,FILLED_SITE_DATA_XLSX,reported as fall sampling; approximate October window,white_salinas_2020,g cm-3,replicate
2010-10-01,2010-11-01,NA,NA,salinas_socs,bulk_density_g_cm3,core_sample,1.34,1,NA,NA,socs_sys1,2,7,0,30,10.1016/j.dib.2020.106481,FILLED_SITE_DATA_XLSX,reported as fall sampling; approximate October window,white_salinas_2020,g cm-3,replicate
2010-10-01,2010-11-01,NA,NA,salinas_socs,bulk_density_g_cm3,core_sample,1.41,1,NA,NA,socs_sys1,3,7,0,30,10.1016/j.dib.2020.106481,FILLED_SITE_DATA_XLSX,reported as fall sampling; approximate October window,white_salinas_2020,g cm-3,replicate
2010-10-01,2010-11-01,NA,NA,salinas_socs,bulk_density_g_cm3,core_sample,1,1,NA,NA,socs_sys1,4,7,0,30,10.1016/j.dib.2020.106481,FILLED_SITE_DATA_XLSX,reported as fall sampling; approximate October window,white_salinas_2020,g cm-3,replicate
2011-08-01,2011-09-01,NA,NA,salinas_socs,bulk_density_g_cm3,core_sample,1.38,1,NA,NA,socs_sys1,1,8,0,30,10.1016/j.dib.2020.106481,FILLED_SITE_DATA_XLSX,August 2011; study ended post-lettuce harvest,white_salinas_2020,g cm-3,replicate
2011-08-01,2011-09-01,NA,NA,salinas_socs,bulk_density_g_cm3,core_sample,1.29,1,NA,NA,socs_sys1,2,8,0,30,10.1016/j.dib.2020.106481,FILLED_SITE_DATA_XLSX,August 2011; study ended post-lettuce harvest,white_salinas_2020,g cm-3,replicate
2011-08-01,2011-09-01,NA,NA,salinas_socs,bulk_density_g_cm3,core_sample,1.24,1,NA,NA,socs_sys1,3,8,0,30,10.1016/j.dib.2020.106481,FILLED_SITE_DATA_XLSX,August 2011; study ended post-lettuce harvest,white_salinas_2020,g cm-3,replicate
2011-08-01,2011-09-01,NA,NA,salinas_socs,bulk_density_g_cm3,core_sample,1.29,1,NA,NA,socs_sys1,4,8,0,30,10.1016/j.dib.2020.106481,FILLED_SITE_DATA_XLSX,August 2011; study ended post-lettuce harvest,white_salinas_2020,g cm-3,replicate
2006-10-01,2006-11-01,NA,NA,salinas_socs,bulk_density_g_cm3,core_sample,1.3,1,NA,NA,socs_sys2,1,4,0,30,10.1016/j.dib.2020.106481,FILLED_SITE_DATA_XLSX,reported as fall sampling; approximate October window,white_salinas_2020,g cm-3,replicate
2006-10-01,2006-11-01,NA,NA,salinas_socs,bulk_density_g_cm3,core_sample,1.35,1,NA,NA,socs_sys2,2,4,0,30,10.1016/j.dib.2020.106481,FILLED_SITE_DATA_XLSX,reported as fall sampling; approximate October window,white_salinas_2020,g cm-3,replicate
2006-10-01,2006-11-01,NA,NA,salinas_socs,bulk_density_g_cm3,core_sample,1,1,NA,NA,socs_sys2,3,4,0,30,10.1016/j.dib.2020.106481,FILLED_SITE_DATA_XLSX,reported as fall sampling; approximate October window,white_salinas_2020,g cm-3,replicate
2006-10-01,2006-11-01,NA,NA,salinas_socs,bulk_density_g_cm3,core_sample,1.45,1,NA,NA,socs_sys2,4,4,0,30,10.1016/j.dib.2020.106481,FILLED_SITE_DATA_XLSX,reported as fall sampling; approximate October window,white_salinas_2020,g cm-3,replicate
2010-10-01,2010-11-01,NA,NA,salinas_socs,bulk_density_g_cm3,core_sample,1.31,1,NA,NA,socs_sys2,1,7,0,30,10.1016/j.dib.2020.106481,FILLED_SITE_DATA_XLSX,reported as fall sampling; approximate October window,white_salinas_2020,g cm-3,replicate
2010-10-01,2010-11-01,NA,NA,salinas_socs,bulk_density_g_cm3,core_sample,1.27,1,NA,NA,socs_sys2,2,7,0,30,10.1016/j.dib.2020.106481,FILLED_SITE_DATA_XLSX,reported as fall sampling; approximate October window,white_salinas_2020,g cm-3,replicate
2010-10-01,2010-11-01,NA,NA,salinas_socs,bulk_density_g_cm3,core_sample,1,1,NA,NA,socs_sys2,3,7,0,30,10.1016/j.dib.2020.106481,FILLED_SITE_DATA_XLSX,reported as fall sampling; approximate October window,white_salinas_2020,g cm-3,replicate
2010-10-01,2010-11-01,NA,NA,salinas_socs,bulk_density_g_cm3,core_sample,1.29,1,NA,NA,socs_sys2,4,7,0,30,10.1016/j.dib.2020.106481,FILLED_SITE_DATA_XLSX,reported as fall sampling; approximate October window,white_salinas_2020,g cm-3,replicate
2011-08-01,2011-09-01,NA,NA,salinas_socs,bulk_density_g_cm3,core_sample,1.37,1,NA,NA,socs_sys2,1,8,0,30,10.1016/j.dib.2020.106481,FILLED_SITE_DATA_XLSX,August 2011; study ended post-lettuce harvest,white_salinas_2020,g cm-3,replicate
2011-08-01,2011-09-01,NA,NA,salinas_socs,bulk_density_g_cm3,core_sample,1.26,1,NA,NA,socs_sys2,2,8,0,30,10.1016/j.dib.2020.106481,FILLED_SITE_DATA_XLSX,August 2011; study ended post-lettuce harvest,white_salinas_2020,g cm-3,replicate
2011-08-01,2011-09-01,NA,NA,salinas_socs,bulk_density_g_cm3,core_sample,1.17,1,NA,NA,socs_sys2,3,8,0,30,10.1016/j.dib.2020.106481,FILLED_SITE_DATA_XLSX,August 2011; study ended post-lettuce harvest,white_salinas_2020,g cm-3,replicate
2011-08-01,2011-09-01,NA,NA,salinas_socs,bulk_density_g_cm3,core_sample,1.23,1,NA,NA,socs_sys2,4,8,0,30,10.1016/j.dib.2020.106481,FILLED_SITE_DATA_XLSX,August 2011; study ended post-lettuce harvest,white_salinas_2020,g cm-3,replicate
2006-10-01,2006-11-01,NA,NA,salinas_socs,bulk_density_g_cm3,core_sample,1.37,1,NA,NA,socs_sys4,1,4,0,30,10.1016/j.dib.2020.106481,FILLED_SITE_DATA_XLSX,reported as fall sampling; approximate October window,white_salinas_2020,g cm-3,replicate
2006-10-01,2006-11-01,NA,NA,salinas_socs,bulk_density_g_cm3,core_sample,1.29,1,NA,NA,socs_sys4,2,4,0,30,10.1016/j.dib.2020.106481,FILLED_SITE_DATA_XLSX,reported as fall sampling; approximate October window,white_salinas_2020,g cm-3,replicate
2006-10-01,2006-11-01,NA,NA,salinas_socs,bulk_density_g_cm3,core_sample,1.29,1,NA,NA,socs_sys4,3,4,0,30,10.1016/j.dib.2020.106481,FILLED_SITE_DATA_XLSX,reported as fall sampling; approximate October window,white_salinas_2020,g cm-3,replicate
2006-10-01,2006-11-01,NA,NA,salinas_socs,bulk_density_g_cm3,core_sample,1,1,NA,NA,socs_sys4,4,4,0,30,10.1016/j.dib.2020.106481,FILLED_SITE_DATA_XLSX,reported as fall sampling; approximate October window,white_salinas_2020,g cm-3,replicate
2010-10-01,2010-11-01,NA,NA,salinas_socs,bulk_density_g_cm3,core_sample,1.26,1,NA,NA,socs_sys4,1,7,0,30,10.1016/j.dib.2020.106481,FILLED_SITE_DATA_XLSX,reported as fall sampling; approximate October window,white_salinas_2020,g cm-3,replicate
2010-10-01,2010-11-01,NA,NA,salinas_socs,bulk_density_g_cm3,core_sample,1.28,1,NA,NA,socs_sys4,2,7,0,30,10.1016/j.dib.2020.106481,FILLED_SITE_DATA_XLSX,reported as fall sampling; approximate October window,white_salinas_2020,g cm-3,replicate
2010-10-01,2010-11-01,NA,NA,salinas_socs,bulk_density_g_cm3,core_sample,1.24,1,NA,NA,socs_sys4,3,7,0,30,10.1016/j.dib.2020.106481,FILLED_SITE_DATA_XLSX,reported as fall sampling; approximate October window,white_salinas_2020,g cm-3,replicate
2010-10-01,2010-11-01,NA,NA,salinas_socs,bulk_density_g_cm3,core_sample,1.25,1,NA,NA,socs_sys4,4,7,0,30,10.1016/j.dib.2020.106481,FILLED_SITE_DATA_XLSX,reported as fall sampling; approximate October window,white_salinas_2020,g cm-3,replicate
2011-08-01,2011-09-01,NA,NA,salinas_socs,bulk_density_g_cm3,core_sample,1.26,1,NA,NA,socs_sys4,1,8,0,30,10.1016/j.dib.2020.106481,FILLED_SITE_DATA_XLSX,August 2011; study ended post-lettuce harvest,white_salinas_2020,g cm-3,replicate
2011-08-01,2011-09-01,NA,NA,salinas_socs,bulk_density_g_cm3,core_sample,1.23,1,NA,NA,socs_sys4,2,8,0,30,10.1016/j.dib.2020.106481,FILLED_SITE_DATA_XLSX,August 2011; study ended post-lettuce harvest,white_salinas_2020,g cm-3,replicate
2011-08-01,2011-09-01,NA,NA,salinas_socs,bulk_density_g_cm3,core_sample,1.18,1,NA,NA,socs_sys4,3,8,0,30,10.1016/j.dib.2020.106481,FILLED_SITE_DATA_XLSX,August 2011; study ended post-lettuce harvest,white_salinas_2020,g cm-3,replicate
2011-08-01,2011-09-01,NA,NA,salinas_socs,bulk_density_g_cm3,core_sample,1.22,1,NA,NA,socs_sys4,4,8,0,30,10.1016/j.dib.2020.106481,FILLED_SITE_DATA_XLSX,August 2011; study ended post-lettuce harvest,white_salinas_2020,g cm-3,replicate
2006-10-01,2006-11-01,NA,NA,salinas_socs,bulk_density_g_cm3,core_sample,1.34,1,NA,NA,socs_sys5,1,4,0,30,10.1016/j.dib.2020.106481,FILLED_SITE_DATA_XLSX,reported as fall sampling; approximate October window,white_salinas_2020,g cm-3,replicate
2006-10-01,2006-11-01,NA,NA,salinas_socs,bulk_density_g_cm3,core_sample,1.35,1,NA,NA,socs_sys5,2,4,0,30,10.1016/j.dib.2020.106481,FILLED_SITE_DATA_XLSX,reported as fall sampling; approximate October window,white_salinas_2020,g cm-3,replicate
2006-10-01,2006-11-01,NA,NA,salinas_socs,bulk_density_g_cm3,core_sample,1.34,1,NA,NA,socs_sys5,3,4,0,30,10.1016/j.dib.2020.106481,FILLED_SITE_DATA_XLSX,reported as fall sampling; approximate October window,white_salinas_2020,g cm-3,replicate
2006-10-01,2006-11-01,NA,NA,salinas_socs,bulk_density_g_cm3,core_sample,1.28,1,NA,NA,socs_sys5,4,4,0,30,10.1016/j.dib.2020.106481,FILLED_SITE_DATA_XLSX,reported as fall sampling; approximate October window,white_salinas_2020,g cm-3,replicate
2010-10-01,2010-11-01,NA,NA,salinas_socs,bulk_density_g_cm3,core_sample,1.26,1,NA,NA,socs_sys5,1,7,0,30,10.1016/j.dib.2020.106481,FILLED_SITE_DATA_XLSX,reported as fall sampling; approximate October window,white_salinas_2020,g cm-3,replicate
2010-10-01,2010-11-01,NA,NA,salinas_socs,bulk_density_g_cm3,core_sample,1.28,1,NA,NA,socs_sys5,2,7,0,30,10.1016/j.dib.2020.106481,FILLED_SITE_DATA_XLSX,reported as fall sampling; approximate October window,white_salinas_2020,g cm-3,replicate
2010-10-01,2010-11-01,NA,NA,salinas_socs,bulk_density_g_cm3,core_sample,1.25,1,NA,NA,socs_sys5,3,7,0,30,10.1016/j.dib.2020.106481,FILLED_SITE_DATA_XLSX,reported as fall sampling; approximate October window,white_salinas_2020,g cm-3,replicate
2010-10-01,2010-11-01,NA,NA,salinas_socs,bulk_density_g_cm3,core_sample,1.24,1,NA,NA,socs_sys5,4,7,0,30,10.1016/j.dib.2020.106481,FILLED_SITE_DATA_XLSX,reported as fall sampling; approximate October window,white_salinas_2020,g cm-3,replicate
2011-08-01,2011-09-01,NA,NA,salinas_socs,bulk_density_g_cm3,core_sample,1.33,1,NA,NA,socs_sys5,1,8,0,30,10.1016/j.dib.2020.106481,FILLED_SITE_DATA_XLSX,August 2011; study ended post-lettuce harvest,white_salinas_2020,g cm-3,replicate
2011-08-01,2011-09-01,NA,NA,salinas_socs,bulk_density_g_cm3,core_sample,1.22,1,NA,NA,socs_sys5,2,8,0,30,10.1016/j.dib.2020.106481,FILLED_SITE_DATA_XLSX,August 2011; study ended post-lettuce harvest,white_salinas_2020,g cm-3,replicate
2011-08-01,2011-09-01,NA,NA,salinas_socs,bulk_density_g_cm3,core_sample,1.19,1,NA,NA,socs_sys5,3,8,0,30,10.1016/j.dib.2020.106481,FILLED_SITE_DATA_XLSX,August 2011; study ended post-lettuce harvest,white_salinas_2020,g cm-3,replicate
2011-08-01,2011-09-01,NA,NA,salinas_socs,bulk_density_g_cm3,core_sample,1.21,1,NA,NA,socs_sys5,4,8,0,30,10.1016/j.dib.2020.106481,FILLED_SITE_DATA_XLSX,August 2011; study ended post-lettuce harvest,white_salinas_2020,g cm-3,replicate
2006-10-01,2006-11-01,NA,NA,salinas_socs,bulk_density_g_cm3,core_sample,1.31,1,NA,NA,socs_sys7,1,4,0,30,10.1016/j.dib.2020.106481,FILLED_SITE_DATA_XLSX,reported as fall sampling; approximate October window,white_salinas_2020,g cm-3,replicate
2006-10-01,2006-11-01,NA,NA,salinas_socs,bulk_density_g_cm3,core_sample,1.31,1,NA,NA,socs_sys7,2,4,0,30,10.1016/j.dib.2020.106481,FILLED_SITE_DATA_XLSX,reported as fall sampling; approximate October window,white_salinas_2020,g cm-3,replicate
2006-10-01,2006-11-01,NA,NA,salinas_socs,bulk_density_g_cm3,core_sample,1.27,1,NA,NA,socs_sys7,3,4,0,30,10.1016/j.dib.2020.106481,FILLED_SITE_DATA_XLSX,reported as fall sampling; approximate October window,white_salinas_2020,g cm-3,replicate
2006-10-01,2006-11-01,NA,NA,salinas_socs,bulk_density_g_cm3,core_sample,1.3,1,NA,NA,socs_sys7,4,4,0,30,10.1016/j.dib.2020.106481,FILLED_SITE_DATA_XLSX,reported as fall sampling; approximate October window,white_salinas_2020,g cm-3,replicate
2010-10-01,2010-11-01,NA,NA,salinas_socs,bulk_density_g_cm3,core_sample,1.24,1,NA,NA,socs_sys7,1,7,0,30,10.1016/j.dib.2020.106481,FILLED_SITE_DATA_XLSX,reported as fall sampling; approximate October window,white_salinas_2020,g cm-3,replicate
2010-10-01,2010-11-01,NA,NA,salinas_socs,bulk_density_g_cm3,core_sample,1.29,1,NA,NA,socs_sys7,2,7,0,30,10.1016/j.dib.2020.106481,FILLED_SITE_DATA_XLSX,reported as fall sampling; approximate October window,white_salinas_2020,g cm-3,replicate
2010-10-01,2010-11-01,NA,NA,salinas_socs,bulk_density_g_cm3,core_sample,1.21,1,NA,NA,socs_sys7,3,7,0,30,10.1016/j.dib.2020.106481,FILLED_SITE_DATA_XLSX,reported as fall sampling; approximate October window,white_salinas_2020,g cm-3,replicate
2010-10-01,2010-11-01,NA,NA,salinas_socs,bulk_density_g_cm3,core_sample,1.25,1,NA,NA,socs_sys7,4,7,0,30,10.1016/j.dib.2020.106481,FILLED_SITE_DATA_XLSX,reported as fall sampling; approximate October window,white_salinas_2020,g cm-3,replicate
2011-08-01,2011-09-01,NA,NA,salinas_socs,bulk_density_g_cm3,core_sample,1.27,1,NA,NA,socs_sys7,1,8,0,30,10.1016/j.dib.2020.106481,FILLED_SITE_DATA_XLSX,August 2011; study ended post-lettuce harvest,white_salinas_2020,g cm-3,replicate
2011-08-01,2011-09-01,NA,NA,salinas_socs,bulk_density_g_cm3,core_sample,1.25,1,NA,NA,socs_sys7,2,8,0,30,10.1016/j.dib.2020.106481,FILLED_SITE_DATA_XLSX,August 2011; study ended post-lettuce harvest,white_salinas_2020,g cm-3,replicate
2011-08-01,2011-09-01,NA,NA,salinas_socs,bulk_density_g_cm3,core_sample,1.18,1,NA,NA,socs_sys7,3,8,0,30,10.1016/j.dib.2020.106481,FILLED_SITE_DATA_XLSX,August 2011; study ended post-lettuce harvest,white_salinas_2020,g cm-3,replicate
2011-08-01,2011-09-01,NA,NA,salinas_socs,bulk_density_g_cm3,core_sample,1.18,1,NA,NA,socs_sys7,4,8,0,30,10.1016/j.dib.2020.106481,FILLED_SITE_DATA_XLSX,August 2011; study ended post-lettuce harvest,white_salinas_2020,g cm-3,replicate
2003-10-13,2003-10-13,NA,NA,salinas_socs,SOC_stock_Mg_ha,elemental_analysis,52,1,NA,NA,socs_sys1,1,0,0,30,10.1016/j.dib.2020.106481,FILLED_ZOTERO_XLSX,exact date from companion paper,white_salinas_2020,Mg C ha-1,replicate
2003-10-13,2003-10-13,NA,NA,salinas_socs,SOC_stock_Mg_ha,elemental_analysis,49,1,NA,NA,socs_sys1,2,0,0,30,10.1016/j.dib.2020.106481,FILLED_ZOTERO_XLSX,exact date from companion paper,white_salinas_2020,Mg C ha-1,replicate
2003-10-13,2003-10-13,NA,NA,salinas_socs,SOC_stock_Mg_ha,elemental_analysis,46,1,NA,NA,socs_sys1,3,0,0,30,10.1016/j.dib.2020.106481,FILLED_ZOTERO_XLSX,exact date from companion paper,white_salinas_2020,Mg C ha-1,replicate
2003-10-13,2003-10-13,NA,NA,salinas_socs,SOC_stock_Mg_ha,elemental_analysis,44,1,NA,NA,socs_sys1,4,0,0,30,10.1016/j.dib.2020.106481,FILLED_ZOTERO_XLSX,exact date from companion paper,white_salinas_2020,Mg C ha-1,replicate
2003-10-13,2003-10-13,NA,NA,salinas_socs,SOC_stock_Mg_ha,elemental_analysis,50,1,NA,NA,socs_sys2,1,0,0,30,10.1016/j.dib.2020.106481,FILLED_ZOTERO_XLSX,exact date from companion paper,white_salinas_2020,Mg C ha-1,replicate
2003-10-13,2003-10-13,NA,NA,salinas_socs,SOC_stock_Mg_ha,elemental_analysis,60,1,NA,NA,socs_sys2,2,0,0,30,10.1016/j.dib.2020.106481,FILLED_ZOTERO_XLSX,exact date from companion paper,white_salinas_2020,Mg C ha-1,replicate
2003-10-13,2003-10-13,NA,NA,salinas_socs,SOC_stock_Mg_ha,elemental_analysis,49,1,NA,NA,socs_sys2,3,0,0,30,10.1016/j.dib.2020.106481,FILLED_ZOTERO_XLSX,exact date from companion paper,white_salinas_2020,Mg C ha-1,replicate
2003-10-13,2003-10-13,NA,NA,salinas_socs,SOC_stock_Mg_ha,elemental_analysis,53,1,NA,NA,socs_sys2,4,0,0,30,10.1016/j.dib.2020.106481,FILLED_ZOTERO_XLSX,exact date from companion paper,white_salinas_2020,Mg C ha-1,replicate
2003-10-13,2003-10-13,NA,NA,salinas_socs,SOC_stock_Mg_ha,elemental_analysis,57,1,NA,NA,socs_sys4,1,0,0,30,10.1016/j.dib.2020.106481,FILLED_ZOTERO_XLSX,exact date from companion paper,white_salinas_2020,Mg C ha-1,replicate
2003-10-13,2003-10-13,NA,NA,salinas_socs,SOC_stock_Mg_ha,elemental_analysis,50,1,NA,NA,socs_sys4,2,0,0,30,10.1016/j.dib.2020.106481,FILLED_ZOTERO_XLSX,exact date from companion paper,white_salinas_2020,Mg C ha-1,replicate
2003-10-13,2003-10-13,NA,NA,salinas_socs,SOC_stock_Mg_ha,elemental_analysis,59,1,NA,NA,socs_sys4,3,0,0,30,10.1016/j.dib.2020.106481,FILLED_ZOTERO_XLSX,exact date from companion paper,white_salinas_2020,Mg C ha-1,replicate
2003-10-13,2003-10-13,NA,NA,salinas_socs,SOC_stock_Mg_ha,elemental_analysis,45,1,NA,NA,socs_sys4,4,0,0,30,10.1016/j.dib.2020.106481,FILLED_ZOTERO_XLSX,exact date from companion paper,white_salinas_2020,Mg C ha-1,replicate
2003-10-13,2003-10-13,NA,NA,salinas_socs,SOC_stock_Mg_ha,elemental_analysis,40,1,NA,NA,socs_sys5,1,0,0,30,10.1016/j.dib.2020.106481,FILLED_ZOTERO_XLSX,exact date from companion paper,white_salinas_2020,Mg C ha-1,replicate
2003-10-13,2003-10-13,NA,NA,salinas_socs,SOC_stock_Mg_ha,elemental_analysis,44,1,NA,NA,socs_sys5,2,0,0,30,10.1016/j.dib.2020.106481,FILLED_ZOTERO_XLSX,exact date from companion paper,white_salinas_2020,Mg C ha-1,replicate
2003-10-13,2003-10-13,NA,NA,salinas_socs,SOC_stock_Mg_ha,elemental_analysis,44,1,NA,NA,socs_sys5,3,0,0,30,10.1016/j.dib.2020.106481,FILLED_ZOTERO_XLSX,exact date from companion paper,white_salinas_2020,Mg C ha-1,replicate
2003-10-13,2003-10-13,NA,NA,salinas_socs,SOC_stock_Mg_ha,elemental_analysis,49,1,NA,NA,socs_sys5,4,0,0,30,10.1016/j.dib.2020.106481,FILLED_ZOTERO_XLSX,exact date from companion paper,white_salinas_2020,Mg C ha-1,replicate
2003-10-13,2003-10-13,NA,NA,salinas_socs,SOC_stock_Mg_ha,elemental_analysis,54,1,NA,NA,socs_sys7,1,0,0,30,10.1016/j.dib.2020.106481,FILLED_ZOTERO_XLSX,exact date from companion paper,white_salinas_2020,Mg C ha-1,replicate
2003-10-13,2003-10-13,NA,NA,salinas_socs,SOC_stock_Mg_ha,elemental_analysis,43,1,NA,NA,socs_sys7,2,0,0,30,10.1016/j.dib.2020.106481,FILLED_ZOTERO_XLSX,exact date from companion paper,white_salinas_2020,Mg C ha-1,replicate
2003-10-13,2003-10-13,NA,NA,salinas_socs,SOC_stock_Mg_ha,elemental_analysis,50,1,NA,NA,socs_sys7,3,0,0,30,10.1016/j.dib.2020.106481,FILLED_ZOTERO_XLSX,exact date from companion paper,white_salinas_2020,Mg C ha-1,replicate
2003-10-13,2003-10-13,NA,NA,salinas_socs,SOC_stock_Mg_ha,elemental_analysis,51,1,NA,NA,socs_sys7,4,0,0,30,10.1016/j.dib.2020.106481,FILLED_ZOTERO_XLSX,exact date from companion paper,white_salinas_2020,Mg C ha-1,replicate
2004-10-01,2004-11-01,NA,NA,salinas_socs,SOC_stock_Mg_ha,elemental_analysis,21,1,NA,NA,socs_sys1,1,1,0,30,10.1016/j.dib.2020.106481,FILLED_ZOTERO_XLSX,fall sampling; approximate October window; Year 1,white_salinas_2020,Mg C ha-1,replicate
2004-10-01,2004-11-01,NA,NA,salinas_socs,SOC_stock_Mg_ha,elemental_analysis,12,1,NA,NA,socs_sys1,2,1,0,30,10.1016/j.dib.2020.106481,FILLED_ZOTERO_XLSX,fall sampling; approximate October window; Year 1,white_salinas_2020,Mg C ha-1,replicate
2004-10-01,2004-11-01,NA,NA,salinas_socs,SOC_stock_Mg_ha,elemental_analysis,9,1,NA,NA,socs_sys1,3,1,0,30,10.1016/j.dib.2020.106481,FILLED_ZOTERO_XLSX,fall sampling; approximate October window; Year 1,white_salinas_2020,Mg C ha-1,replicate
2004-10-01,2004-11-01,NA,NA,salinas_socs,SOC_stock_Mg_ha,elemental_analysis,17,1,NA,NA,socs_sys1,4,1,0,30,10.1016/j.dib.2020.106481,FILLED_ZOTERO_XLSX,fall sampling; approximate October window; Year 1,white_salinas_2020,Mg C ha-1,replicate
2004-10-01,2004-11-01,NA,NA,salinas_socs,SOC_stock_Mg_ha,elemental_analysis,26,1,NA,NA,socs_sys2,1,1,0,30,10.1016/j.dib.2020.106481,FILLED_ZOTERO_XLSX,fall sampling; approximate October window; Year 1,white_salinas_2020,Mg C ha-1,replicate
2004-10-01,2004-11-01,NA,NA,salinas_socs,SOC_stock_Mg_ha,elemental_analysis,19,1,NA,NA,socs_sys2,2,1,0,30,10.1016/j.dib.2020.106481,FILLED_ZOTERO_XLSX,fall sampling; approximate October window; Year 1,white_salinas_2020,Mg C ha-1,replicate
2004-10-01,2004-11-01,NA,NA,salinas_socs,SOC_stock_Mg_ha,elemental_analysis,13,1,NA,NA,socs_sys2,3,1,0,30,10.1016/j.dib.2020.106481,FILLED_ZOTERO_XLSX,fall sampling; approximate October window; Year 1,white_salinas_2020,Mg C ha-1,replicate
2004-10-01,2004-11-01,NA,NA,salinas_socs,SOC_stock_Mg_ha,elemental_analysis,27,1,NA,NA,socs_sys2,4,1,0,30,10.1016/j.dib.2020.106481,FILLED_ZOTERO_XLSX,fall sampling; approximate October window; Year 1,white_salinas_2020,Mg C ha-1,replicate
2004-10-01,2004-11-01,NA,NA,salinas_socs,SOC_stock_Mg_ha,elemental_analysis,18,1,NA,NA,socs_sys4,1,1,0,30,10.1016/j.dib.2020.106481,FILLED_ZOTERO_XLSX,fall sampling; approximate October window; Year 1,white_salinas_2020,Mg C ha-1,replicate
2004-10-01,2004-11-01,NA,NA,salinas_socs,SOC_stock_Mg_ha,elemental_analysis,16,1,NA,NA,socs_sys4,2,1,0,30,10.1016/j.dib.2020.106481,FILLED_ZOTERO_XLSX,fall sampling; approximate October window; Year 1,white_salinas_2020,Mg C ha-1,replicate
2004-10-01,2004-11-01,NA,NA,salinas_socs,SOC_stock_Mg_ha,elemental_analysis,14,1,NA,NA,socs_sys4,3,1,0,30,10.1016/j.dib.2020.106481,FILLED_ZOTERO_XLSX,fall sampling; approximate October window; Year 1,white_salinas_2020,Mg C ha-1,replicate
2004-10-01,2004-11-01,NA,NA,salinas_socs,SOC_stock_Mg_ha,elemental_analysis,32,1,NA,NA,socs_sys4,4,1,0,30,10.1016/j.dib.2020.106481,FILLED_ZOTERO_XLSX,fall sampling; approximate October window; Year 1,white_salinas_2020,Mg C ha-1,replicate
2004-10-01,2004-11-01,NA,NA,salinas_socs,SOC_stock_Mg_ha,elemental_analysis,12,1,NA,NA,socs_sys5,1,1,0,30,10.1016/j.dib.2020.106481,FILLED_ZOTERO_XLSX,fall sampling; approximate October window; Year 1,white_salinas_2020,Mg C ha-1,replicate
2004-10-01,2004-11-01,NA,NA,salinas_socs,SOC_stock_Mg_ha,elemental_analysis,18,1,NA,NA,socs_sys5,2,1,0,30,10.1016/j.dib.2020.106481,FILLED_ZOTERO_XLSX,fall sampling; approximate October window; Year 1,white_salinas_2020,Mg C ha-1,replicate
2004-10-01,2004-11-01,NA,NA,salinas_socs,SOC_stock_Mg_ha,elemental_analysis,13,1,NA,NA,socs_sys5,3,1,0,30,10.1016/j.dib.2020.106481,FILLED_ZOTERO_XLSX,fall sampling; approximate October window; Year 1,white_salinas_2020,Mg C ha-1,replicate
2004-10-01,2004-11-01,NA,NA,salinas_socs,SOC_stock_Mg_ha,elemental_analysis,24,1,NA,NA,socs_sys5,4,1,0,30,10.1016/j.dib.2020.106481,FILLED_ZOTERO_XLSX,fall sampling; approximate October window; Year 1,white_salinas_2020,Mg C ha-1,replicate
2004-10-01,2004-11-01,NA,NA,salinas_socs,SOC_stock_Mg_ha,elemental_analysis,18,1,NA,NA,socs_sys7,1,1,0,30,10.1016/j.dib.2020.106481,FILLED_ZOTERO_XLSX,fall sampling; approximate October window; Year 1,white_salinas_2020,Mg C ha-1,replicate
2004-10-01,2004-11-01,NA,NA,salinas_socs,SOC_stock_Mg_ha,elemental_analysis,19,1,NA,NA,socs_sys7,2,1,0,30,10.1016/j.dib.2020.106481,FILLED_ZOTERO_XLSX,fall sampling; approximate October window; Year 1,white_salinas_2020,Mg C ha-1,replicate
2004-10-01,2004-11-01,NA,NA,salinas_socs,SOC_stock_Mg_ha,elemental_analysis,18,1,NA,NA,socs_sys7,3,1,0,30,10.1016/j.dib.2020.106481,FILLED_ZOTERO_XLSX,fall sampling; approximate October window; Year 1,white_salinas_2020,Mg C ha-1,replicate
2004-10-01,2004-11-01,NA,NA,salinas_socs,SOC_stock_Mg_ha,elemental_analysis,26,1,NA,NA,socs_sys7,4,1,0,30,10.1016/j.dib.2020.106481,FILLED_ZOTERO_XLSX,fall sampling; approximate October window; Year 1,white_salinas_2020,Mg C ha-1,replicate
2005-10-01,2005-11-01,NA,NA,salinas_socs,SOC_stock_Mg_ha,elemental_analysis,34,1,NA,NA,socs_sys1,1,2,0,30,10.1016/j.dib.2020.106481,FILLED_ZOTERO_XLSX,fall sampling; approximate October window; Year 2,white_salinas_2020,Mg C ha-1,replicate
2005-10-01,2005-11-01,NA,NA,salinas_socs,SOC_stock_Mg_ha,elemental_analysis,30,1,NA,NA,socs_sys1,2,2,0,30,10.1016/j.dib.2020.106481,FILLED_ZOTERO_XLSX,fall sampling; approximate October window; Year 2,white_salinas_2020,Mg C ha-1,replicate
2005-10-01,2005-11-01,NA,NA,salinas_socs,SOC_stock_Mg_ha,elemental_analysis,23,1,NA,NA,socs_sys1,3,2,0,30,10.1016/j.dib.2020.106481,FILLED_ZOTERO_XLSX,fall sampling; approximate October window; Year 2,white_salinas_2020,Mg C ha-1,replicate
2005-10-01,2005-11-01,NA,NA,salinas_socs,SOC_stock_Mg_ha,elemental_analysis,25,1,NA,NA,socs_sys1,4,2,0,30,10.1016/j.dib.2020.106481,FILLED_ZOTERO_XLSX,fall sampling; approximate October window; Year 2,white_salinas_2020,Mg C ha-1,replicate
2005-10-01,2005-11-01,NA,NA,salinas_socs,SOC_stock_Mg_ha,elemental_analysis,42,1,NA,NA,socs_sys2,1,2,0,30,10.1016/j.dib.2020.106481,FILLED_ZOTERO_XLSX,fall sampling; approximate October window; Year 2,white_salinas_2020,Mg C ha-1,replicate
2005-10-01,2005-11-01,NA,NA,salinas_socs,SOC_stock_Mg_ha,elemental_analysis,27,1,NA,NA,socs_sys2,2,2,0,30,10.1016/j.dib.2020.106481,FILLED_ZOTERO_XLSX,fall sampling; approximate October window; Year 2,white_salinas_2020,Mg C ha-1,replicate
2005-10-01,2005-11-01,NA,NA,salinas_socs,SOC_stock_Mg_ha,elemental_analysis,34,1,NA,NA,socs_sys2,3,2,0,30,10.1016/j.dib.2020.106481,FILLED_ZOTERO_XLSX,fall sampling; approximate October window; Year 2,white_salinas_2020,Mg C ha-1,replicate
2005-10-01,2005-11-01,NA,NA,salinas_socs,SOC_stock_Mg_ha,elemental_analysis,43,1,NA,NA,socs_sys2,4,2,0,30,10.1016/j.dib.2020.106481,FILLED_ZOTERO_XLSX,fall sampling; approximate October window; Year 2,white_salinas_2020,Mg C ha-1,replicate
2005-10-01,2005-11-01,NA,NA,salinas_socs,SOC_stock_Mg_ha,elemental_analysis,40,1,NA,NA,socs_sys4,1,2,0,30,10.1016/j.dib.2020.106481,FILLED_ZOTERO_XLSX,fall sampling; approximate October window; Year 2,white_salinas_2020,Mg C ha-1,replicate
2005-10-01,2005-11-01,NA,NA,salinas_socs,SOC_stock_Mg_ha,elemental_analysis,41,1,NA,NA,socs_sys4,2,2,0,30,10.1016/j.dib.2020.106481,FILLED_ZOTERO_XLSX,fall sampling; approximate October window; Year 2,white_salinas_2020,Mg C ha-1,replicate
2005-10-01,2005-11-01,NA,NA,salinas_socs,SOC_stock_Mg_ha,elemental_analysis,34,1,NA,NA,socs_sys4,3,2,0,30,10.1016/j.dib.2020.106481,FILLED_ZOTERO_XLSX,fall sampling; approximate October window; Year 2,white_salinas_2020,Mg C ha-1,replicate
2005-10-01,2005-11-01,NA,NA,salinas_socs,SOC_stock_Mg_ha,elemental_analysis,52,1,NA,NA,socs_sys4,4,2,0,30,10.1016/j.dib.2020.106481,FILLED_ZOTERO_XLSX,fall sampling; approximate October window; Year 2,white_salinas_2020,Mg C ha-1,replicate
2005-10-01,2005-11-01,NA,NA,salinas_socs,SOC_stock_Mg_ha,elemental_analysis,29,1,NA,NA,socs_sys5,1,2,0,30,10.1016/j.dib.2020.106481,FILLED_ZOTERO_XLSX,fall sampling; approximate October window; Year 2,white_salinas_2020,Mg C ha-1,replicate
2005-10-01,2005-11-01,NA,NA,salinas_socs,SOC_stock_Mg_ha,elemental_analysis,35,1,NA,NA,socs_sys5,2,2,0,30,10.1016/j.dib.2020.106481,FILLED_ZOTERO_XLSX,fall sampling; approximate October window; Year 2,white_salinas_2020,Mg C ha-1,replicate
2005-10-01,2005-11-01,NA,NA,salinas_socs,SOC_stock_Mg_ha,elemental_analysis,44,1,NA,NA,socs_sys5,3,2,0,30,10.1016/j.dib.2020.106481,FILLED_ZOTERO_XLSX,fall sampling; approximate October window; Year 2,white_salinas_2020,Mg C ha-1,replicate
2005-10-01,2005-11-01,NA,NA,salinas_socs,SOC_stock_Mg_ha,elemental_analysis,52,1,NA,NA,socs_sys5,4,2,0,30,10.1016/j.dib.2020.106481,FILLED_ZOTERO_XLSX,fall sampling; approximate October window; Year 2,white_salinas_2020,Mg C ha-1,replicate
2005-10-01,2005-11-01,NA,NA,salinas_socs,SOC_stock_Mg_ha,elemental_analysis,36,1,NA,NA,socs_sys7,1,2,0,30,10.1016/j.dib.2020.106481,FILLED_ZOTERO_XLSX,fall sampling; approximate October window; Year 2,white_salinas_2020,Mg C ha-1,replicate
2005-10-01,2005-11-01,NA,NA,salinas_socs,SOC_stock_Mg_ha,elemental_analysis,31,1,NA,NA,socs_sys7,2,2,0,30,10.1016/j.dib.2020.106481,FILLED_ZOTERO_XLSX,fall sampling; approximate October window; Year 2,white_salinas_2020,Mg C ha-1,replicate
2005-10-01,2005-11-01,NA,NA,salinas_socs,SOC_stock_Mg_ha,elemental_analysis,42,1,NA,NA,socs_sys7,3,2,0,30,10.1016/j.dib.2020.106481,FILLED_ZOTERO_XLSX,fall sampling; approximate October window; Year 2,white_salinas_2020,Mg C ha-1,replicate
2005-10-01,2005-11-01,NA,NA,salinas_socs,SOC_stock_Mg_ha,elemental_analysis,37,1,NA,NA,socs_sys7,4,2,0,30,10.1016/j.dib.2020.106481,FILLED_ZOTERO_XLSX,fall sampling; approximate October window; Year 2,white_salinas_2020,Mg C ha-1,replicate
2006-10-01,2006-11-01,NA,NA,salinas_socs,SOC_stock_Mg_ha,elemental_analysis,28,1,NA,NA,socs_sys1,1,3,0,30,10.1016/j.dib.2020.106481,FILLED_ZOTERO_XLSX,fall sampling; approximate October window; Year 3,white_salinas_2020,Mg C ha-1,replicate
2006-10-01,2006-11-01,NA,NA,salinas_socs,SOC_stock_Mg_ha,elemental_analysis,29,1,NA,NA,socs_sys1,2,3,0,30,10.1016/j.dib.2020.106481,FILLED_ZOTERO_XLSX,fall sampling; approximate October window; Year 3,white_salinas_2020,Mg C ha-1,replicate
2006-10-01,2006-11-01,NA,NA,salinas_socs,SOC_stock_Mg_ha,elemental_analysis,22,1,NA,NA,socs_sys1,3,3,0,30,10.1016/j.dib.2020.106481,FILLED_ZOTERO_XLSX,fall sampling; approximate October window; Year 3,white_salinas_2020,Mg C ha-1,replicate
2006-10-01,2006-11-01,NA,NA,salinas_socs,SOC_stock_Mg_ha,elemental_analysis,26,1,NA,NA,socs_sys1,4,3,0,30,10.1016/j.dib.2020.106481,FILLED_ZOTERO_XLSX,fall sampling; approximate October window; Year 3,white_salinas_2020,Mg C ha-1,replicate
2006-10-01,2006-11-01,NA,NA,salinas_socs,SOC_stock_Mg_ha,elemental_analysis,35,1,NA,NA,socs_sys2,1,3,0,30,10.1016/j.dib.2020.106481,FILLED_ZOTERO_XLSX,fall sampling; approximate October window; Year 3,white_salinas_2020,Mg C ha-1,replicate
2006-10-01,2006-11-01,NA,NA,salinas_socs,SOC_stock_Mg_ha,elemental_analysis,34,1,NA,NA,socs_sys2,2,3,0,30,10.1016/j.dib.2020.106481,FILLED_ZOTERO_XLSX,fall sampling; approximate October window; Year 3,white_salinas_2020,Mg C ha-1,replicate
2006-10-01,2006-11-01,NA,NA,salinas_socs,SOC_stock_Mg_ha,elemental_analysis,39,1,NA,NA,socs_sys2,3,3,0,30,10.1016/j.dib.2020.106481,FILLED_ZOTERO_XLSX,fall sampling; approximate October window; Year 3,white_salinas_2020,Mg C ha-1,replicate
2006-10-01,2006-11-01,NA,NA,salinas_socs,SOC_stock_Mg_ha,elemental_analysis,34,1,NA,NA,socs_sys2,4,3,0,30,10.1016/j.dib.2020.106481,FILLED_ZOTERO_XLSX,fall sampling; approximate October window; Year 3,white_salinas_2020,Mg C ha-1,replicate
2006-10-01,2006-11-01,NA,NA,salinas_socs,SOC_stock_Mg_ha,elemental_analysis,42,1,NA,NA,socs_sys4,1,3,0,30,10.1016/j.dib.2020.106481,FILLED_ZOTERO_XLSX,fall sampling; approximate October window; Year 3,white_salinas_2020,Mg C ha-1,replicate
2006-10-01,2006-11-01,NA,NA,salinas_socs,SOC_stock_Mg_ha,elemental_analysis,35,1,NA,NA,socs_sys4,2,3,0,30,10.1016/j.dib.2020.106481,FILLED_ZOTERO_XLSX,fall sampling; approximate October window; Year 3,white_salinas_2020,Mg C ha-1,replicate
2006-10-01,2006-11-01,NA,NA,salinas_socs,SOC_stock_Mg_ha,elemental_analysis,35,1,NA,NA,socs_sys4,3,3,0,30,10.1016/j.dib.2020.106481,FILLED_ZOTERO_XLSX,fall sampling; approximate October window; Year 3,white_salinas_2020,Mg C ha-1,replicate
2006-10-01,2006-11-01,NA,NA,salinas_socs,SOC_stock_Mg_ha,elemental_analysis,28,1,NA,NA,socs_sys4,4,3,0,30,10.1016/j.dib.2020.106481,FILLED_ZOTERO_XLSX,fall sampling; approximate October window; Year 3,white_salinas_2020,Mg C ha-1,replicate
2006-10-01,2006-11-01,NA,NA,salinas_socs,SOC_stock_Mg_ha,elemental_analysis,32,1,NA,NA,socs_sys5,1,3,0,30,10.1016/j.dib.2020.106481,FILLED_ZOTERO_XLSX,fall sampling; approximate October window; Year 3,white_salinas_2020,Mg C ha-1,replicate
2006-10-01,2006-11-01,NA,NA,salinas_socs,SOC_stock_Mg_ha,elemental_analysis,39,1,NA,NA,socs_sys5,2,3,0,30,10.1016/j.dib.2020.106481,FILLED_ZOTERO_XLSX,fall sampling; approximate October window; Year 3,white_salinas_2020,Mg C ha-1,replicate
2006-10-01,2006-11-01,NA,NA,salinas_socs,SOC_stock_Mg_ha,elemental_analysis,32,1,NA,NA,socs_sys5,3,3,0,30,10.1016/j.dib.2020.106481,FILLED_ZOTERO_XLSX,fall sampling; approximate October window; Year 3,white_salinas_2020,Mg C ha-1,replicate
2006-10-01,2006-11-01,NA,NA,salinas_socs,SOC_stock_Mg_ha,elemental_analysis,42,1,NA,NA,socs_sys5,4,3,0,30,10.1016/j.dib.2020.106481,FILLED_ZOTERO_XLSX,fall sampling; approximate October window; Year 3,white_salinas_2020,Mg C ha-1,replicate
2006-10-01,2006-11-01,NA,NA,salinas_socs,SOC_stock_Mg_ha,elemental_analysis,32,1,NA,NA,socs_sys7,1,3,0,30,10.1016/j.dib.2020.106481,FILLED_ZOTERO_XLSX,fall sampling; approximate October window; Year 3,white_salinas_2020,Mg C ha-1,replicate
2006-10-01,2006-11-01,NA,NA,salinas_socs,SOC_stock_Mg_ha,elemental_analysis,34,1,NA,NA,socs_sys7,2,3,0,30,10.1016/j.dib.2020.106481,FILLED_ZOTERO_XLSX,fall sampling; approximate October window; Year 3,white_salinas_2020,Mg C ha-1,replicate
2006-10-01,2006-11-01,NA,NA,salinas_socs,SOC_stock_Mg_ha,elemental_analysis,38,1,NA,NA,socs_sys7,3,3,0,30,10.1016/j.dib.2020.106481,FILLED_ZOTERO_XLSX,fall sampling; approximate October window; Year 3,white_salinas_2020,Mg C ha-1,replicate
2006-10-01,2006-11-01,NA,NA,salinas_socs,SOC_stock_Mg_ha,elemental_analysis,40,1,NA,NA,socs_sys7,4,3,0,30,10.1016/j.dib.2020.106481,FILLED_ZOTERO_XLSX,fall sampling; approximate October window; Year 3,white_salinas_2020,Mg C ha-1,replicate
2007-10-01,2007-11-01,NA,NA,salinas_socs,SOC_stock_Mg_ha,elemental_analysis,22,1,NA,NA,socs_sys1,1,4,0,30,10.1016/j.dib.2020.106481,FILLED_ZOTERO_XLSX,fall sampling; approximate October window; Year 4,white_salinas_2020,Mg C ha-1,replicate
2007-10-01,2007-11-01,NA,NA,salinas_socs,SOC_stock_Mg_ha,elemental_analysis,18,1,NA,NA,socs_sys1,2,4,0,30,10.1016/j.dib.2020.106481,FILLED_ZOTERO_XLSX,fall sampling; approximate October window; Year 4,white_salinas_2020,Mg C ha-1,replicate
2007-10-01,2007-11-01,NA,NA,salinas_socs,SOC_stock_Mg_ha,elemental_analysis,18,1,NA,NA,socs_sys1,3,4,0,30,10.1016/j.dib.2020.106481,FILLED_ZOTERO_XLSX,fall sampling; approximate October window; Year 4,white_salinas_2020,Mg C ha-1,replicate
2007-10-01,2007-11-01,NA,NA,salinas_socs,SOC_stock_Mg_ha,elemental_analysis,24,1,NA,NA,socs_sys1,4,4,0,30,10.1016/j.dib.2020.106481,FILLED_ZOTERO_XLSX,fall sampling; approximate October window; Year 4,white_salinas_2020,Mg C ha-1,replicate
2007-10-01,2007-11-01,NA,NA,salinas_socs,SOC_stock_Mg_ha,elemental_analysis,31,1,NA,NA,socs_sys2,1,4,0,30,10.1016/j.dib.2020.106481,FILLED_ZOTERO_XLSX,fall sampling; approximate October window; Year 4,white_salinas_2020,Mg C ha-1,replicate
2007-10-01,2007-11-01,NA,NA,salinas_socs,SOC_stock_Mg_ha,elemental_analysis,26,1,NA,NA,socs_sys2,2,4,0,30,10.1016/j.dib.2020.106481,FILLED_ZOTERO_XLSX,fall sampling; approximate October window; Year 4,white_salinas_2020,Mg C ha-1,replicate
2007-10-01,2007-11-01,NA,NA,salinas_socs,SOC_stock_Mg_ha,elemental_analysis,23,1,NA,NA,socs_sys2,3,4,0,30,10.1016/j.dib.2020.106481,FILLED_ZOTERO_XLSX,fall sampling; approximate October window; Year 4,white_salinas_2020,Mg C ha-1,replicate
2007-10-01,2007-11-01,NA,NA,salinas_socs,SOC_stock_Mg_ha,elemental_analysis,29,1,NA,NA,socs_sys2,4,4,0,30,10.1016/j.dib.2020.106481,FILLED_ZOTERO_XLSX,fall sampling; approximate October window; Year 4,white_salinas_2020,Mg C ha-1,replicate
2007-10-01,2007-11-01,NA,NA,salinas_socs,SOC_stock_Mg_ha,elemental_analysis,28,1,NA,NA,socs_sys4,1,4,0,30,10.1016/j.dib.2020.106481,FILLED_ZOTERO_XLSX,fall sampling; approximate October window; Year 4,white_salinas_2020,Mg C ha-1,replicate
2007-10-01,2007-11-01,NA,NA,salinas_socs,SOC_stock_Mg_ha,elemental_analysis,28,1,NA,NA,socs_sys4,2,4,0,30,10.1016/j.dib.2020.106481,FILLED_ZOTERO_XLSX,fall sampling; approximate October window; Year 4,white_salinas_2020,Mg C ha-1,replicate
2007-10-01,2007-11-01,NA,NA,salinas_socs,SOC_stock_Mg_ha,elemental_analysis,28,1,NA,NA,socs_sys4,3,4,0,30,10.1016/j.dib.2020.106481,FILLED_ZOTERO_XLSX,fall sampling; approximate October window; Year 4,white_salinas_2020,Mg C ha-1,replicate
2007-10-01,2007-11-01,NA,NA,salinas_socs,SOC_stock_Mg_ha,elemental_analysis,31,1,NA,NA,socs_sys4,4,4,0,30,10.1016/j.dib.2020.106481,FILLED_ZOTERO_XLSX,fall sampling; approximate October window; Year 4,white_salinas_2020,Mg C ha-1,replicate
2007-10-01,2007-11-01,NA,NA,salinas_socs,SOC_stock_Mg_ha,elemental_analysis,21,1,NA,NA,socs_sys5,1,4,0,30,10.1016/j.dib.2020.106481,FILLED_ZOTERO_XLSX,fall sampling; approximate October window; Year 4,white_salinas_2020,Mg C ha-1,replicate
2007-10-01,2007-11-01,NA,NA,salinas_socs,SOC_stock_Mg_ha,elemental_analysis,32,1,NA,NA,socs_sys5,2,4,0,30,10.1016/j.dib.2020.106481,FILLED_ZOTERO_XLSX,fall sampling; approximate October window; Year 4,white_salinas_2020,Mg C ha-1,replicate
2007-10-01,2007-11-01,NA,NA,salinas_socs,SOC_stock_Mg_ha,elemental_analysis,30,1,NA,NA,socs_sys5,3,4,0,30,10.1016/j.dib.2020.106481,FILLED_ZOTERO_XLSX,fall sampling; approximate October window; Year 4,white_salinas_2020,Mg C ha-1,replicate
2007-10-01,2007-11-01,NA,NA,salinas_socs,SOC_stock_Mg_ha,elemental_analysis,33,1,NA,NA,socs_sys5,4,4,0,30,10.1016/j.dib.2020.106481,FILLED_ZOTERO_XLSX,fall sampling; approximate October window; Year 4,white_salinas_2020,Mg C ha-1,replicate
2007-10-01,2007-11-01,NA,NA,salinas_socs,SOC_stock_Mg_ha,elemental_analysis,21,1,NA,NA,socs_sys7,1,4,0,30,10.1016/j.dib.2020.106481,FILLED_ZOTERO_XLSX,fall sampling; approximate October window; Year 4,white_salinas_2020,Mg C ha-1,replicate
2007-10-01,2007-11-01,NA,NA,salinas_socs,SOC_stock_Mg_ha,elemental_analysis,25,1,NA,NA,socs_sys7,2,4,0,30,10.1016/j.dib.2020.106481,FILLED_ZOTERO_XLSX,fall sampling; approximate October window; Year 4,white_salinas_2020,Mg C ha-1,replicate
2007-10-01,2007-11-01,NA,NA,salinas_socs,SOC_stock_Mg_ha,elemental_analysis,24,1,NA,NA,socs_sys7,3,4,0,30,10.1016/j.dib.2020.106481,FILLED_ZOTERO_XLSX,fall sampling; approximate October window; Year 4,white_salinas_2020,Mg C ha-1,replicate
2007-10-01,2007-11-01,NA,NA,salinas_socs,SOC_stock_Mg_ha,elemental_analysis,37,1,NA,NA,socs_sys7,4,4,0,30,10.1016/j.dib.2020.106481,FILLED_ZOTERO_XLSX,fall sampling; approximate October window; Year 4,white_salinas_2020,Mg C ha-1,replicate
2008-10-01,2008-11-01,NA,NA,salinas_socs,SOC_stock_Mg_ha,elemental_analysis,24,1,NA,NA,socs_sys1,1,5,0,30,10.1016/j.dib.2020.106481,FILLED_ZOTERO_XLSX,fall sampling; approximate October window; Year 5,white_salinas_2020,Mg C ha-1,replicate
2008-10-01,2008-11-01,NA,NA,salinas_socs,SOC_stock_Mg_ha,elemental_analysis,20,1,NA,NA,socs_sys1,2,5,0,30,10.1016/j.dib.2020.106481,FILLED_ZOTERO_XLSX,fall sampling; approximate October window; Year 5,white_salinas_2020,Mg C ha-1,replicate
2008-10-01,2008-11-01,NA,NA,salinas_socs,SOC_stock_Mg_ha,elemental_analysis,16,1,NA,NA,socs_sys1,3,5,0,30,10.1016/j.dib.2020.106481,FILLED_ZOTERO_XLSX,fall sampling; approximate October window; Year 5,white_salinas_2020,Mg C ha-1,replicate
2008-10-01,2008-11-01,NA,NA,salinas_socs,SOC_stock_Mg_ha,elemental_analysis,30,1,NA,NA,socs_sys1,4,5,0,30,10.1016/j.dib.2020.106481,FILLED_ZOTERO_XLSX,fall sampling; approximate October window; Year 5,white_salinas_2020,Mg C ha-1,replicate
2008-10-01,2008-11-01,NA,NA,salinas_socs,SOC_stock_Mg_ha,elemental_analysis,27,1,NA,NA,socs_sys2,1,5,0,30,10.1016/j.dib.2020.106481,FILLED_ZOTERO_XLSX,fall sampling; approximate October window; Year 5,white_salinas_2020,Mg C ha-1,replicate
2008-10-01,2008-11-01,NA,NA,salinas_socs,SOC_stock_Mg_ha,elemental_analysis,29,1,NA,NA,socs_sys2,2,5,0,30,10.1016/j.dib.2020.106481,FILLED_ZOTERO_XLSX,fall sampling; approximate October window; Year 5,white_salinas_2020,Mg C ha-1,replicate
2008-10-01,2008-11-01,NA,NA,salinas_socs,SOC_stock_Mg_ha,elemental_analysis,31,1,NA,NA,socs_sys2,3,5,0,30,10.1016/j.dib.2020.106481,FILLED_ZOTERO_XLSX,fall sampling; approximate October window; Year 5,white_salinas_2020,Mg C ha-1,replicate
2008-10-01,2008-11-01,NA,NA,salinas_socs,SOC_stock_Mg_ha,elemental_analysis,31,1,NA,NA,socs_sys2,4,5,0,30,10.1016/j.dib.2020.106481,FILLED_ZOTERO_XLSX,fall sampling; approximate October window; Year 5,white_salinas_2020,Mg C ha-1,replicate
2008-10-01,2008-11-01,NA,NA,salinas_socs,SOC_stock_Mg_ha,elemental_analysis,38,1,NA,NA,socs_sys4,1,5,0,30,10.1016/j.dib.2020.106481,FILLED_ZOTERO_XLSX,fall sampling; approximate October window; Year 5,white_salinas_2020,Mg C ha-1,replicate
2008-10-01,2008-11-01,NA,NA,salinas_socs,SOC_stock_Mg_ha,elemental_analysis,32,1,NA,NA,socs_sys4,2,5,0,30,10.1016/j.dib.2020.106481,FILLED_ZOTERO_XLSX,fall sampling; approximate October window; Year 5,white_salinas_2020,Mg C ha-1,replicate
2008-10-01,2008-11-01,NA,NA,salinas_socs,SOC_stock_Mg_ha,elemental_analysis,28,1,NA,NA,socs_sys4,3,5,0,30,10.1016/j.dib.2020.106481,FILLED_ZOTERO_XLSX,fall sampling; approximate October window; Year 5,white_salinas_2020,Mg C ha-1,replicate
2008-10-01,2008-11-01,NA,NA,salinas_socs,SOC_stock_Mg_ha,elemental_analysis,38,1,NA,NA,socs_sys4,4,5,0,30,10.1016/j.dib.2020.106481,FILLED_ZOTERO_XLSX,fall sampling; approximate October window; Year 5,white_salinas_2020,Mg C ha-1,replicate
2008-10-01,2008-11-01,NA,NA,salinas_socs,SOC_stock_Mg_ha,elemental_analysis,29,1,NA,NA,socs_sys5,1,5,0,30,10.1016/j.dib.2020.106481,FILLED_ZOTERO_XLSX,fall sampling; approximate October window; Year 5,white_salinas_2020,Mg C ha-1,replicate
2008-10-01,2008-11-01,NA,NA,salinas_socs,SOC_stock_Mg_ha,elemental_analysis,27,1,NA,NA,socs_sys5,2,5,0,30,10.1016/j.dib.2020.106481,FILLED_ZOTERO_XLSX,fall sampling; approximate October window; Year 5,white_salinas_2020,Mg C ha-1,replicate
2008-10-01,2008-11-01,NA,NA,salinas_socs,SOC_stock_Mg_ha,elemental_analysis,27,1,NA,NA,socs_sys5,3,5,0,30,10.1016/j.dib.2020.106481,FILLED_ZOTERO_XLSX,fall sampling; approximate October window; Year 5,white_salinas_2020,Mg C ha-1,replicate
2008-10-01,2008-11-01,NA,NA,salinas_socs,SOC_stock_Mg_ha,elemental_analysis,41,1,NA,NA,socs_sys5,4,5,0,30,10.1016/j.dib.2020.106481,FILLED_ZOTERO_XLSX,fall sampling; approximate October window; Year 5,white_salinas_2020,Mg C ha-1,replicate
2008-10-01,2008-11-01,NA,NA,salinas_socs,SOC_stock_Mg_ha,elemental_analysis,32,1,NA,NA,socs_sys7,1,5,0,30,10.1016/j.dib.2020.106481,FILLED_ZOTERO_XLSX,fall sampling; approximate October window; Year 5,white_salinas_2020,Mg C ha-1,replicate
2008-10-01,2008-11-01,NA,NA,salinas_socs,SOC_stock_Mg_ha,elemental_analysis,40,1,NA,NA,socs_sys7,2,5,0,30,10.1016/j.dib.2020.106481,FILLED_ZOTERO_XLSX,fall sampling; approximate October window; Year 5,white_salinas_2020,Mg C ha-1,replicate
2008-10-01,2008-11-01,NA,NA,salinas_socs,SOC_stock_Mg_ha,elemental_analysis,31,1,NA,NA,socs_sys7,3,5,0,30,10.1016/j.dib.2020.106481,FILLED_ZOTERO_XLSX,fall sampling; approximate October window; Year 5,white_salinas_2020,Mg C ha-1,replicate
2008-10-01,2008-11-01,NA,NA,salinas_socs,SOC_stock_Mg_ha,elemental_analysis,37,1,NA,NA,socs_sys7,4,5,0,30,10.1016/j.dib.2020.106481,FILLED_ZOTERO_XLSX,fall sampling; approximate October window; Year 5,white_salinas_2020,Mg C ha-1,replicate
2009-10-30,2009-10-30,NA,NA,salinas_socs,SOC_stock_Mg_ha,elemental_analysis,26,1,NA,NA,socs_sys1,1,6,0,30,10.1016/j.dib.2020.106481,FILLED_ZOTERO_XLSX,exact date from companion paper: Oct 30 2009,white_salinas_2020,Mg C ha-1,replicate
2009-10-30,2009-10-30,NA,NA,salinas_socs,SOC_stock_Mg_ha,elemental_analysis,29,1,NA,NA,socs_sys1,2,6,0,30,10.1016/j.dib.2020.106481,FILLED_ZOTERO_XLSX,exact date from companion paper: Oct 30 2009,white_salinas_2020,Mg C ha-1,replicate
2009-10-30,2009-10-30,NA,NA,salinas_socs,SOC_stock_Mg_ha,elemental_analysis,23,1,NA,NA,socs_sys1,3,6,0,30,10.1016/j.dib.2020.106481,FILLED_ZOTERO_XLSX,exact date from companion paper: Oct 30 2009,white_salinas_2020,Mg C ha-1,replicate
2009-10-30,2009-10-30,NA,NA,salinas_socs,SOC_stock_Mg_ha,elemental_analysis,25,1,NA,NA,socs_sys1,4,6,0,30,10.1016/j.dib.2020.106481,FILLED_ZOTERO_XLSX,exact date from companion paper: Oct 30 2009,white_salinas_2020,Mg C ha-1,replicate
2009-10-30,2009-10-30,NA,NA,salinas_socs,SOC_stock_Mg_ha,elemental_analysis,33,1,NA,NA,socs_sys2,1,6,0,30,10.1016/j.dib.2020.106481,FILLED_ZOTERO_XLSX,exact date from companion paper: Oct 30 2009,white_salinas_2020,Mg C ha-1,replicate
2009-10-30,2009-10-30,NA,NA,salinas_socs,SOC_stock_Mg_ha,elemental_analysis,49,1,NA,NA,socs_sys2,2,6,0,30,10.1016/j.dib.2020.106481,FILLED_ZOTERO_XLSX,exact date from companion paper: Oct 30 2009,white_salinas_2020,Mg C ha-1,replicate
2009-10-30,2009-10-30,NA,NA,salinas_socs,SOC_stock_Mg_ha,elemental_analysis,40,1,NA,NA,socs_sys2,3,6,0,30,10.1016/j.dib.2020.106481,FILLED_ZOTERO_XLSX,exact date from companion paper: Oct 30 2009,white_salinas_2020,Mg C ha-1,replicate
2009-10-30,2009-10-30,NA,NA,salinas_socs,SOC_stock_Mg_ha,elemental_analysis,39,1,NA,NA,socs_sys2,4,6,0,30,10.1016/j.dib.2020.106481,FILLED_ZOTERO_XLSX,exact date from companion paper: Oct 30 2009,white_salinas_2020,Mg C ha-1,replicate
2009-10-30,2009-10-30,NA,NA,salinas_socs,SOC_stock_Mg_ha,elemental_analysis,47,1,NA,NA,socs_sys4,1,6,0,30,10.1016/j.dib.2020.106481,FILLED_ZOTERO_XLSX,exact date from companion paper: Oct 30 2009,white_salinas_2020,Mg C ha-1,replicate
2009-10-30,2009-10-30,NA,NA,salinas_socs,SOC_stock_Mg_ha,elemental_analysis,44,1,NA,NA,socs_sys4,2,6,0,30,10.1016/j.dib.2020.106481,FILLED_ZOTERO_XLSX,exact date from companion paper: Oct 30 2009,white_salinas_2020,Mg C ha-1,replicate
2009-10-30,2009-10-30,NA,NA,salinas_socs,SOC_stock_Mg_ha,elemental_analysis,38,1,NA,NA,socs_sys4,3,6,0,30,10.1016/j.dib.2020.106481,FILLED_ZOTERO_XLSX,exact date from companion paper: Oct 30 2009,white_salinas_2020,Mg C ha-1,replicate
2009-10-30,2009-10-30,NA,NA,salinas_socs,SOC_stock_Mg_ha,elemental_analysis,33,1,NA,NA,socs_sys4,4,6,0,30,10.1016/j.dib.2020.106481,FILLED_ZOTERO_XLSX,exact date from companion paper: Oct 30 2009,white_salinas_2020,Mg C ha-1,replicate
2009-10-30,2009-10-30,NA,NA,salinas_socs,SOC_stock_Mg_ha,elemental_analysis,32,1,NA,NA,socs_sys5,1,6,0,30,10.1016/j.dib.2020.106481,FILLED_ZOTERO_XLSX,exact date from companion paper: Oct 30 2009,white_salinas_2020,Mg C ha-1,replicate
2009-10-30,2009-10-30,NA,NA,salinas_socs,SOC_stock_Mg_ha,elemental_analysis,48,1,NA,NA,socs_sys5,2,6,0,30,10.1016/j.dib.2020.106481,FILLED_ZOTERO_XLSX,exact date from companion paper: Oct 30 2009,white_salinas_2020,Mg C ha-1,replicate
2009-10-30,2009-10-30,NA,NA,salinas_socs,SOC_stock_Mg_ha,elemental_analysis,35,1,NA,NA,socs_sys5,3,6,0,30,10.1016/j.dib.2020.106481,FILLED_ZOTERO_XLSX,exact date from companion paper: Oct 30 2009,white_salinas_2020,Mg C ha-1,replicate
2009-10-30,2009-10-30,NA,NA,salinas_socs,SOC_stock_Mg_ha,elemental_analysis,40,1,NA,NA,socs_sys5,4,6,0,30,10.1016/j.dib.2020.106481,FILLED_ZOTERO_XLSX,exact date from companion paper: Oct 30 2009,white_salinas_2020,Mg C ha-1,replicate
2009-10-30,2009-10-30,NA,NA,salinas_socs,SOC_stock_Mg_ha,elemental_analysis,34,1,NA,NA,socs_sys7,1,6,0,30,10.1016/j.dib.2020.106481,FILLED_ZOTERO_XLSX,exact date from companion paper: Oct 30 2009,white_salinas_2020,Mg C ha-1,replicate
2009-10-30,2009-10-30,NA,NA,salinas_socs,SOC_stock_Mg_ha,elemental_analysis,46,1,NA,NA,socs_sys7,2,6,0,30,10.1016/j.dib.2020.106481,FILLED_ZOTERO_XLSX,exact date from companion paper: Oct 30 2009,white_salinas_2020,Mg C ha-1,replicate
2009-10-30,2009-10-30,NA,NA,salinas_socs,SOC_stock_Mg_ha,elemental_analysis,34,1,NA,NA,socs_sys7,3,6,0,30,10.1016/j.dib.2020.106481,FILLED_ZOTERO_XLSX,exact date from companion paper: Oct 30 2009,white_salinas_2020,Mg C ha-1,replicate
2009-10-30,2009-10-30,NA,NA,salinas_socs,SOC_stock_Mg_ha,elemental_analysis,34,1,NA,NA,socs_sys7,4,6,0,30,10.1016/j.dib.2020.106481,FILLED_ZOTERO_XLSX,exact date from companion paper: Oct 30 2009,white_salinas_2020,Mg C ha-1,replicate
2010-10-01,2010-11-01,NA,NA,salinas_socs,SOC_stock_Mg_ha,elemental_analysis,15,1,NA,NA,socs_sys1,1,7,0,30,10.1016/j.dib.2020.106481,FILLED_ZOTERO_XLSX,fall sampling; approximate October window; Year 7,white_salinas_2020,Mg C ha-1,replicate
2010-10-01,2010-11-01,NA,NA,salinas_socs,SOC_stock_Mg_ha,elemental_analysis,20,1,NA,NA,socs_sys1,2,7,0,30,10.1016/j.dib.2020.106481,FILLED_ZOTERO_XLSX,fall sampling; approximate October window; Year 7,white_salinas_2020,Mg C ha-1,replicate
2010-10-01,2010-11-01,NA,NA,salinas_socs,SOC_stock_Mg_ha,elemental_analysis,22,1,NA,NA,socs_sys1,3,7,0,30,10.1016/j.dib.2020.106481,FILLED_ZOTERO_XLSX,fall sampling; approximate October window; Year 7,white_salinas_2020,Mg C ha-1,replicate
2010-10-01,2010-11-01,NA,NA,salinas_socs,SOC_stock_Mg_ha,elemental_analysis,27,1,NA,NA,socs_sys1,4,7,0,30,10.1016/j.dib.2020.106481,FILLED_ZOTERO_XLSX,fall sampling; approximate October window; Year 7,white_salinas_2020,Mg C ha-1,replicate
2010-10-01,2010-11-01,NA,NA,salinas_socs,SOC_stock_Mg_ha,elemental_analysis,21,1,NA,NA,socs_sys2,1,7,0,30,10.1016/j.dib.2020.106481,FILLED_ZOTERO_XLSX,fall sampling; approximate October window; Year 7,white_salinas_2020,Mg C ha-1,replicate
2010-10-01,2010-11-01,NA,NA,salinas_socs,SOC_stock_Mg_ha,elemental_analysis,35,1,NA,NA,socs_sys2,2,7,0,30,10.1016/j.dib.2020.106481,FILLED_ZOTERO_XLSX,fall sampling; approximate October window; Year 7,white_salinas_2020,Mg C ha-1,replicate
2010-10-01,2010-11-01,NA,NA,salinas_socs,SOC_stock_Mg_ha,elemental_analysis,33,1,NA,NA,socs_sys2,3,7,0,30,10.1016/j.dib.2020.106481,FILLED_ZOTERO_XLSX,fall sampling; approximate October window; Year 7,white_salinas_2020,Mg C ha-1,replicate
2010-10-01,2010-11-01,NA,NA,salinas_socs,SOC_stock_Mg_ha,elemental_analysis,37,1,NA,NA,socs_sys2,4,7,0,30,10.1016/j.dib.2020.106481,FILLED_ZOTERO_XLSX,fall sampling; approximate October window; Year 7,white_salinas_2020,Mg C ha-1,replicate
2010-10-01,2010-11-01,NA,NA,salinas_socs,SOC_stock_Mg_ha,elemental_analysis,35,1,NA,NA,socs_sys4,1,7,0,30,10.1016/j.dib.2020.106481,FILLED_ZOTERO_XLSX,fall sampling; approximate October window; Year 7,white_salinas_2020,Mg C ha-1,replicate
2010-10-01,2010-11-01,NA,NA,salinas_socs,SOC_stock_Mg_ha,elemental_analysis,33,1,NA,NA,socs_sys4,2,7,0,30,10.1016/j.dib.2020.106481,FILLED_ZOTERO_XLSX,fall sampling; approximate October window; Year 7,white_salinas_2020,Mg C ha-1,replicate
2010-10-01,2010-11-01,NA,NA,salinas_socs,SOC_stock_Mg_ha,elemental_analysis,50,1,NA,NA,socs_sys4,3,7,0,30,10.1016/j.dib.2020.106481,FILLED_ZOTERO_XLSX,fall sampling; approximate October window; Year 7,white_salinas_2020,Mg C ha-1,replicate
2010-10-01,2010-11-01,NA,NA,salinas_socs,SOC_stock_Mg_ha,elemental_analysis,40,1,NA,NA,socs_sys4,4,7,0,30,10.1016/j.dib.2020.106481,FILLED_ZOTERO_XLSX,fall sampling; approximate October window; Year 7,white_salinas_2020,Mg C ha-1,replicate
2010-10-01,2010-11-01,NA,NA,salinas_socs,SOC_stock_Mg_ha,elemental_analysis,30,1,NA,NA,socs_sys5,1,7,0,30,10.1016/j.dib.2020.106481,FILLED_ZOTERO_XLSX,fall sampling; approximate October window; Year 7,white_salinas_2020,Mg C ha-1,replicate
2010-10-01,2010-11-01,NA,NA,salinas_socs,SOC_stock_Mg_ha,elemental_analysis,61,1,NA,NA,socs_sys5,2,7,0,30,10.1016/j.dib.2020.106481,FILLED_ZOTERO_XLSX,fall sampling; approximate October window; Year 7,white_salinas_2020,Mg C ha-1,replicate
2010-10-01,2010-11-01,NA,NA,salinas_socs,SOC_stock_Mg_ha,elemental_analysis,33,1,NA,NA,socs_sys5,3,7,0,30,10.1016/j.dib.2020.106481,FILLED_ZOTERO_XLSX,fall sampling; approximate October window; Year 7,white_salinas_2020,Mg C ha-1,replicate
2010-10-01,2010-11-01,NA,NA,salinas_socs,SOC_stock_Mg_ha,elemental_analysis,33,1,NA,NA,socs_sys5,4,7,0,30,10.1016/j.dib.2020.106481,FILLED_ZOTERO_XLSX,fall sampling; approximate October window; Year 7,white_salinas_2020,Mg C ha-1,replicate
2010-10-01,2010-11-01,NA,NA,salinas_socs,SOC_stock_Mg_ha,elemental_analysis,36,1,NA,NA,socs_sys7,1,7,0,30,10.1016/j.dib.2020.106481,FILLED_ZOTERO_XLSX,fall sampling; approximate October window; Year 7,white_salinas_2020,Mg C ha-1,replicate
2010-10-01,2010-11-01,NA,NA,salinas_socs,SOC_stock_Mg_ha,elemental_analysis,47,1,NA,NA,socs_sys7,2,7,0,30,10.1016/j.dib.2020.106481,FILLED_ZOTERO_XLSX,fall sampling; approximate October window; Year 7,white_salinas_2020,Mg C ha-1,replicate
2010-10-01,2010-11-01,NA,NA,salinas_socs,SOC_stock_Mg_ha,elemental_analysis,42,1,NA,NA,socs_sys7,3,7,0,30,10.1016/j.dib.2020.106481,FILLED_ZOTERO_XLSX,fall sampling; approximate October window; Year 7,white_salinas_2020,Mg C ha-1,replicate
2010-10-01,2010-11-01,NA,NA,salinas_socs,SOC_stock_Mg_ha,elemental_analysis,37,1,NA,NA,socs_sys7,4,7,0,30,10.1016/j.dib.2020.106481,FILLED_ZOTERO_XLSX,fall sampling; approximate October window; Year 7,white_salinas_2020,Mg C ha-1,replicate
2011-08-01,2011-09-01,NA,NA,salinas_socs,SOC_stock_Mg_ha,elemental_analysis,22,1,NA,NA,socs_sys1,1,8,0,30,10.1016/j.dib.2020.106481,FILLED_ZOTERO_XLSX,August 2011; study ended post-lettuce harvest,white_salinas_2020,Mg C ha-1,replicate
2011-08-01,2011-09-01,NA,NA,salinas_socs,SOC_stock_Mg_ha,elemental_analysis,17,1,NA,NA,socs_sys1,2,8,0,30,10.1016/j.dib.2020.106481,FILLED_ZOTERO_XLSX,August 2011; study ended post-lettuce harvest,white_salinas_2020,Mg C ha-1,replicate
2011-08-01,2011-09-01,NA,NA,salinas_socs,SOC_stock_Mg_ha,elemental_analysis,18,1,NA,NA,socs_sys1,3,8,0,30,10.1016/j.dib.2020.106481,FILLED_ZOTERO_XLSX,August 2011; study ended post-lettuce harvest,white_salinas_2020,Mg C ha-1,replicate
2011-08-01,2011-09-01,NA,NA,salinas_socs,SOC_stock_Mg_ha,elemental_analysis,24,1,NA,NA,socs_sys1,4,8,0,30,10.1016/j.dib.2020.106481,FILLED_ZOTERO_XLSX,August 2011; study ended post-lettuce harvest,white_salinas_2020,Mg C ha-1,replicate
2011-08-01,2011-09-01,NA,NA,salinas_socs,SOC_stock_Mg_ha,elemental_analysis,24,1,NA,NA,socs_sys2,1,8,0,30,10.1016/j.dib.2020.106481,FILLED_ZOTERO_XLSX,August 2011; study ended post-lettuce harvest,white_salinas_2020,Mg C ha-1,replicate
2011-08-01,2011-09-01,NA,NA,salinas_socs,SOC_stock_Mg_ha,elemental_analysis,37,1,NA,NA,socs_sys2,2,8,0,30,10.1016/j.dib.2020.106481,FILLED_ZOTERO_XLSX,August 2011; study ended post-lettuce harvest,white_salinas_2020,Mg C ha-1,replicate
2011-08-01,2011-09-01,NA,NA,salinas_socs,SOC_stock_Mg_ha,elemental_analysis,26,1,NA,NA,socs_sys2,3,8,0,30,10.1016/j.dib.2020.106481,FILLED_ZOTERO_XLSX,August 2011; study ended post-lettuce harvest,white_salinas_2020,Mg C ha-1,replicate
2011-08-01,2011-09-01,NA,NA,salinas_socs,SOC_stock_Mg_ha,elemental_analysis,33,1,NA,NA,socs_sys2,4,8,0,30,10.1016/j.dib.2020.106481,FILLED_ZOTERO_XLSX,August 2011; study ended post-lettuce harvest,white_salinas_2020,Mg C ha-1,replicate
2011-08-01,2011-09-01,NA,NA,salinas_socs,SOC_stock_Mg_ha,elemental_analysis,40,1,NA,NA,socs_sys4,1,8,0,30,10.1016/j.dib.2020.106481,FILLED_ZOTERO_XLSX,August 2011; study ended post-lettuce harvest,white_salinas_2020,Mg C ha-1,replicate
2011-08-01,2011-09-01,NA,NA,salinas_socs,SOC_stock_Mg_ha,elemental_analysis,28,1,NA,NA,socs_sys4,2,8,0,30,10.1016/j.dib.2020.106481,FILLED_ZOTERO_XLSX,August 2011; study ended post-lettuce harvest,white_salinas_2020,Mg C ha-1,replicate
2011-08-01,2011-09-01,NA,NA,salinas_socs,SOC_stock_Mg_ha,elemental_analysis,31,1,NA,NA,socs_sys4,3,8,0,30,10.1016/j.dib.2020.106481,FILLED_ZOTERO_XLSX,August 2011; study ended post-lettuce harvest,white_salinas_2020,Mg C ha-1,replicate
2011-08-01,2011-09-01,NA,NA,salinas_socs,SOC_stock_Mg_ha,elemental_analysis,32,1,NA,NA,socs_sys4,4,8,0,30,10.1016/j.dib.2020.106481,FILLED_ZOTERO_XLSX,August 2011; study ended post-lettuce harvest,white_salinas_2020,Mg C ha-1,replicate
2011-08-01,2011-09-01,NA,NA,salinas_socs,SOC_stock_Mg_ha,elemental_analysis,34,1,NA,NA,socs_sys5,1,8,0,30,10.1016/j.dib.2020.106481,FILLED_ZOTERO_XLSX,August 2011; study ended post-lettuce harvest,white_salinas_2020,Mg C ha-1,replicate
2011-08-01,2011-09-01,NA,NA,salinas_socs,SOC_stock_Mg_ha,elemental_analysis,38,1,NA,NA,socs_sys5,2,8,0,30,10.1016/j.dib.2020.106481,FILLED_ZOTERO_XLSX,August 2011; study ended post-lettuce harvest,white_salinas_2020,Mg C ha-1,replicate
2011-08-01,2011-09-01,NA,NA,salinas_socs,SOC_stock_Mg_ha,elemental_analysis,28,1,NA,NA,socs_sys5,3,8,0,30,10.1016/j.dib.2020.106481,FILLED_ZOTERO_XLSX,August 2011; study ended post-lettuce harvest,white_salinas_2020,Mg C ha-1,replicate
2011-08-01,2011-09-01,NA,NA,salinas_socs,SOC_stock_Mg_ha,elemental_analysis,32,1,NA,NA,socs_sys5,4,8,0,30,10.1016/j.dib.2020.106481,FILLED_ZOTERO_XLSX,August 2011; study ended post-lettuce harvest,white_salinas_2020,Mg C ha-1,replicate
2011-08-01,2011-09-01,NA,NA,salinas_socs,SOC_stock_Mg_ha,elemental_analysis,28,1,NA,NA,socs_sys7,1,8,0,30,10.1016/j.dib.2020.106481,FILLED_ZOTERO_XLSX,August 2011; study ended post-lettuce harvest,white_salinas_2020,Mg C ha-1,replicate
2011-08-01,2011-09-01,NA,NA,salinas_socs,SOC_stock_Mg_ha,elemental_analysis,30,1,NA,NA,socs_sys7,2,8,0,30,10.1016/j.dib.2020.106481,FILLED_ZOTERO_XLSX,August 2011; study ended post-lettuce harvest,white_salinas_2020,Mg C ha-1,replicate
2011-08-01,2011-09-01,NA,NA,salinas_socs,SOC_stock_Mg_ha,elemental_analysis,36,1,NA,NA,socs_sys7,3,8,0,30,10.1016/j.dib.2020.106481,FILLED_ZOTERO_XLSX,August 2011; study ended post-lettuce harvest,white_salinas_2020,Mg C ha-1,replicate
2011-08-01,2011-09-01,NA,NA,salinas_socs,SOC_stock_Mg_ha,elemental_analysis,43,1,NA,NA,socs_sys7,4,8,0,30,10.1016/j.dib.2020.106481,FILLED_ZOTERO_XLSX,August 2011; study ended post-lettuce harvest,white_salinas_2020,Mg C ha-1,replicate
2003-10-13,2003-10-13,NA,NA,salinas_socs,SOC_conc_mg_kg,elemental_analysis,12615,1,NA,NA,socs_sys1,1,0,0,30,10.1016/j.dib.2020.106481,FILLED_ZOTERO_XLSX,NA,white_salinas_2020,mg C kg-1 soil,replicate
2003-10-13,2003-10-13,NA,NA,salinas_socs,SOC_conc_mg_kg,elemental_analysis,11883,1,NA,NA,socs_sys1,2,0,0,30,10.1016/j.dib.2020.106481,FILLED_ZOTERO_XLSX,NA,white_salinas_2020,mg C kg-1 soil,replicate
2003-10-13,2003-10-13,NA,NA,salinas_socs,SOC_conc_mg_kg,elemental_analysis,11083,1,NA,NA,socs_sys1,3,0,0,30,10.1016/j.dib.2020.106481,FILLED_ZOTERO_XLSX,NA,white_salinas_2020,mg C kg-1 soil,replicate
2003-10-13,2003-10-13,NA,NA,salinas_socs,SOC_conc_mg_kg,elemental_analysis,10622,1,NA,NA,socs_sys1,4,0,0,30,10.1016/j.dib.2020.106481,FILLED_ZOTERO_XLSX,NA,white_salinas_2020,mg C kg-1 soil,replicate
2003-10-13,2003-10-13,NA,NA,salinas_socs,SOC_conc_mg_kg,elemental_analysis,12083,1,NA,NA,socs_sys2,1,0,0,30,10.1016/j.dib.2020.106481,FILLED_ZOTERO_XLSX,NA,white_salinas_2020,mg C kg-1 soil,replicate
2003-10-13,2003-10-13,NA,NA,salinas_socs,SOC_conc_mg_kg,elemental_analysis,14430,1,NA,NA,socs_sys2,2,0,0,30,10.1016/j.dib.2020.106481,FILLED_ZOTERO_XLSX,NA,white_salinas_2020,mg C kg-1 soil,replicate
2003-10-13,2003-10-13,NA,NA,salinas_socs,SOC_conc_mg_kg,elemental_analysis,11849,1,NA,NA,socs_sys2,3,0,0,30,10.1016/j.dib.2020.106481,FILLED_ZOTERO_XLSX,NA,white_salinas_2020,mg C kg-1 soil,replicate
2003-10-13,2003-10-13,NA,NA,salinas_socs,SOC_conc_mg_kg,elemental_analysis,12867,1,NA,NA,socs_sys2,4,0,0,30,10.1016/j.dib.2020.106481,FILLED_ZOTERO_XLSX,NA,white_salinas_2020,mg C kg-1 soil,replicate
2003-10-13,2003-10-13,NA,NA,salinas_socs,SOC_conc_mg_kg,elemental_analysis,13760,1,NA,NA,socs_sys4,1,0,0,30,10.1016/j.dib.2020.106481,FILLED_ZOTERO_XLSX,NA,white_salinas_2020,mg C kg-1 soil,replicate
2003-10-13,2003-10-13,NA,NA,salinas_socs,SOC_conc_mg_kg,elemental_analysis,12147,1,NA,NA,socs_sys4,2,0,0,30,10.1016/j.dib.2020.106481,FILLED_ZOTERO_XLSX,NA,white_salinas_2020,mg C kg-1 soil,replicate
2003-10-13,2003-10-13,NA,NA,salinas_socs,SOC_conc_mg_kg,elemental_analysis,14151,1,NA,NA,socs_sys4,3,0,0,30,10.1016/j.dib.2020.106481,FILLED_ZOTERO_XLSX,NA,white_salinas_2020,mg C kg-1 soil,replicate
2003-10-13,2003-10-13,NA,NA,salinas_socs,SOC_conc_mg_kg,elemental_analysis,10874,1,NA,NA,socs_sys4,4,0,0,30,10.1016/j.dib.2020.106481,FILLED_ZOTERO_XLSX,NA,white_salinas_2020,mg C kg-1 soil,replicate
2003-10-13,2003-10-13,NA,NA,salinas_socs,SOC_conc_mg_kg,elemental_analysis,9547,1,NA,NA,socs_sys5,1,0,0,30,10.1016/j.dib.2020.106481,FILLED_ZOTERO_XLSX,NA,white_salinas_2020,mg C kg-1 soil,replicate
2003-10-13,2003-10-13,NA,NA,salinas_socs,SOC_conc_mg_kg,elemental_analysis,10660,1,NA,NA,socs_sys5,2,0,0,30,10.1016/j.dib.2020.106481,FILLED_ZOTERO_XLSX,NA,white_salinas_2020,mg C kg-1 soil,replicate
2003-10-13,2003-10-13,NA,NA,salinas_socs,SOC_conc_mg_kg,elemental_analysis,10700,1,NA,NA,socs_sys5,3,0,0,30,10.1016/j.dib.2020.106481,FILLED_ZOTERO_XLSX,NA,white_salinas_2020,mg C kg-1 soil,replicate
2003-10-13,2003-10-13,NA,NA,salinas_socs,SOC_conc_mg_kg,elemental_analysis,11888,1,NA,NA,socs_sys5,4,0,0,30,10.1016/j.dib.2020.106481,FILLED_ZOTERO_XLSX,NA,white_salinas_2020,mg C kg-1 soil,replicate
2003-10-13,2003-10-13,NA,NA,salinas_socs,SOC_conc_mg_kg,elemental_analysis,13067,1,NA,NA,socs_sys7,1,0,0,30,10.1016/j.dib.2020.106481,FILLED_ZOTERO_XLSX,NA,white_salinas_2020,mg C kg-1 soil,replicate
2003-10-13,2003-10-13,NA,NA,salinas_socs,SOC_conc_mg_kg,elemental_analysis,10367,1,NA,NA,socs_sys7,2,0,0,30,10.1016/j.dib.2020.106481,FILLED_ZOTERO_XLSX,NA,white_salinas_2020,mg C kg-1 soil,replicate
2003-10-13,2003-10-13,NA,NA,salinas_socs,SOC_conc_mg_kg,elemental_analysis,12033,1,NA,NA,socs_sys7,3,0,0,30,10.1016/j.dib.2020.106481,FILLED_ZOTERO_XLSX,NA,white_salinas_2020,mg C kg-1 soil,replicate
2003-10-13,2003-10-13,NA,NA,salinas_socs,SOC_conc_mg_kg,elemental_analysis,12167,1,NA,NA,socs_sys7,4,0,0,30,10.1016/j.dib.2020.106481,FILLED_ZOTERO_XLSX,NA,white_salinas_2020,mg C kg-1 soil,replicate
2004-10-01,2004-11-01,NA,NA,salinas_socs,SOC_conc_mg_kg,elemental_analysis,4975,1,NA,NA,socs_sys1,1,1,0,30,10.1016/j.dib.2020.106481,FILLED_ZOTERO_XLSX,NA,white_salinas_2020,mg C kg-1 soil,replicate
2004-10-01,2004-11-01,NA,NA,salinas_socs,SOC_conc_mg_kg,elemental_analysis,2894,1,NA,NA,socs_sys1,2,1,0,30,10.1016/j.dib.2020.106481,FILLED_ZOTERO_XLSX,NA,white_salinas_2020,mg C kg-1 soil,replicate
2004-10-01,2004-11-01,NA,NA,salinas_socs,SOC_conc_mg_kg,elemental_analysis,2132,1,NA,NA,socs_sys1,3,1,0,30,10.1016/j.dib.2020.106481,FILLED_ZOTERO_XLSX,NA,white_salinas_2020,mg C kg-1 soil,replicate
2004-10-01,2004-11-01,NA,NA,salinas_socs,SOC_conc_mg_kg,elemental_analysis,4018,1,NA,NA,socs_sys1,4,1,0,30,10.1016/j.dib.2020.106481,FILLED_ZOTERO_XLSX,NA,white_salinas_2020,mg C kg-1 soil,replicate
2004-10-01,2004-11-01,NA,NA,salinas_socs,SOC_conc_mg_kg,elemental_analysis,6053,1,NA,NA,socs_sys2,1,1,0,30,10.1016/j.dib.2020.106481,FILLED_ZOTERO_XLSX,NA,white_salinas_2020,mg C kg-1 soil,replicate
2004-10-01,2004-11-01,NA,NA,salinas_socs,SOC_conc_mg_kg,elemental_analysis,4432,1,NA,NA,socs_sys2,2,1,0,30,10.1016/j.dib.2020.106481,FILLED_ZOTERO_XLSX,NA,white_salinas_2020,mg C kg-1 soil,replicate
2004-10-01,2004-11-01,NA,NA,salinas_socs,SOC_conc_mg_kg,elemental_analysis,2794,1,NA,NA,socs_sys2,3,1,0,30,10.1016/j.dib.2020.106481,FILLED_ZOTERO_XLSX,NA,white_salinas_2020,mg C kg-1 soil,replicate
2004-10-01,2004-11-01,NA,NA,salinas_socs,SOC_conc_mg_kg,elemental_analysis,6348,1,NA,NA,socs_sys2,4,1,0,30,10.1016/j.dib.2020.106481,FILLED_ZOTERO_XLSX,NA,white_salinas_2020,mg C kg-1 soil,replicate
2004-10-01,2004-11-01,NA,NA,salinas_socs,SOC_conc_mg_kg,elemental_analysis,3957,1,NA,NA,socs_sys4,1,1,0,30,10.1016/j.dib.2020.106481,FILLED_ZOTERO_XLSX,NA,white_salinas_2020,mg C kg-1 soil,replicate
2004-10-01,2004-11-01,NA,NA,salinas_socs,SOC_conc_mg_kg,elemental_analysis,3570,1,NA,NA,socs_sys4,2,1,0,30,10.1016/j.dib.2020.106481,FILLED_ZOTERO_XLSX,NA,white_salinas_2020,mg C kg-1 soil,replicate
2004-10-01,2004-11-01,NA,NA,salinas_socs,SOC_conc_mg_kg,elemental_analysis,3312,1,NA,NA,socs_sys4,3,1,0,30,10.1016/j.dib.2020.106481,FILLED_ZOTERO_XLSX,NA,white_salinas_2020,mg C kg-1 soil,replicate
2004-10-01,2004-11-01,NA,NA,salinas_socs,SOC_conc_mg_kg,elemental_analysis,7557,1,NA,NA,socs_sys4,4,1,0,30,10.1016/j.dib.2020.106481,FILLED_ZOTERO_XLSX,NA,white_salinas_2020,mg C kg-1 soil,replicate
2004-10-01,2004-11-01,NA,NA,salinas_socs,SOC_conc_mg_kg,elemental_analysis,2484,1,NA,NA,socs_sys5,1,1,0,30,10.1016/j.dib.2020.106481,FILLED_ZOTERO_XLSX,NA,white_salinas_2020,mg C kg-1 soil,replicate
2004-10-01,2004-11-01,NA,NA,salinas_socs,SOC_conc_mg_kg,elemental_analysis,4093,1,NA,NA,socs_sys5,2,1,0,30,10.1016/j.dib.2020.106481,FILLED_ZOTERO_XLSX,NA,white_salinas_2020,mg C kg-1 soil,replicate
2004-10-01,2004-11-01,NA,NA,salinas_socs,SOC_conc_mg_kg,elemental_analysis,2894,1,NA,NA,socs_sys5,3,1,0,30,10.1016/j.dib.2020.106481,FILLED_ZOTERO_XLSX,NA,white_salinas_2020,mg C kg-1 soil,replicate
2004-10-01,2004-11-01,NA,NA,salinas_socs,SOC_conc_mg_kg,elemental_analysis,5667,1,NA,NA,socs_sys5,4,1,0,30,10.1016/j.dib.2020.106481,FILLED_ZOTERO_XLSX,NA,white_salinas_2020,mg C kg-1 soil,replicate
2004-10-01,2004-11-01,NA,NA,salinas_socs,SOC_conc_mg_kg,elemental_analysis,4312,1,NA,NA,socs_sys7,1,1,0,30,10.1016/j.dib.2020.106481,FILLED_ZOTERO_XLSX,NA,white_salinas_2020,mg C kg-1 soil,replicate
2004-10-01,2004-11-01,NA,NA,salinas_socs,SOC_conc_mg_kg,elemental_analysis,4394,1,NA,NA,socs_sys7,2,1,0,30,10.1016/j.dib.2020.106481,FILLED_ZOTERO_XLSX,NA,white_salinas_2020,mg C kg-1 soil,replicate
2004-10-01,2004-11-01,NA,NA,salinas_socs,SOC_conc_mg_kg,elemental_analysis,4120,1,NA,NA,socs_sys7,3,1,0,30,10.1016/j.dib.2020.106481,FILLED_ZOTERO_XLSX,NA,white_salinas_2020,mg C kg-1 soil,replicate
2004-10-01,2004-11-01,NA,NA,salinas_socs,SOC_conc_mg_kg,elemental_analysis,6020,1,NA,NA,socs_sys7,4,1,0,30,10.1016/j.dib.2020.106481,FILLED_ZOTERO_XLSX,NA,white_salinas_2020,mg C kg-1 soil,replicate
2005-10-01,2005-11-01,NA,NA,salinas_socs,SOC_conc_mg_kg,elemental_analysis,8267,1,NA,NA,socs_sys1,1,2,0,30,10.1016/j.dib.2020.106481,FILLED_ZOTERO_XLSX,NA,white_salinas_2020,mg C kg-1 soil,replicate
2005-10-01,2005-11-01,NA,NA,salinas_socs,SOC_conc_mg_kg,elemental_analysis,7327,1,NA,NA,socs_sys1,2,2,0,30,10.1016/j.dib.2020.106481,FILLED_ZOTERO_XLSX,NA,white_salinas_2020,mg C kg-1 soil,replicate
2005-10-01,2005-11-01,NA,NA,salinas_socs,SOC_conc_mg_kg,elemental_analysis,5446,1,NA,NA,socs_sys1,3,2,0,30,10.1016/j.dib.2020.106481,FILLED_ZOTERO_XLSX,NA,white_salinas_2020,mg C kg-1 soil,replicate
2005-10-01,2005-11-01,NA,NA,salinas_socs,SOC_conc_mg_kg,elemental_analysis,6065,1,NA,NA,socs_sys1,4,2,0,30,10.1016/j.dib.2020.106481,FILLED_ZOTERO_XLSX,NA,white_salinas_2020,mg C kg-1 soil,replicate
2005-10-01,2005-11-01,NA,NA,salinas_socs,SOC_conc_mg_kg,elemental_analysis,9967,1,NA,NA,socs_sys2,1,2,0,30,10.1016/j.dib.2020.106481,FILLED_ZOTERO_XLSX,NA,white_salinas_2020,mg C kg-1 soil,replicate
2005-10-01,2005-11-01,NA,NA,salinas_socs,SOC_conc_mg_kg,elemental_analysis,6227,1,NA,NA,socs_sys2,2,2,0,30,10.1016/j.dib.2020.106481,FILLED_ZOTERO_XLSX,NA,white_salinas_2020,mg C kg-1 soil,replicate
2005-10-01,2005-11-01,NA,NA,salinas_socs,SOC_conc_mg_kg,elemental_analysis,8148,1,NA,NA,socs_sys2,3,2,0,30,10.1016/j.dib.2020.106481,FILLED_ZOTERO_XLSX,NA,white_salinas_2020,mg C kg-1 soil,replicate
2005-10-01,2005-11-01,NA,NA,salinas_socs,SOC_conc_mg_kg,elemental_analysis,10371,1,NA,NA,socs_sys2,4,2,0,30,10.1016/j.dib.2020.106481,FILLED_ZOTERO_XLSX,NA,white_salinas_2020,mg C kg-1 soil,replicate
2005-10-01,2005-11-01,NA,NA,salinas_socs,SOC_conc_mg_kg,elemental_analysis,9439,1,NA,NA,socs_sys4,1,2,0,30,10.1016/j.dib.2020.106481,FILLED_ZOTERO_XLSX,NA,white_salinas_2020,mg C kg-1 soil,replicate
2005-10-01,2005-11-01,NA,NA,salinas_socs,SOC_conc_mg_kg,elemental_analysis,9839,1,NA,NA,socs_sys4,2,2,0,30,10.1016/j.dib.2020.106481,FILLED_ZOTERO_XLSX,NA,white_salinas_2020,mg C kg-1 soil,replicate
2005-10-01,2005-11-01,NA,NA,salinas_socs,SOC_conc_mg_kg,elemental_analysis,8130,1,NA,NA,socs_sys4,3,2,0,30,10.1016/j.dib.2020.106481,FILLED_ZOTERO_XLSX,NA,white_salinas_2020,mg C kg-1 soil,replicate
2005-10-01,2005-11-01,NA,NA,salinas_socs,SOC_conc_mg_kg,elemental_analysis,12418,1,NA,NA,socs_sys4,4,2,0,30,10.1016/j.dib.2020.106481,FILLED_ZOTERO_XLSX,NA,white_salinas_2020,mg C kg-1 soil,replicate
2005-10-01,2005-11-01,NA,NA,salinas_socs,SOC_conc_mg_kg,elemental_analysis,6746,1,NA,NA,socs_sys5,1,2,0,30,10.1016/j.dib.2020.106481,FILLED_ZOTERO_XLSX,NA,white_salinas_2020,mg C kg-1 soil,replicate
2005-10-01,2005-11-01,NA,NA,salinas_socs,SOC_conc_mg_kg,elemental_analysis,8342,1,NA,NA,socs_sys5,2,2,0,30,10.1016/j.dib.2020.106481,FILLED_ZOTERO_XLSX,NA,white_salinas_2020,mg C kg-1 soil,replicate
2005-10-01,2005-11-01,NA,NA,salinas_socs,SOC_conc_mg_kg,elemental_analysis,10467,1,NA,NA,socs_sys5,3,2,0,30,10.1016/j.dib.2020.106481,FILLED_ZOTERO_XLSX,NA,white_salinas_2020,mg C kg-1 soil,replicate
2005-10-01,2005-11-01,NA,NA,salinas_socs,SOC_conc_mg_kg,elemental_analysis,12539,1,NA,NA,socs_sys5,4,2,0,30,10.1016/j.dib.2020.106481,FILLED_ZOTERO_XLSX,NA,white_salinas_2020,mg C kg-1 soil,replicate
2005-10-01,2005-11-01,NA,NA,salinas_socs,SOC_conc_mg_kg,elemental_analysis,8705,1,NA,NA,socs_sys7,1,2,0,30,10.1016/j.dib.2020.106481,FILLED_ZOTERO_XLSX,NA,white_salinas_2020,mg C kg-1 soil,replicate
2005-10-01,2005-11-01,NA,NA,salinas_socs,SOC_conc_mg_kg,elemental_analysis,7342,1,NA,NA,socs_sys7,2,2,0,30,10.1016/j.dib.2020.106481,FILLED_ZOTERO_XLSX,NA,white_salinas_2020,mg C kg-1 soil,replicate
2005-10-01,2005-11-01,NA,NA,salinas_socs,SOC_conc_mg_kg,elemental_analysis,9980,1,NA,NA,socs_sys7,3,2,0,30,10.1016/j.dib.2020.106481,FILLED_ZOTERO_XLSX,NA,white_salinas_2020,mg C kg-1 soil,replicate
2005-10-01,2005-11-01,NA,NA,salinas_socs,SOC_conc_mg_kg,elemental_analysis,8705,1,NA,NA,socs_sys7,4,2,0,30,10.1016/j.dib.2020.106481,FILLED_ZOTERO_XLSX,NA,white_salinas_2020,mg C kg-1 soil,replicate
2006-10-01,2006-11-01,NA,NA,salinas_socs,SOC_conc_mg_kg,elemental_analysis,6700,1,NA,NA,socs_sys1,1,3,0,30,10.1016/j.dib.2020.106481,FILLED_ZOTERO_XLSX,NA,white_salinas_2020,mg C kg-1 soil,replicate
2006-10-01,2006-11-01,NA,NA,salinas_socs,SOC_conc_mg_kg,elemental_analysis,6895,1,NA,NA,socs_sys1,2,3,0,30,10.1016/j.dib.2020.106481,FILLED_ZOTERO_XLSX,NA,white_salinas_2020,mg C kg-1 soil,replicate
2006-10-01,2006-11-01,NA,NA,salinas_socs,SOC_conc_mg_kg,elemental_analysis,5267,1,NA,NA,socs_sys1,3,3,0,30,10.1016/j.dib.2020.106481,FILLED_ZOTERO_XLSX,NA,white_salinas_2020,mg C kg-1 soil,replicate
2006-10-01,2006-11-01,NA,NA,salinas_socs,SOC_conc_mg_kg,elemental_analysis,6344,1,NA,NA,socs_sys1,4,3,0,30,10.1016/j.dib.2020.106481,FILLED_ZOTERO_XLSX,NA,white_salinas_2020,mg C kg-1 soil,replicate
2006-10-01,2006-11-01,NA,NA,salinas_socs,SOC_conc_mg_kg,elemental_analysis,8275,1,NA,NA,socs_sys2,1,3,0,30,10.1016/j.dib.2020.106481,FILLED_ZOTERO_XLSX,NA,white_salinas_2020,mg C kg-1 soil,replicate
2006-10-01,2006-11-01,NA,NA,salinas_socs,SOC_conc_mg_kg,elemental_analysis,7933,1,NA,NA,socs_sys2,2,3,0,30,10.1016/j.dib.2020.106481,FILLED_ZOTERO_XLSX,NA,white_salinas_2020,mg C kg-1 soil,replicate
2006-10-01,2006-11-01,NA,NA,salinas_socs,SOC_conc_mg_kg,elemental_analysis,9263,1,NA,NA,socs_sys2,3,3,0,30,10.1016/j.dib.2020.106481,FILLED_ZOTERO_XLSX,NA,white_salinas_2020,mg C kg-1 soil,replicate
2006-10-01,2006-11-01,NA,NA,salinas_socs,SOC_conc_mg_kg,elemental_analysis,8067,1,NA,NA,socs_sys2,4,3,0,30,10.1016/j.dib.2020.106481,FILLED_ZOTERO_XLSX,NA,white_salinas_2020,mg C kg-1 soil,replicate
2006-10-01,2006-11-01,NA,NA,salinas_socs,SOC_conc_mg_kg,elemental_analysis,9826,1,NA,NA,socs_sys4,1,3,0,30,10.1016/j.dib.2020.106481,FILLED_ZOTERO_XLSX,NA,white_salinas_2020,mg C kg-1 soil,replicate
2006-10-01,2006-11-01,NA,NA,salinas_socs,SOC_conc_mg_kg,elemental_analysis,8337,1,NA,NA,socs_sys4,2,3,0,30,10.1016/j.dib.2020.106481,FILLED_ZOTERO_XLSX,NA,white_salinas_2020,mg C kg-1 soil,replicate
2006-10-01,2006-11-01,NA,NA,salinas_socs,SOC_conc_mg_kg,elemental_analysis,8398,1,NA,NA,socs_sys4,3,3,0,30,10.1016/j.dib.2020.106481,FILLED_ZOTERO_XLSX,NA,white_salinas_2020,mg C kg-1 soil,replicate
2006-10-01,2006-11-01,NA,NA,salinas_socs,SOC_conc_mg_kg,elemental_analysis,6483,1,NA,NA,socs_sys4,4,3,0,30,10.1016/j.dib.2020.106481,FILLED_ZOTERO_XLSX,NA,white_salinas_2020,mg C kg-1 soil,replicate
2006-10-01,2006-11-01,NA,NA,salinas_socs,SOC_conc_mg_kg,elemental_analysis,7500,1,NA,NA,socs_sys5,1,3,0,30,10.1016/j.dib.2020.106481,FILLED_ZOTERO_XLSX,NA,white_salinas_2020,mg C kg-1 soil,replicate
2006-10-01,2006-11-01,NA,NA,salinas_socs,SOC_conc_mg_kg,elemental_analysis,9156,1,NA,NA,socs_sys5,2,3,0,30,10.1016/j.dib.2020.106481,FILLED_ZOTERO_XLSX,NA,white_salinas_2020,mg C kg-1 soil,replicate
2006-10-01,2006-11-01,NA,NA,salinas_socs,SOC_conc_mg_kg,elemental_analysis,7500,1,NA,NA,socs_sys5,3,3,0,30,10.1016/j.dib.2020.106481,FILLED_ZOTERO_XLSX,NA,white_salinas_2020,mg C kg-1 soil,replicate
2006-10-01,2006-11-01,NA,NA,salinas_socs,SOC_conc_mg_kg,elemental_analysis,10105,1,NA,NA,socs_sys5,4,3,0,30,10.1016/j.dib.2020.106481,FILLED_ZOTERO_XLSX,NA,white_salinas_2020,mg C kg-1 soil,replicate
2006-10-01,2006-11-01,NA,NA,salinas_socs,SOC_conc_mg_kg,elemental_analysis,7683,1,NA,NA,socs_sys7,1,3,0,30,10.1016/j.dib.2020.106481,FILLED_ZOTERO_XLSX,NA,white_salinas_2020,mg C kg-1 soil,replicate
2006-10-01,2006-11-01,NA,NA,salinas_socs,SOC_conc_mg_kg,elemental_analysis,8035,1,NA,NA,socs_sys7,2,3,0,30,10.1016/j.dib.2020.106481,FILLED_ZOTERO_XLSX,NA,white_salinas_2020,mg C kg-1 soil,replicate
2006-10-01,2006-11-01,NA,NA,salinas_socs,SOC_conc_mg_kg,elemental_analysis,9139,1,NA,NA,socs_sys7,3,3,0,30,10.1016/j.dib.2020.106481,FILLED_ZOTERO_XLSX,NA,white_salinas_2020,mg C kg-1 soil,replicate
2006-10-01,2006-11-01,NA,NA,salinas_socs,SOC_conc_mg_kg,elemental_analysis,9333,1,NA,NA,socs_sys7,4,3,0,30,10.1016/j.dib.2020.106481,FILLED_ZOTERO_XLSX,NA,white_salinas_2020,mg C kg-1 soil,replicate
2007-10-01,2007-11-01,NA,NA,salinas_socs,SOC_conc_mg_kg,elemental_analysis,5171,1,NA,NA,socs_sys1,1,4,0,30,10.1016/j.dib.2020.106481,FILLED_ZOTERO_XLSX,NA,white_salinas_2020,mg C kg-1 soil,replicate
2007-10-01,2007-11-01,NA,NA,salinas_socs,SOC_conc_mg_kg,elemental_analysis,4333,1,NA,NA,socs_sys1,2,4,0,30,10.1016/j.dib.2020.106481,FILLED_ZOTERO_XLSX,NA,white_salinas_2020,mg C kg-1 soil,replicate
2007-10-01,2007-11-01,NA,NA,salinas_socs,SOC_conc_mg_kg,elemental_analysis,4274,1,NA,NA,socs_sys1,3,4,0,30,10.1016/j.dib.2020.106481,FILLED_ZOTERO_XLSX,NA,white_salinas_2020,mg C kg-1 soil,replicate
2007-10-01,2007-11-01,NA,NA,salinas_socs,SOC_conc_mg_kg,elemental_analysis,5799,1,NA,NA,socs_sys1,4,4,0,30,10.1016/j.dib.2020.106481,FILLED_ZOTERO_XLSX,NA,white_salinas_2020,mg C kg-1 soil,replicate
2007-10-01,2007-11-01,NA,NA,salinas_socs,SOC_conc_mg_kg,elemental_analysis,7178,1,NA,NA,socs_sys2,1,4,0,30,10.1016/j.dib.2020.106481,FILLED_ZOTERO_XLSX,NA,white_salinas_2020,mg C kg-1 soil,replicate
2007-10-01,2007-11-01,NA,NA,salinas_socs,SOC_conc_mg_kg,elemental_analysis,5758,1,NA,NA,socs_sys2,2,4,0,30,10.1016/j.dib.2020.106481,FILLED_ZOTERO_XLSX,NA,white_salinas_2020,mg C kg-1 soil,replicate
2007-10-01,2007-11-01,NA,NA,salinas_socs,SOC_conc_mg_kg,elemental_analysis,5127,1,NA,NA,socs_sys2,3,4,0,30,10.1016/j.dib.2020.106481,FILLED_ZOTERO_XLSX,NA,white_salinas_2020,mg C kg-1 soil,replicate
2007-10-01,2007-11-01,NA,NA,salinas_socs,SOC_conc_mg_kg,elemental_analysis,6807,1,NA,NA,socs_sys2,4,4,0,30,10.1016/j.dib.2020.106481,FILLED_ZOTERO_XLSX,NA,white_salinas_2020,mg C kg-1 soil,replicate
2007-10-01,2007-11-01,NA,NA,salinas_socs,SOC_conc_mg_kg,elemental_analysis,6188,1,NA,NA,socs_sys4,1,4,0,30,10.1016/j.dib.2020.106481,FILLED_ZOTERO_XLSX,NA,white_salinas_2020,mg C kg-1 soil,replicate
2007-10-01,2007-11-01,NA,NA,salinas_socs,SOC_conc_mg_kg,elemental_analysis,6410,1,NA,NA,socs_sys4,2,4,0,30,10.1016/j.dib.2020.106481,FILLED_ZOTERO_XLSX,NA,white_salinas_2020,mg C kg-1 soil,replicate
2007-10-01,2007-11-01,NA,NA,salinas_socs,SOC_conc_mg_kg,elemental_analysis,6599,1,NA,NA,socs_sys4,3,4,0,30,10.1016/j.dib.2020.106481,FILLED_ZOTERO_XLSX,NA,white_salinas_2020,mg C kg-1 soil,replicate
2007-10-01,2007-11-01,NA,NA,salinas_socs,SOC_conc_mg_kg,elemental_analysis,7067,1,NA,NA,socs_sys4,4,4,0,30,10.1016/j.dib.2020.106481,FILLED_ZOTERO_XLSX,NA,white_salinas_2020,mg C kg-1 soil,replicate
2007-10-01,2007-11-01,NA,NA,salinas_socs,SOC_conc_mg_kg,elemental_analysis,4420,1,NA,NA,socs_sys5,1,4,0,30,10.1016/j.dib.2020.106481,FILLED_ZOTERO_XLSX,NA,white_salinas_2020,mg C kg-1 soil,replicate
2007-10-01,2007-11-01,NA,NA,salinas_socs,SOC_conc_mg_kg,elemental_analysis,7323,1,NA,NA,socs_sys5,2,4,0,30,10.1016/j.dib.2020.106481,FILLED_ZOTERO_XLSX,NA,white_salinas_2020,mg C kg-1 soil,replicate
2007-10-01,2007-11-01,NA,NA,salinas_socs,SOC_conc_mg_kg,elemental_analysis,6781,1,NA,NA,socs_sys5,3,4,0,30,10.1016/j.dib.2020.106481,FILLED_ZOTERO_XLSX,NA,white_salinas_2020,mg C kg-1 soil,replicate
2007-10-01,2007-11-01,NA,NA,salinas_socs,SOC_conc_mg_kg,elemental_analysis,7638,1,NA,NA,socs_sys5,4,4,0,30,10.1016/j.dib.2020.106481,FILLED_ZOTERO_XLSX,NA,white_salinas_2020,mg C kg-1 soil,replicate
2007-10-01,2007-11-01,NA,NA,salinas_socs,SOC_conc_mg_kg,elemental_analysis,4537,1,NA,NA,socs_sys7,1,4,0,30,10.1016/j.dib.2020.106481,FILLED_ZOTERO_XLSX,NA,white_salinas_2020,mg C kg-1 soil,replicate
2007-10-01,2007-11-01,NA,NA,salinas_socs,SOC_conc_mg_kg,elemental_analysis,5629,1,NA,NA,socs_sys7,2,4,0,30,10.1016/j.dib.2020.106481,FILLED_ZOTERO_XLSX,NA,white_salinas_2020,mg C kg-1 soil,replicate
2007-10-01,2007-11-01,NA,NA,salinas_socs,SOC_conc_mg_kg,elemental_analysis,5210,1,NA,NA,socs_sys7,3,4,0,30,10.1016/j.dib.2020.106481,FILLED_ZOTERO_XLSX,NA,white_salinas_2020,mg C kg-1 soil,replicate
2007-10-01,2007-11-01,NA,NA,salinas_socs,SOC_conc_mg_kg,elemental_analysis,8720,1,NA,NA,socs_sys7,4,4,0,30,10.1016/j.dib.2020.106481,FILLED_ZOTERO_XLSX,NA,white_salinas_2020,mg C kg-1 soil,replicate
2008-10-01,2008-11-01,NA,NA,salinas_socs,SOC_conc_mg_kg,elemental_analysis,5756,1,NA,NA,socs_sys1,1,5,0,30,10.1016/j.dib.2020.106481,FILLED_ZOTERO_XLSX,NA,white_salinas_2020,mg C kg-1 soil,replicate
2008-10-01,2008-11-01,NA,NA,salinas_socs,SOC_conc_mg_kg,elemental_analysis,4798,1,NA,NA,socs_sys1,2,5,0,30,10.1016/j.dib.2020.106481,FILLED_ZOTERO_XLSX,NA,white_salinas_2020,mg C kg-1 soil,replicate
2008-10-01,2008-11-01,NA,NA,salinas_socs,SOC_conc_mg_kg,elemental_analysis,3867,1,NA,NA,socs_sys1,3,5,0,30,10.1016/j.dib.2020.106481,FILLED_ZOTERO_XLSX,NA,white_salinas_2020,mg C kg-1 soil,replicate
2008-10-01,2008-11-01,NA,NA,salinas_socs,SOC_conc_mg_kg,elemental_analysis,7110,1,NA,NA,socs_sys1,4,5,0,30,10.1016/j.dib.2020.106481,FILLED_ZOTERO_XLSX,NA,white_salinas_2020,mg C kg-1 soil,replicate
2008-10-01,2008-11-01,NA,NA,salinas_socs,SOC_conc_mg_kg,elemental_analysis,6136,1,NA,NA,socs_sys2,1,5,0,30,10.1016/j.dib.2020.106481,FILLED_ZOTERO_XLSX,NA,white_salinas_2020,mg C kg-1 soil,replicate
2008-10-01,2008-11-01,NA,NA,salinas_socs,SOC_conc_mg_kg,elemental_analysis,6496,1,NA,NA,socs_sys2,2,5,0,30,10.1016/j.dib.2020.106481,FILLED_ZOTERO_XLSX,NA,white_salinas_2020,mg C kg-1 soil,replicate
2008-10-01,2008-11-01,NA,NA,salinas_socs,SOC_conc_mg_kg,elemental_analysis,7139,1,NA,NA,socs_sys2,3,5,0,30,10.1016/j.dib.2020.106481,FILLED_ZOTERO_XLSX,NA,white_salinas_2020,mg C kg-1 soil,replicate
2008-10-01,2008-11-01,NA,NA,salinas_socs,SOC_conc_mg_kg,elemental_analysis,7158,1,NA,NA,socs_sys2,4,5,0,30,10.1016/j.dib.2020.106481,FILLED_ZOTERO_XLSX,NA,white_salinas_2020,mg C kg-1 soil,replicate
2008-10-01,2008-11-01,NA,NA,salinas_socs,SOC_conc_mg_kg,elemental_analysis,8686,1,NA,NA,socs_sys4,1,5,0,30,10.1016/j.dib.2020.106481,FILLED_ZOTERO_XLSX,NA,white_salinas_2020,mg C kg-1 soil,replicate
2008-10-01,2008-11-01,NA,NA,salinas_socs,SOC_conc_mg_kg,elemental_analysis,7383,1,NA,NA,socs_sys4,2,5,0,30,10.1016/j.dib.2020.106481,FILLED_ZOTERO_XLSX,NA,white_salinas_2020,mg C kg-1 soil,replicate
2008-10-01,2008-11-01,NA,NA,salinas_socs,SOC_conc_mg_kg,elemental_analysis,6394,1,NA,NA,socs_sys4,3,5,0,30,10.1016/j.dib.2020.106481,FILLED_ZOTERO_XLSX,NA,white_salinas_2020,mg C kg-1 soil,replicate
2008-10-01,2008-11-01,NA,NA,salinas_socs,SOC_conc_mg_kg,elemental_analysis,8839,1,NA,NA,socs_sys4,4,5,0,30,10.1016/j.dib.2020.106481,FILLED_ZOTERO_XLSX,NA,white_salinas_2020,mg C kg-1 soil,replicate
2008-10-01,2008-11-01,NA,NA,salinas_socs,SOC_conc_mg_kg,elemental_analysis,6577,1,NA,NA,socs_sys5,1,5,0,30,10.1016/j.dib.2020.106481,FILLED_ZOTERO_XLSX,NA,white_salinas_2020,mg C kg-1 soil,replicate
2008-10-01,2008-11-01,NA,NA,salinas_socs,SOC_conc_mg_kg,elemental_analysis,5958,1,NA,NA,socs_sys5,2,5,0,30,10.1016/j.dib.2020.106481,FILLED_ZOTERO_XLSX,NA,white_salinas_2020,mg C kg-1 soil,replicate
2008-10-01,2008-11-01,NA,NA,salinas_socs,SOC_conc_mg_kg,elemental_analysis,5835,1,NA,NA,socs_sys5,3,5,0,30,10.1016/j.dib.2020.106481,FILLED_ZOTERO_XLSX,NA,white_salinas_2020,mg C kg-1 soil,replicate
2008-10-01,2008-11-01,NA,NA,salinas_socs,SOC_conc_mg_kg,elemental_analysis,9744,1,NA,NA,socs_sys5,4,5,0,30,10.1016/j.dib.2020.106481,FILLED_ZOTERO_XLSX,NA,white_salinas_2020,mg C kg-1 soil,replicate
2008-10-01,2008-11-01,NA,NA,salinas_socs,SOC_conc_mg_kg,elemental_analysis,7528,1,NA,NA,socs_sys7,1,5,0,30,10.1016/j.dib.2020.106481,FILLED_ZOTERO_XLSX,NA,white_salinas_2020,mg C kg-1 soil,replicate
2008-10-01,2008-11-01,NA,NA,salinas_socs,SOC_conc_mg_kg,elemental_analysis,9609,1,NA,NA,socs_sys7,2,5,0,30,10.1016/j.dib.2020.106481,FILLED_ZOTERO_XLSX,NA,white_salinas_2020,mg C kg-1 soil,replicate
2008-10-01,2008-11-01,NA,NA,salinas_socs,SOC_conc_mg_kg,elemental_analysis,7289,1,NA,NA,socs_sys7,3,5,0,30,10.1016/j.dib.2020.106481,FILLED_ZOTERO_XLSX,NA,white_salinas_2020,mg C kg-1 soil,replicate
2008-10-01,2008-11-01,NA,NA,salinas_socs,SOC_conc_mg_kg,elemental_analysis,8553,1,NA,NA,socs_sys7,4,5,0,30,10.1016/j.dib.2020.106481,FILLED_ZOTERO_XLSX,NA,white_salinas_2020,mg C kg-1 soil,replicate
2009-10-30,2009-10-30,NA,NA,salinas_socs,SOC_conc_mg_kg,elemental_analysis,6167,1,NA,NA,socs_sys1,1,6,0,30,10.1016/j.dib.2020.106481,FILLED_ZOTERO_XLSX,NA,white_salinas_2020,mg C kg-1 soil,replicate
2009-10-30,2009-10-30,NA,NA,salinas_socs,SOC_conc_mg_kg,elemental_analysis,6983,1,NA,NA,socs_sys1,2,6,0,30,10.1016/j.dib.2020.106481,FILLED_ZOTERO_XLSX,NA,white_salinas_2020,mg C kg-1 soil,replicate
2009-10-30,2009-10-30,NA,NA,salinas_socs,SOC_conc_mg_kg,elemental_analysis,5508,1,NA,NA,socs_sys1,3,6,0,30,10.1016/j.dib.2020.106481,FILLED_ZOTERO_XLSX,NA,white_salinas_2020,mg C kg-1 soil,replicate
2009-10-30,2009-10-30,NA,NA,salinas_socs,SOC_conc_mg_kg,elemental_analysis,6029,1,NA,NA,socs_sys1,4,6,0,30,10.1016/j.dib.2020.106481,FILLED_ZOTERO_XLSX,NA,white_salinas_2020,mg C kg-1 soil,replicate
2009-10-30,2009-10-30,NA,NA,salinas_socs,SOC_conc_mg_kg,elemental_analysis,7633,1,NA,NA,socs_sys2,1,6,0,30,10.1016/j.dib.2020.106481,FILLED_ZOTERO_XLSX,NA,white_salinas_2020,mg C kg-1 soil,replicate
2009-10-30,2009-10-30,NA,NA,salinas_socs,SOC_conc_mg_kg,elemental_analysis,11747,1,NA,NA,socs_sys2,2,6,0,30,10.1016/j.dib.2020.106481,FILLED_ZOTERO_XLSX,NA,white_salinas_2020,mg C kg-1 soil,replicate
2009-10-30,2009-10-30,NA,NA,salinas_socs,SOC_conc_mg_kg,elemental_analysis,9579,1,NA,NA,socs_sys2,3,6,0,30,10.1016/j.dib.2020.106481,FILLED_ZOTERO_XLSX,NA,white_salinas_2020,mg C kg-1 soil,replicate
2009-10-30,2009-10-30,NA,NA,salinas_socs,SOC_conc_mg_kg,elemental_analysis,9093,1,NA,NA,socs_sys2,4,6,0,30,10.1016/j.dib.2020.106481,FILLED_ZOTERO_XLSX,NA,white_salinas_2020,mg C kg-1 soil,replicate
2009-10-30,2009-10-30,NA,NA,salinas_socs,SOC_conc_mg_kg,elemental_analysis,11102,1,NA,NA,socs_sys4,1,6,0,30,10.1016/j.dib.2020.106481,FILLED_ZOTERO_XLSX,NA,white_salinas_2020,mg C kg-1 soil,replicate
2009-10-30,2009-10-30,NA,NA,salinas_socs,SOC_conc_mg_kg,elemental_analysis,10614,1,NA,NA,socs_sys4,2,6,0,30,10.1016/j.dib.2020.106481,FILLED_ZOTERO_XLSX,NA,white_salinas_2020,mg C kg-1 soil,replicate
2009-10-30,2009-10-30,NA,NA,salinas_socs,SOC_conc_mg_kg,elemental_analysis,9018,1,NA,NA,socs_sys4,3,6,0,30,10.1016/j.dib.2020.106481,FILLED_ZOTERO_XLSX,NA,white_salinas_2020,mg C kg-1 soil,replicate
2009-10-30,2009-10-30,NA,NA,salinas_socs,SOC_conc_mg_kg,elemental_analysis,7619,1,NA,NA,socs_sys4,4,6,0,30,10.1016/j.dib.2020.106481,FILLED_ZOTERO_XLSX,NA,white_salinas_2020,mg C kg-1 soil,replicate
2009-10-30,2009-10-30,NA,NA,salinas_socs,SOC_conc_mg_kg,elemental_analysis,7133,1,NA,NA,socs_sys5,1,6,0,30,10.1016/j.dib.2020.106481,FILLED_ZOTERO_XLSX,NA,white_salinas_2020,mg C kg-1 soil,replicate
2009-10-30,2009-10-30,NA,NA,salinas_socs,SOC_conc_mg_kg,elemental_analysis,11433,1,NA,NA,socs_sys5,2,6,0,30,10.1016/j.dib.2020.106481,FILLED_ZOTERO_XLSX,NA,white_salinas_2020,mg C kg-1 soil,replicate
2009-10-30,2009-10-30,NA,NA,salinas_socs,SOC_conc_mg_kg,elemental_analysis,7900,1,NA,NA,socs_sys5,3,6,0,30,10.1016/j.dib.2020.106481,FILLED_ZOTERO_XLSX,NA,white_salinas_2020,mg C kg-1 soil,replicate
2009-10-30,2009-10-30,NA,NA,salinas_socs,SOC_conc_mg_kg,elemental_analysis,9444,1,NA,NA,socs_sys5,4,6,0,30,10.1016/j.dib.2020.106481,FILLED_ZOTERO_XLSX,NA,white_salinas_2020,mg C kg-1 soil,replicate
2009-10-30,2009-10-30,NA,NA,salinas_socs,SOC_conc_mg_kg,elemental_analysis,8160,1,NA,NA,socs_sys7,1,6,0,30,10.1016/j.dib.2020.106481,FILLED_ZOTERO_XLSX,NA,white_salinas_2020,mg C kg-1 soil,replicate
2009-10-30,2009-10-30,NA,NA,salinas_socs,SOC_conc_mg_kg,elemental_analysis,11218,1,NA,NA,socs_sys7,2,6,0,30,10.1016/j.dib.2020.106481,FILLED_ZOTERO_XLSX,NA,white_salinas_2020,mg C kg-1 soil,replicate
2009-10-30,2009-10-30,NA,NA,salinas_socs,SOC_conc_mg_kg,elemental_analysis,7914,1,NA,NA,socs_sys7,3,6,0,30,10.1016/j.dib.2020.106481,FILLED_ZOTERO_XLSX,NA,white_salinas_2020,mg C kg-1 soil,replicate
2009-10-30,2009-10-30,NA,NA,salinas_socs,SOC_conc_mg_kg,elemental_analysis,7900,1,NA,NA,socs_sys7,4,6,0,30,10.1016/j.dib.2020.106481,FILLED_ZOTERO_XLSX,NA,white_salinas_2020,mg C kg-1 soil,replicate
2010-10-01,2010-11-01,NA,NA,salinas_socs,SOC_conc_mg_kg,elemental_analysis,3414,1,NA,NA,socs_sys1,1,7,0,30,10.1016/j.dib.2020.106481,FILLED_ZOTERO_XLSX,NA,white_salinas_2020,mg C kg-1 soil,replicate
2010-10-01,2010-11-01,NA,NA,salinas_socs,SOC_conc_mg_kg,elemental_analysis,4732,1,NA,NA,socs_sys1,2,7,0,30,10.1016/j.dib.2020.106481,FILLED_ZOTERO_XLSX,NA,white_salinas_2020,mg C kg-1 soil,replicate
2010-10-01,2010-11-01,NA,NA,salinas_socs,SOC_conc_mg_kg,elemental_analysis,5125,1,NA,NA,socs_sys1,3,7,0,30,10.1016/j.dib.2020.106481,FILLED_ZOTERO_XLSX,NA,white_salinas_2020,mg C kg-1 soil,replicate
2010-10-01,2010-11-01,NA,NA,salinas_socs,SOC_conc_mg_kg,elemental_analysis,6484,1,NA,NA,socs_sys1,4,7,0,30,10.1016/j.dib.2020.106481,FILLED_ZOTERO_XLSX,NA,white_salinas_2020,mg C kg-1 soil,replicate
2010-10-01,2010-11-01,NA,NA,salinas_socs,SOC_conc_mg_kg,elemental_analysis,4439,1,NA,NA,socs_sys2,1,7,0,30,10.1016/j.dib.2020.106481,FILLED_ZOTERO_XLSX,NA,white_salinas_2020,mg C kg-1 soil,replicate
2010-10-01,2010-11-01,NA,NA,salinas_socs,SOC_conc_mg_kg,elemental_analysis,7944,1,NA,NA,socs_sys2,2,7,0,30,10.1016/j.dib.2020.106481,FILLED_ZOTERO_XLSX,NA,white_salinas_2020,mg C kg-1 soil,replicate
2010-10-01,2010-11-01,NA,NA,salinas_socs,SOC_conc_mg_kg,elemental_analysis,7740,1,NA,NA,socs_sys2,3,7,0,30,10.1016/j.dib.2020.106481,FILLED_ZOTERO_XLSX,NA,white_salinas_2020,mg C kg-1 soil,replicate
2010-10-01,2010-11-01,NA,NA,salinas_socs,SOC_conc_mg_kg,elemental_analysis,8667,1,NA,NA,socs_sys2,4,7,0,30,10.1016/j.dib.2020.106481,FILLED_ZOTERO_XLSX,NA,white_salinas_2020,mg C kg-1 soil,replicate
2010-10-01,2010-11-01,NA,NA,salinas_socs,SOC_conc_mg_kg,elemental_analysis,7801,1,NA,NA,socs_sys4,1,7,0,30,10.1016/j.dib.2020.106481,FILLED_ZOTERO_XLSX,NA,white_salinas_2020,mg C kg-1 soil,replicate
2010-10-01,2010-11-01,NA,NA,salinas_socs,SOC_conc_mg_kg,elemental_analysis,7710,1,NA,NA,socs_sys4,2,7,0,30,10.1016/j.dib.2020.106481,FILLED_ZOTERO_XLSX,NA,white_salinas_2020,mg C kg-1 soil,replicate
2010-10-01,2010-11-01,NA,NA,salinas_socs,SOC_conc_mg_kg,elemental_analysis,12294,1,NA,NA,socs_sys4,3,7,0,30,10.1016/j.dib.2020.106481,FILLED_ZOTERO_XLSX,NA,white_salinas_2020,mg C kg-1 soil,replicate
2010-10-01,2010-11-01,NA,NA,salinas_socs,SOC_conc_mg_kg,elemental_analysis,9367,1,NA,NA,socs_sys4,4,7,0,30,10.1016/j.dib.2020.106481,FILLED_ZOTERO_XLSX,NA,white_salinas_2020,mg C kg-1 soil,replicate
2010-10-01,2010-11-01,NA,NA,salinas_socs,SOC_conc_mg_kg,elemental_analysis,6497,1,NA,NA,socs_sys5,1,7,0,30,10.1016/j.dib.2020.106481,FILLED_ZOTERO_XLSX,NA,white_salinas_2020,mg C kg-1 soil,replicate
2010-10-01,2010-11-01,NA,NA,salinas_socs,SOC_conc_mg_kg,elemental_analysis,14927,1,NA,NA,socs_sys5,2,7,0,30,10.1016/j.dib.2020.106481,FILLED_ZOTERO_XLSX,NA,white_salinas_2020,mg C kg-1 soil,replicate
2010-10-01,2010-11-01,NA,NA,salinas_socs,SOC_conc_mg_kg,elemental_analysis,7410,1,NA,NA,socs_sys5,3,7,0,30,10.1016/j.dib.2020.106481,FILLED_ZOTERO_XLSX,NA,white_salinas_2020,mg C kg-1 soil,replicate
2010-10-01,2010-11-01,NA,NA,salinas_socs,SOC_conc_mg_kg,elemental_analysis,7567,1,NA,NA,socs_sys5,4,7,0,30,10.1016/j.dib.2020.106481,FILLED_ZOTERO_XLSX,NA,white_salinas_2020,mg C kg-1 soil,replicate
2010-10-01,2010-11-01,NA,NA,salinas_socs,SOC_conc_mg_kg,elemental_analysis,8630,1,NA,NA,socs_sys7,1,7,0,30,10.1016/j.dib.2020.106481,FILLED_ZOTERO_XLSX,NA,white_salinas_2020,mg C kg-1 soil,replicate
2010-10-01,2010-11-01,NA,NA,salinas_socs,SOC_conc_mg_kg,elemental_analysis,11406,1,NA,NA,socs_sys7,2,7,0,30,10.1016/j.dib.2020.106481,FILLED_ZOTERO_XLSX,NA,white_salinas_2020,mg C kg-1 soil,replicate
2010-10-01,2010-11-01,NA,NA,salinas_socs,SOC_conc_mg_kg,elemental_analysis,10171,1,NA,NA,socs_sys7,3,7,0,30,10.1016/j.dib.2020.106481,FILLED_ZOTERO_XLSX,NA,white_salinas_2020,mg C kg-1 soil,replicate
2010-10-01,2010-11-01,NA,NA,salinas_socs,SOC_conc_mg_kg,elemental_analysis,8600,1,NA,NA,socs_sys7,4,7,0,30,10.1016/j.dib.2020.106481,FILLED_ZOTERO_XLSX,NA,white_salinas_2020,mg C kg-1 soil,replicate
2011-08-01,2011-09-01,NA,NA,salinas_socs,SOC_conc_mg_kg,elemental_analysis,5186,1,NA,NA,socs_sys1,1,8,0,30,10.1016/j.dib.2020.106481,FILLED_ZOTERO_XLSX,NA,white_salinas_2020,mg C kg-1 soil,replicate
2011-08-01,2011-09-01,NA,NA,salinas_socs,SOC_conc_mg_kg,elemental_analysis,4006,1,NA,NA,socs_sys1,2,8,0,30,10.1016/j.dib.2020.106481,FILLED_ZOTERO_XLSX,NA,white_salinas_2020,mg C kg-1 soil,replicate
2011-08-01,2011-09-01,NA,NA,salinas_socs,SOC_conc_mg_kg,elemental_analysis,4279,1,NA,NA,socs_sys1,3,8,0,30,10.1016/j.dib.2020.106481,FILLED_ZOTERO_XLSX,NA,white_salinas_2020,mg C kg-1 soil,replicate
2011-08-01,2011-09-01,NA,NA,salinas_socs,SOC_conc_mg_kg,elemental_analysis,5833,1,NA,NA,socs_sys1,4,8,0,30,10.1016/j.dib.2020.106481,FILLED_ZOTERO_XLSX,NA,white_salinas_2020,mg C kg-1 soil,replicate
2011-08-01,2011-09-01,NA,NA,salinas_socs,SOC_conc_mg_kg,elemental_analysis,5433,1,NA,NA,socs_sys2,1,8,0,30,10.1016/j.dib.2020.106481,FILLED_ZOTERO_XLSX,NA,white_salinas_2020,mg C kg-1 soil,replicate
2011-08-01,2011-09-01,NA,NA,salinas_socs,SOC_conc_mg_kg,elemental_analysis,8475,1,NA,NA,socs_sys2,2,8,0,30,10.1016/j.dib.2020.106481,FILLED_ZOTERO_XLSX,NA,white_salinas_2020,mg C kg-1 soil,replicate
2011-08-01,2011-09-01,NA,NA,salinas_socs,SOC_conc_mg_kg,elemental_analysis,5733,1,NA,NA,socs_sys2,3,8,0,30,10.1016/j.dib.2020.106481,FILLED_ZOTERO_XLSX,NA,white_salinas_2020,mg C kg-1 soil,replicate
2011-08-01,2011-09-01,NA,NA,salinas_socs,SOC_conc_mg_kg,elemental_analysis,7623,1,NA,NA,socs_sys2,4,8,0,30,10.1016/j.dib.2020.106481,FILLED_ZOTERO_XLSX,NA,white_salinas_2020,mg C kg-1 soil,replicate
2011-08-01,2011-09-01,NA,NA,salinas_socs,SOC_conc_mg_kg,elemental_analysis,9210,1,NA,NA,socs_sys4,1,8,0,30,10.1016/j.dib.2020.106481,FILLED_ZOTERO_XLSX,NA,white_salinas_2020,mg C kg-1 soil,replicate
2011-08-01,2011-09-01,NA,NA,salinas_socs,SOC_conc_mg_kg,elemental_analysis,6395,1,NA,NA,socs_sys4,2,8,0,30,10.1016/j.dib.2020.106481,FILLED_ZOTERO_XLSX,NA,white_salinas_2020,mg C kg-1 soil,replicate
2011-08-01,2011-09-01,NA,NA,salinas_socs,SOC_conc_mg_kg,elemental_analysis,7090,1,NA,NA,socs_sys4,3,8,0,30,10.1016/j.dib.2020.106481,FILLED_ZOTERO_XLSX,NA,white_salinas_2020,mg C kg-1 soil,replicate
2011-08-01,2011-09-01,NA,NA,salinas_socs,SOC_conc_mg_kg,elemental_analysis,7359,1,NA,NA,socs_sys4,4,8,0,30,10.1016/j.dib.2020.106481,FILLED_ZOTERO_XLSX,NA,white_salinas_2020,mg C kg-1 soil,replicate
2011-08-01,2011-09-01,NA,NA,salinas_socs,SOC_conc_mg_kg,elemental_analysis,7520,1,NA,NA,socs_sys5,1,8,0,30,10.1016/j.dib.2020.106481,FILLED_ZOTERO_XLSX,NA,white_salinas_2020,mg C kg-1 soil,replicate
2011-08-01,2011-09-01,NA,NA,salinas_socs,SOC_conc_mg_kg,elemental_analysis,8871,1,NA,NA,socs_sys5,2,8,0,30,10.1016/j.dib.2020.106481,FILLED_ZOTERO_XLSX,NA,white_salinas_2020,mg C kg-1 soil,replicate
2011-08-01,2011-09-01,NA,NA,salinas_socs,SOC_conc_mg_kg,elemental_analysis,6001,1,NA,NA,socs_sys5,3,8,0,30,10.1016/j.dib.2020.106481,FILLED_ZOTERO_XLSX,NA,white_salinas_2020,mg C kg-1 soil,replicate
2011-08-01,2011-09-01,NA,NA,salinas_socs,SOC_conc_mg_kg,elemental_analysis,7267,1,NA,NA,socs_sys5,4,8,0,30,10.1016/j.dib.2020.106481,FILLED_ZOTERO_XLSX,NA,white_salinas_2020,mg C kg-1 soil,replicate
2011-08-01,2011-09-01,NA,NA,salinas_socs,SOC_conc_mg_kg,elemental_analysis,6448,1,NA,NA,socs_sys7,1,8,0,30,10.1016/j.dib.2020.106481,FILLED_ZOTERO_XLSX,NA,white_salinas_2020,mg C kg-1 soil,replicate
2011-08-01,2011-09-01,NA,NA,salinas_socs,SOC_conc_mg_kg,elemental_analysis,6903,1,NA,NA,socs_sys7,2,8,0,30,10.1016/j.dib.2020.106481,FILLED_ZOTERO_XLSX,NA,white_salinas_2020,mg C kg-1 soil,replicate
2011-08-01,2011-09-01,NA,NA,salinas_socs,SOC_conc_mg_kg,elemental_analysis,8400,1,NA,NA,socs_sys7,3,8,0,30,10.1016/j.dib.2020.106481,FILLED_ZOTERO_XLSX,NA,white_salinas_2020,mg C kg-1 soil,replicate
2011-08-01,2011-09-01,NA,NA,salinas_socs,SOC_conc_mg_kg,elemental_analysis,10200,1,NA,NA,socs_sys7,4,8,0,30,10.1016/j.dib.2020.106481,FILLED_ZOTERO_XLSX,NA,white_salinas_2020,mg C kg-1 soil,replicate
2018-12-17,2018-12-17,Prunus dulcis,NA,modesto_almond_usda,N2O_flux_g_N_ha_d,static_chamber_N2O,0.28,1,NA,NA,no_compost,1,2019,0,0,10.15482/USDA.ADC/26155504,FILLED_DATASET,upscaled to emitter-level using Baram et al. 2018; 3 collar positions per array,nichols_modesto_2024,g N2O-N ha-1 day-1,replicate
2018-12-17,2018-12-17,Prunus dulcis,NA,modesto_almond_usda,N2O_flux_g_N_ha_d,static_chamber_N2O,1.02,1,NA,NA,no_compost,2,2019,0,0,10.15482/USDA.ADC/26155504,FILLED_DATASET,upscaled to emitter-level using Baram et al. 2018; 3 collar positions per array,nichols_modesto_2024,g N2O-N ha-1 day-1,replicate
2018-12-17,2018-12-17,Prunus dulcis,NA,modesto_almond_usda,N2O_flux_g_N_ha_d,static_chamber_N2O,0.36,1,NA,NA,no_compost,3,2019,0,0,10.15482/USDA.ADC/26155504,FILLED_DATASET,upscaled to emitter-level using Baram et al. 2018; 3 collar positions per array,nichols_modesto_2024,g N2O-N ha-1 day-1,replicate
2018-12-17,2018-12-17,Prunus dulcis,NA,modesto_almond_usda,N2O_flux_g_N_ha_d,static_chamber_N2O,0.66,1,NA,NA,compost,1,2019,0,0,10.15482/USDA.ADC/26155504,FILLED_DATASET,upscaled to emitter-level using Baram et al. 2018; 3 collar positions per array,nichols_modesto_2024,g N2O-N ha-1 day-1,replicate
2018-12-17,2018-12-17,Prunus dulcis,NA,modesto_almond_usda,N2O_flux_g_N_ha_d,static_chamber_N2O,0.12,1,NA,NA,compost,2,2019,0,0,10.15482/USDA.ADC/26155504,FILLED_DATASET,upscaled to emitter-level using Baram et al. 2018; 3 collar positions per array,nichols_modesto_2024,g N2O-N ha-1 day-1,replicate
2018-12-17,2018-12-17,Prunus dulcis,NA,modesto_almond_usda,N2O_flux_g_N_ha_d,static_chamber_N2O,0.86,1,NA,NA,compost,3,2019,0,0,10.15482/USDA.ADC/26155504,FILLED_DATASET,upscaled to emitter-level using Baram et al. 2018; 3 collar positions per array,nichols_modesto_2024,g N2O-N ha-1 day-1,replicate
2019-03-13,2019-03-13,Prunus dulcis,NA,modesto_almond_usda,N2O_flux_g_N_ha_d,static_chamber_N2O,0.38,1,NA,NA,no_compost,1,2019,0,0,10.15482/USDA.ADC/26155504,FILLED_DATASET,upscaled to emitter-level using Baram et al. 2018; 3 collar positions per array,nichols_modesto_2024,g N2O-N ha-1 day-1,replicate
2019-03-13,2019-03-13,Prunus dulcis,NA,modesto_almond_usda,N2O_flux_g_N_ha_d,static_chamber_N2O,0.5,1,NA,NA,no_compost,2,2019,0,0,10.15482/USDA.ADC/26155504,FILLED_DATASET,upscaled to emitter-level using Baram et al. 2018; 3 collar positions per array,nichols_modesto_2024,g N2O-N ha-1 day-1,replicate
2019-03-13,2019-03-13,Prunus dulcis,NA,modesto_almond_usda,N2O_flux_g_N_ha_d,static_chamber_N2O,0.11,1,NA,NA,no_compost,3,2019,0,0,10.15482/USDA.ADC/26155504,FILLED_DATASET,upscaled to emitter-level using Baram et al. 2018; 3 collar positions per array,nichols_modesto_2024,g N2O-N ha-1 day-1,replicate
2019-03-13,2019-03-13,Prunus dulcis,NA,modesto_almond_usda,N2O_flux_g_N_ha_d,static_chamber_N2O,0.9,1,NA,NA,compost,1,2019,0,0,10.15482/USDA.ADC/26155504,FILLED_DATASET,upscaled to emitter-level using Baram et al. 2018; 3 collar positions per array,nichols_modesto_2024,g N2O-N ha-1 day-1,replicate
2019-03-13,2019-03-13,Prunus dulcis,NA,modesto_almond_usda,N2O_flux_g_N_ha_d,static_chamber_N2O,1.34,1,NA,NA,compost,2,2019,0,0,10.15482/USDA.ADC/26155504,FILLED_DATASET,upscaled to emitter-level using Baram et al. 2018; 3 collar positions per array,nichols_modesto_2024,g N2O-N ha-1 day-1,replicate
2019-03-13,2019-03-13,Prunus dulcis,NA,modesto_almond_usda,N2O_flux_g_N_ha_d,static_chamber_N2O,0.99,1,NA,NA,compost,3,2019,0,0,10.15482/USDA.ADC/26155504,FILLED_DATASET,upscaled to emitter-level using Baram et al. 2018; 3 collar positions per array,nichols_modesto_2024,g N2O-N ha-1 day-1,replicate
2019-03-21,2019-03-21,Prunus dulcis,NA,modesto_almond_usda,N2O_flux_g_N_ha_d,static_chamber_N2O,1.5,1,NA,NA,no_compost,1,2019,0,0,10.15482/USDA.ADC/26155504,FILLED_DATASET,upscaled to emitter-level using Baram et al. 2018; 3 collar positions per array,nichols_modesto_2024,g N2O-N ha-1 day-1,replicate
2019-03-21,2019-03-21,Prunus dulcis,NA,modesto_almond_usda,N2O_flux_g_N_ha_d,static_chamber_N2O,5.79,1,NA,NA,no_compost,2,2019,0,0,10.15482/USDA.ADC/26155504,FILLED_DATASET,upscaled to emitter-level using Baram et al. 2018; 3 collar positions per array,nichols_modesto_2024,g N2O-N ha-1 day-1,replicate
2019-03-21,2019-03-21,Prunus dulcis,NA,modesto_almond_usda,N2O_flux_g_N_ha_d,static_chamber_N2O,9.19,1,NA,NA,no_compost,3,2019,0,0,10.15482/USDA.ADC/26155504,FILLED_DATASET,upscaled to emitter-level using Baram et al. 2018; 3 collar positions per array,nichols_modesto_2024,g N2O-N ha-1 day-1,replicate
2019-03-21,2019-03-21,Prunus dulcis,NA,modesto_almond_usda,N2O_flux_g_N_ha_d,static_chamber_N2O,2.83,1,NA,NA,compost,1,2019,0,0,10.15482/USDA.ADC/26155504,FILLED_DATASET,upscaled to emitter-level using Baram et al. 2018; 3 collar positions per array,nichols_modesto_2024,g N2O-N ha-1 day-1,replicate
2019-03-21,2019-03-21,Prunus dulcis,NA,modesto_almond_usda,N2O_flux_g_N_ha_d,static_chamber_N2O,1.9,1,NA,NA,compost,2,2019,0,0,10.15482/USDA.ADC/26155504,FILLED_DATASET,upscaled to emitter-level using Baram et al. 2018; 3 collar positions per array,nichols_modesto_2024,g N2O-N ha-1 day-1,replicate
2019-03-21,2019-03-21,Prunus dulcis,NA,modesto_almond_usda,N2O_flux_g_N_ha_d,static_chamber_N2O,1.3,1,NA,NA,compost,3,2019,0,0,10.15482/USDA.ADC/26155504,FILLED_DATASET,upscaled to emitter-level using Baram et al. 2018; 3 collar positions per array,nichols_modesto_2024,g N2O-N ha-1 day-1,replicate
2019-04-22,2019-04-22,Prunus dulcis,NA,modesto_almond_usda,N2O_flux_g_N_ha_d,static_chamber_N2O,1.73,1,NA,NA,no_compost,1,2019,0,0,10.15482/USDA.ADC/26155504,FILLED_DATASET,upscaled to emitter-level using Baram et al. 2018; 3 collar positions per array,nichols_modesto_2024,g N2O-N ha-1 day-1,replicate
2019-04-22,2019-04-22,Prunus dulcis,NA,modesto_almond_usda,N2O_flux_g_N_ha_d,static_chamber_N2O,2.16,1,NA,NA,no_compost,2,2019,0,0,10.15482/USDA.ADC/26155504,FILLED_DATASET,upscaled to emitter-level using Baram et al. 2018; 3 collar positions per array,nichols_modesto_2024,g N2O-N ha-1 day-1,replicate
2019-04-22,2019-04-22,Prunus dulcis,NA,modesto_almond_usda,N2O_flux_g_N_ha_d,static_chamber_N2O,1.56,1,NA,NA,no_compost,3,2019,0,0,10.15482/USDA.ADC/26155504,FILLED_DATASET,upscaled to emitter-level using Baram et al. 2018; 3 collar positions per array,nichols_modesto_2024,g N2O-N ha-1 day-1,replicate
2019-04-22,2019-04-22,Prunus dulcis,NA,modesto_almond_usda,N2O_flux_g_N_ha_d,static_chamber_N2O,1.2,1,NA,NA,compost,1,2019,0,0,10.15482/USDA.ADC/26155504,FILLED_DATASET,upscaled to emitter-level using Baram et al. 2018; 3 collar positions per array,nichols_modesto_2024,g N2O-N ha-1 day-1,replicate
2019-04-22,2019-04-22,Prunus dulcis,NA,modesto_almond_usda,N2O_flux_g_N_ha_d,static_chamber_N2O,2.23,1,NA,NA,compost,2,2019,0,0,10.15482/USDA.ADC/26155504,FILLED_DATASET,upscaled to emitter-level using Baram et al. 2018; 3 collar positions per array,nichols_modesto_2024,g N2O-N ha-1 day-1,replicate
2019-04-22,2019-04-22,Prunus dulcis,NA,modesto_almond_usda,N2O_flux_g_N_ha_d,static_chamber_N2O,1.88,1,NA,NA,compost,3,2019,0,0,10.15482/USDA.ADC/26155504,FILLED_DATASET,upscaled to emitter-level using Baram et al. 2018; 3 collar positions per array,nichols_modesto_2024,g N2O-N ha-1 day-1,replicate
2019-05-06,2019-05-06,Prunus dulcis,NA,modesto_almond_usda,N2O_flux_g_N_ha_d,static_chamber_N2O,2.57,1,NA,NA,no_compost,1,2019,0,0,10.15482/USDA.ADC/26155504,FILLED_DATASET,upscaled to emitter-level using Baram et al. 2018; 3 collar positions per array,nichols_modesto_2024,g N2O-N ha-1 day-1,replicate
2019-05-06,2019-05-06,Prunus dulcis,NA,modesto_almond_usda,N2O_flux_g_N_ha_d,static_chamber_N2O,0.89,1,NA,NA,no_compost,2,2019,0,0,10.15482/USDA.ADC/26155504,FILLED_DATASET,upscaled to emitter-level using Baram et al. 2018; 3 collar positions per array,nichols_modesto_2024,g N2O-N ha-1 day-1,replicate
2019-05-06,2019-05-06,Prunus dulcis,NA,modesto_almond_usda,N2O_flux_g_N_ha_d,static_chamber_N2O,0.54,1,NA,NA,no_compost,3,2019,0,0,10.15482/USDA.ADC/26155504,FILLED_DATASET,upscaled to emitter-level using Baram et al. 2018; 3 collar positions per array,nichols_modesto_2024,g N2O-N ha-1 day-1,replicate
2019-05-06,2019-05-06,Prunus dulcis,NA,modesto_almond_usda,N2O_flux_g_N_ha_d,static_chamber_N2O,0.31,1,NA,NA,compost,1,2019,0,0,10.15482/USDA.ADC/26155504,FILLED_DATASET,upscaled to emitter-level using Baram et al. 2018; 3 collar positions per array,nichols_modesto_2024,g N2O-N ha-1 day-1,replicate
2019-05-06,2019-05-06,Prunus dulcis,NA,modesto_almond_usda,N2O_flux_g_N_ha_d,static_chamber_N2O,0.36,1,NA,NA,compost,2,2019,0,0,10.15482/USDA.ADC/26155504,FILLED_DATASET,upscaled to emitter-level using Baram et al. 2018; 3 collar positions per array,nichols_modesto_2024,g N2O-N ha-1 day-1,replicate
2019-05-06,2019-05-06,Prunus dulcis,NA,modesto_almond_usda,N2O_flux_g_N_ha_d,static_chamber_N2O,0.47,1,NA,NA,compost,3,2019,0,0,10.15482/USDA.ADC/26155504,FILLED_DATASET,upscaled to emitter-level using Baram et al. 2018; 3 collar positions per array,nichols_modesto_2024,g N2O-N ha-1 day-1,replicate
2019-05-23,2019-05-23,Prunus dulcis,NA,modesto_almond_usda,N2O_flux_g_N_ha_d,static_chamber_N2O,1.66,1,NA,NA,no_compost,1,2019,0,0,10.15482/USDA.ADC/26155504,FILLED_DATASET,upscaled to emitter-level using Baram et al. 2018; 3 collar positions per array,nichols_modesto_2024,g N2O-N ha-1 day-1,replicate
2019-05-23,2019-05-23,Prunus dulcis,NA,modesto_almond_usda,N2O_flux_g_N_ha_d,static_chamber_N2O,1.24,1,NA,NA,no_compost,2,2019,0,0,10.15482/USDA.ADC/26155504,FILLED_DATASET,upscaled to emitter-level using Baram et al. 2018; 3 collar positions per array,nichols_modesto_2024,g N2O-N ha-1 day-1,replicate
2019-05-23,2019-05-23,Prunus dulcis,NA,modesto_almond_usda,N2O_flux_g_N_ha_d,static_chamber_N2O,3.51,1,NA,NA,no_compost,3,2019,0,0,10.15482/USDA.ADC/26155504,FILLED_DATASET,upscaled to emitter-level using Baram et al. 2018; 3 collar positions per array,nichols_modesto_2024,g N2O-N ha-1 day-1,replicate
2019-05-23,2019-05-23,Prunus dulcis,NA,modesto_almond_usda,N2O_flux_g_N_ha_d,static_chamber_N2O,1.07,1,NA,NA,compost,1,2019,0,0,10.15482/USDA.ADC/26155504,FILLED_DATASET,upscaled to emitter-level using Baram et al. 2018; 3 collar positions per array,nichols_modesto_2024,g N2O-N ha-1 day-1,replicate
2019-05-23,2019-05-23,Prunus dulcis,NA,modesto_almond_usda,N2O_flux_g_N_ha_d,static_chamber_N2O,8.95,1,NA,NA,compost,2,2019,0,0,10.15482/USDA.ADC/26155504,FILLED_DATASET,upscaled to emitter-level using Baram et al. 2018; 3 collar positions per array,nichols_modesto_2024,g N2O-N ha-1 day-1,replicate
2019-05-23,2019-05-23,Prunus dulcis,NA,modesto_almond_usda,N2O_flux_g_N_ha_d,static_chamber_N2O,1.04,1,NA,NA,compost,3,2019,0,0,10.15482/USDA.ADC/26155504,FILLED_DATASET,upscaled to emitter-level using Baram et al. 2018; 3 collar positions per array,nichols_modesto_2024,g N2O-N ha-1 day-1,replicate
2019-06-28,2019-06-28,Prunus dulcis,NA,modesto_almond_usda,N2O_flux_g_N_ha_d,static_chamber_N2O,1.82,1,NA,NA,no_compost,1,2019,0,0,10.15482/USDA.ADC/26155504,FILLED_DATASET,upscaled to emitter-level using Baram et al. 2018; 3 collar positions per array,nichols_modesto_2024,g N2O-N ha-1 day-1,replicate
2019-06-28,2019-06-28,Prunus dulcis,NA,modesto_almond_usda,N2O_flux_g_N_ha_d,static_chamber_N2O,5.52,1,NA,NA,no_compost,2,2019,0,0,10.15482/USDA.ADC/26155504,FILLED_DATASET,upscaled to emitter-level using Baram et al. 2018; 3 collar positions per array,nichols_modesto_2024,g N2O-N ha-1 day-1,replicate
2019-06-28,2019-06-28,Prunus dulcis,NA,modesto_almond_usda,N2O_flux_g_N_ha_d,static_chamber_N2O,1.67,1,NA,NA,no_compost,3,2019,0,0,10.15482/USDA.ADC/26155504,FILLED_DATASET,upscaled to emitter-level using Baram et al. 2018; 3 collar positions per array,nichols_modesto_2024,g N2O-N ha-1 day-1,replicate
2019-06-28,2019-06-28,Prunus dulcis,NA,modesto_almond_usda,N2O_flux_g_N_ha_d,static_chamber_N2O,0.36,1,NA,NA,compost,1,2019,0,0,10.15482/USDA.ADC/26155504,FILLED_DATASET,upscaled to emitter-level using Baram et al. 2018; 3 collar positions per array,nichols_modesto_2024,g N2O-N ha-1 day-1,replicate
2019-06-28,2019-06-28,Prunus dulcis,NA,modesto_almond_usda,N2O_flux_g_N_ha_d,static_chamber_N2O,2.42,1,NA,NA,compost,2,2019,0,0,10.15482/USDA.ADC/26155504,FILLED_DATASET,upscaled to emitter-level using Baram et al. 2018; 3 collar positions per array,nichols_modesto_2024,g N2O-N ha-1 day-1,replicate
2019-06-28,2019-06-28,Prunus dulcis,NA,modesto_almond_usda,N2O_flux_g_N_ha_d,static_chamber_N2O,1.05,1,NA,NA,compost,3,2019,0,0,10.15482/USDA.ADC/26155504,FILLED_DATASET,upscaled to emitter-level using Baram et al. 2018; 3 collar positions per array,nichols_modesto_2024,g N2O-N ha-1 day-1,replicate
2019-07-11,2019-07-11,Prunus dulcis,NA,modesto_almond_usda,N2O_flux_g_N_ha_d,static_chamber_N2O,2.73,1,NA,NA,no_compost,1,2019,0,0,10.15482/USDA.ADC/26155504,FILLED_DATASET,upscaled to emitter-level using Baram et al. 2018; 3 collar positions per array,nichols_modesto_2024,g N2O-N ha-1 day-1,replicate
2019-07-11,2019-07-11,Prunus dulcis,NA,modesto_almond_usda,N2O_flux_g_N_ha_d,static_chamber_N2O,10.32,1,NA,NA,no_compost,2,2019,0,0,10.15482/USDA.ADC/26155504,FILLED_DATASET,upscaled to emitter-level using Baram et al. 2018; 3 collar positions per array,nichols_modesto_2024,g N2O-N ha-1 day-1,replicate
2019-07-11,2019-07-11,Prunus dulcis,NA,modesto_almond_usda,N2O_flux_g_N_ha_d,static_chamber_N2O,2.24,1,NA,NA,no_compost,3,2019,0,0,10.15482/USDA.ADC/26155504,FILLED_DATASET,upscaled to emitter-level using Baram et al. 2018; 3 collar positions per array,nichols_modesto_2024,g N2O-N ha-1 day-1,replicate
2019-07-11,2019-07-11,Prunus dulcis,NA,modesto_almond_usda,N2O_flux_g_N_ha_d,static_chamber_N2O,0.13,1,NA,NA,compost,1,2019,0,0,10.15482/USDA.ADC/26155504,FILLED_DATASET,upscaled to emitter-level using Baram et al. 2018; 3 collar positions per array,nichols_modesto_2024,g N2O-N ha-1 day-1,replicate
2019-07-11,2019-07-11,Prunus dulcis,NA,modesto_almond_usda,N2O_flux_g_N_ha_d,static_chamber_N2O,0.41,1,NA,NA,compost,2,2019,0,0,10.15482/USDA.ADC/26155504,FILLED_DATASET,upscaled to emitter-level using Baram et al. 2018; 3 collar positions per array,nichols_modesto_2024,g N2O-N ha-1 day-1,replicate
2019-07-11,2019-07-11,Prunus dulcis,NA,modesto_almond_usda,N2O_flux_g_N_ha_d,static_chamber_N2O,0.75,1,NA,NA,compost,3,2019,0,0,10.15482/USDA.ADC/26155504,FILLED_DATASET,upscaled to emitter-level using Baram et al. 2018; 3 collar positions per array,nichols_modesto_2024,g N2O-N ha-1 day-1,replicate
2019-08-07,2019-08-07,Prunus dulcis,NA,modesto_almond_usda,N2O_flux_g_N_ha_d,static_chamber_N2O,0.3,1,NA,NA,no_compost,1,2019,0,0,10.15482/USDA.ADC/26155504,FILLED_DATASET,upscaled to emitter-level using Baram et al. 2018; 3 collar positions per array,nichols_modesto_2024,g N2O-N ha-1 day-1,replicate
2019-08-07,2019-08-07,Prunus dulcis,NA,modesto_almond_usda,N2O_flux_g_N_ha_d,static_chamber_N2O,0.3,1,NA,NA,no_compost,2,2019,0,0,10.15482/USDA.ADC/26155504,FILLED_DATASET,upscaled to emitter-level using Baram et al. 2018; 3 collar positions per array,nichols_modesto_2024,g N2O-N ha-1 day-1,replicate
2019-08-07,2019-08-07,Prunus dulcis,NA,modesto_almond_usda,N2O_flux_g_N_ha_d,static_chamber_N2O,0.28,1,NA,NA,no_compost,3,2019,0,0,10.15482/USDA.ADC/26155504,FILLED_DATASET,upscaled to emitter-level using Baram et al. 2018; 3 collar positions per array,nichols_modesto_2024,g N2O-N ha-1 day-1,replicate
2019-08-07,2019-08-07,Prunus dulcis,NA,modesto_almond_usda,N2O_flux_g_N_ha_d,static_chamber_N2O,0.16,1,NA,NA,compost,1,2019,0,0,10.15482/USDA.ADC/26155504,FILLED_DATASET,upscaled to emitter-level using Baram et al. 2018; 3 collar positions per array,nichols_modesto_2024,g N2O-N ha-1 day-1,replicate
2019-08-07,2019-08-07,Prunus dulcis,NA,modesto_almond_usda,N2O_flux_g_N_ha_d,static_chamber_N2O,0.18,1,NA,NA,compost,2,2019,0,0,10.15482/USDA.ADC/26155504,FILLED_DATASET,upscaled to emitter-level using Baram et al. 2018; 3 collar positions per array,nichols_modesto_2024,g N2O-N ha-1 day-1,replicate
2019-08-07,2019-08-07,Prunus dulcis,NA,modesto_almond_usda,N2O_flux_g_N_ha_d,static_chamber_N2O,0.69,1,NA,NA,compost,3,2019,0,0,10.15482/USDA.ADC/26155504,FILLED_DATASET,upscaled to emitter-level using Baram et al. 2018; 3 collar positions per array,nichols_modesto_2024,g N2O-N ha-1 day-1,replicate
2019-08-07,2019-08-07,Prunus dulcis,NA,modesto_almond_usda,total_C_pct,elemental_analysis,1.17,1,NA,NA,compost,2,2019,0,30,10.15482/USDA.ADC/26155504,FILLED_DATASET,dry combustion elemental analysis; UC Davis Analytical Laboratory; air-dried 2-mm sieved,nichols_modesto_2024,% dry weight,replicate
2019-08-07,2019-08-07,Prunus dulcis,NA,modesto_almond_usda,total_C_pct,elemental_analysis,0.86,1,NA,NA,no_compost,3,2019,0,30,10.15482/USDA.ADC/26155504,FILLED_DATASET,dry combustion elemental analysis; UC Davis Analytical Laboratory; air-dried 2-mm sieved,nichols_modesto_2024,% dry weight,replicate
2019-08-07,2019-08-07,Prunus dulcis,NA,modesto_almond_usda,total_C_pct,elemental_analysis,1.08,1,NA,NA,no_compost,2,2019,0,30,10.15482/USDA.ADC/26155504,FILLED_DATASET,dry combustion elemental analysis; UC Davis Analytical Laboratory; air-dried 2-mm sieved,nichols_modesto_2024,% dry weight,replicate
2019-08-07,2019-08-07,Prunus dulcis,NA,modesto_almond_usda,total_C_pct,elemental_analysis,1.3,1,NA,NA,compost,3,2019,0,30,10.15482/USDA.ADC/26155504,FILLED_DATASET,dry combustion elemental analysis; UC Davis Analytical Laboratory; air-dried 2-mm sieved,nichols_modesto_2024,% dry weight,replicate
2019-08-07,2019-08-07,Prunus dulcis,NA,modesto_almond_usda,total_C_pct,elemental_analysis,0.5,1,NA,NA,no_compost,1,2019,0,30,10.15482/USDA.ADC/26155504,FILLED_DATASET,dry combustion elemental analysis; UC Davis Analytical Laboratory; air-dried 2-mm sieved,nichols_modesto_2024,% dry weight,replicate
2019-08-07,2019-08-07,Prunus dulcis,NA,modesto_almond_usda,total_C_pct,elemental_analysis,1.56,1,NA,NA,compost,1,2019,0,30,10.15482/USDA.ADC/26155504,FILLED_DATASET,dry combustion elemental analysis; UC Davis Analytical Laboratory; air-dried 2-mm sieved,nichols_modesto_2024,% dry weight,replicate
2019-08-07,2019-08-07,Prunus dulcis,NA,modesto_almond_usda,total_N_pct,elemental_analysis,0.11,1,NA,NA,compost,2,2019,0,30,10.15482/USDA.ADC/26155504,FILLED_DATASET,dry combustion elemental analysis; UC Davis Analytical Laboratory; air-dried 2-mm sieved,nichols_modesto_2024,% dry weight,replicate
2019-08-07,2019-08-07,Prunus dulcis,NA,modesto_almond_usda,total_N_pct,elemental_analysis,0.08,1,NA,NA,no_compost,3,2019,0,30,10.15482/USDA.ADC/26155504,FILLED_DATASET,dry combustion elemental analysis; UC Davis Analytical Laboratory; air-dried 2-mm sieved,nichols_modesto_2024,% dry weight,replicate
2019-08-07,2019-08-07,Prunus dulcis,NA,modesto_almond_usda,total_N_pct,elemental_analysis,0.11,1,NA,NA,no_compost,2,2019,0,30,10.15482/USDA.ADC/26155504,FILLED_DATASET,dry combustion elemental analysis; UC Davis Analytical Laboratory; air-dried 2-mm sieved,nichols_modesto_2024,% dry weight,replicate
2019-08-07,2019-08-07,Prunus dulcis,NA,modesto_almond_usda,total_N_pct,elemental_analysis,0.12,1,NA,NA,compost,3,2019,0,30,10.15482/USDA.ADC/26155504,FILLED_DATASET,dry combustion elemental analysis; UC Davis Analytical Laboratory; air-dried 2-mm sieved,nichols_modesto_2024,% dry weight,replicate
2019-08-07,2019-08-07,Prunus dulcis,NA,modesto_almond_usda,total_N_pct,elemental_analysis,0.05,1,NA,NA,no_compost,1,2019,0,30,10.15482/USDA.ADC/26155504,FILLED_DATASET,dry combustion elemental analysis; UC Davis Analytical Laboratory; air-dried 2-mm sieved,nichols_modesto_2024,% dry weight,replicate
2019-08-07,2019-08-07,Prunus dulcis,NA,modesto_almond_usda,total_N_pct,elemental_analysis,0.15,1,NA,NA,compost,1,2019,0,30,10.15482/USDA.ADC/26155504,FILLED_DATASET,dry combustion elemental analysis; UC Davis Analytical Laboratory; air-dried 2-mm sieved,nichols_modesto_2024,% dry weight,replicate
2019-08-07,2019-08-07,Prunus dulcis,NA,modesto_almond_usda,bulk_density_g_cm3,core_sample,1.57,3,NA,NA,no_compost,NA,2019,0,30,10.15482/USDA.ADC/26155504,FILLED_DATASET,zone=0cm_from_drip_emitter; brass ring cores; oven-dried 105C 48h; n=3 sub-replicates,nichols_modesto_2024,g cm-3,zone_mean
2019-08-07,2019-08-07,Prunus dulcis,NA,modesto_almond_usda,bulk_density_g_cm3,core_sample,1.4,3,NA,NA,no_compost,NA,2019,0,30,10.15482/USDA.ADC/26155504,FILLED_DATASET,zone=50cm_from_drip_emitter; brass ring cores; oven-dried 105C 48h; n=3 sub-replicates,nichols_modesto_2024,g cm-3,zone_mean
2019-08-07,2019-08-07,Prunus dulcis,NA,modesto_almond_usda,bulk_density_g_cm3,core_sample,1.6,3,NA,NA,no_compost,NA,2019,0,30,10.15482/USDA.ADC/26155504,FILLED_DATASET,zone=150cm_from_drip_emitter; brass ring cores; oven-dried 105C 48h; n=3 sub-replicates,nichols_modesto_2024,g cm-3,zone_mean
2019-08-07,2019-08-07,Prunus dulcis,NA,modesto_almond_usda,bulk_density_g_cm3,core_sample,1.53,3,NA,NA,compost,NA,2019,0,30,10.15482/USDA.ADC/26155504,FILLED_DATASET,zone=0cm_from_drip_emitter; brass ring cores; oven-dried 105C 48h; n=3 sub-replicates,nichols_modesto_2024,g cm-3,zone_mean
2019-08-07,2019-08-07,Prunus dulcis,NA,modesto_almond_usda,bulk_density_g_cm3,core_sample,1.38,3,NA,NA,compost,NA,2019,0,30,10.15482/USDA.ADC/26155504,FILLED_DATASET,zone=50cm_from_drip_emitter; brass ring cores; oven-dried 105C 48h; n=3 sub-replicates,nichols_modesto_2024,g cm-3,zone_mean
2019-08-07,2019-08-07,Prunus dulcis,NA,modesto_almond_usda,bulk_density_g_cm3,core_sample,1.54,3,NA,NA,compost,NA,2019,0,30,10.15482/USDA.ADC/26155504,FILLED_DATASET,zone=150cm_from_drip_emitter; brass ring cores; oven-dried 105C 48h; n=3 sub-replicates,nichols_modesto_2024,g cm-3,zone_mean
NA,NA,NA,NA,NA,NA,NA,NA,NA,NA,NA,NA,NA,NA,NA,NA,NA,NA,NA,NA,NA,NA
NA,NA,NA,NA,NA,NA,NA,NA,NA,NA,NA,NA,NA,NA,NA,NA,NA,NA,NA,NA,NA,NA
NA,NA,NA,NA,NA,NA,NA,NA,NA,NA,NA,NA,NA,NA,NA,NA,NA,NA,NA,NA,NA,NA
NA,NA,NA,NA,NA,NA,NA,NA,NA,NA,NA,NA,NA,NA,NA,NA,NA,NA,NA,NA,NA,NA
NA,NA,NA,NA,NA,NA,NA,NA,NA,NA,NA,NA,NA,NA,NA,NA,NA,NA,NA,NA,NA,NA
NA,NA,NA,NA,NA,NA,NA,NA,NA,NA,NA,NA,NA,NA,NA,NA,NA,NA,NA,NA,NA,NA
NA,NA,NA,NA,NA,NA,NA,NA,NA,NA,NA,NA,NA,NA,NA,NA,NA,NA,NA,NA,NA,NA
NA,NA,NA,NA,NA,NA,NA,NA,NA,NA,NA,NA,NA,NA,NA,NA,NA,NA,NA,NA,NA,NA
NA,NA,NA,NA,NA,NA,NA,NA,NA,NA,NA,NA,NA,NA,NA,NA,NA,NA,NA,NA,NA,NA
NA,NA,NA,NA,NA,NA,NA,NA,NA,NA,NA,NA,NA,NA,NA,NA,NA,NA,NA,NA,NA,NA
NA,NA,NA,NA,NA,NA,NA,NA,NA,NA,NA,NA,NA,NA,NA,NA,NA,NA,NA,NA,NA,NA
NA,NA,NA,NA,NA,NA,NA,NA,NA,NA,NA,NA,NA,NA,NA,NA,NA,NA,NA,NA,NA,NA
NA,NA,NA,NA,NA,NA,NA,NA,NA,NA,NA,NA,NA,NA,NA,NA,NA,NA,NA,NA,NA,NA
NA,NA,NA,NA,NA,NA,NA,NA,NA,NA,NA,NA,NA,NA,NA,NA,NA,NA,NA,NA,NA,NA
NA,NA,NA,NA,NA,NA,NA,NA,NA,NA,NA,NA,NA,NA,NA,NA,NA,NA,NA,NA,NA,NA
NA,NA,NA,NA,NA,NA,NA,NA,NA,NA,NA,NA,NA,NA,NA,NA,NA,NA,NA,NA,NA,NA
NA,NA,NA,NA,NA,NA,NA,NA,NA,NA,NA,NA,NA,NA,NA,NA,NA,NA,NA,NA,NA,NA
NA,NA,NA,NA,NA,NA,NA,NA,NA,NA,NA,NA,NA,NA,NA,NA,NA,NA,NA,NA,NA,NA
NA,NA,NA,NA,NA,NA,NA,NA,NA,NA,NA,NA,NA,NA,NA,NA,NA,NA,NA,NA,NA,NA
NA,NA,NA,NA,NA,NA,NA,NA,NA,NA,NA,NA,NA,NA,NA,NA,NA,NA,NA,NA,NA,NA
NA,NA,NA,NA,NA,NA,NA,NA,NA,NA,NA,NA,NA,NA,NA,NA,NA,NA,NA,NA,NA,NA
NA,NA,NA,NA,NA,NA,NA,NA,NA,NA,NA,NA,NA,NA,NA,NA,NA,NA,NA,NA,NA,NA
NA,NA,NA,NA,NA,NA,NA,NA,NA,NA,NA,NA,NA,NA,NA,NA,NA,NA,NA,NA,NA,NA
NA,NA,NA,NA,NA,NA,NA,NA,NA,NA,NA,NA,NA,NA,NA,NA,NA,NA,NA,NA,NA,NA
NA,NA,NA,NA,NA,NA,NA,NA,NA,NA,NA,NA,NA,NA,NA,NA,NA,NA,NA,NA,NA,NA
NA,NA,NA,NA,NA,NA,NA,NA,NA,NA,NA,NA,NA,NA,NA,NA,NA,NA,NA,NA,NA,NA
NA,NA,NA,NA,NA,NA,NA,NA,NA,NA,NA,NA,NA,NA,NA,NA,NA,NA,NA,NA,NA,NA
NA,NA,NA,NA,NA,NA,NA,NA,NA,NA,NA,NA,NA,NA,NA,NA,NA,NA,NA,NA,NA,NA
NA,NA,NA,NA,NA,NA,NA,NA,NA,NA,NA,NA,NA,NA,NA,NA,NA,NA,NA,NA,NA,NA
NA,NA,NA,NA,NA,NA,NA,NA,NA,NA,NA,NA,NA,NA,NA,NA,NA,NA,NA,NA,NA,NA
NA,NA,NA,NA,NA,NA,NA,NA,NA,NA,NA,NA,NA,NA,NA,NA,NA,NA,NA,NA,NA,NA
NA,NA,NA,NA,NA,NA,NA,NA,NA,NA,NA,NA,NA,NA,NA,NA,NA,NA,NA,NA,NA,NA
NA,NA,NA,NA,NA,NA,NA,NA,NA,NA,NA,NA,NA,NA,NA,NA,NA,NA,NA,NA,NA,NA
NA,NA,NA,NA,NA,NA,NA,NA,NA,NA,NA,NA,NA,NA,NA,NA,NA,NA,NA,NA,NA,NA
NA,NA,NA,NA,NA,NA,NA,NA,NA,NA,NA,NA,NA,NA,NA,NA,NA,NA,NA,NA,NA,NA
NA,NA,NA,NA,NA,NA,NA,NA,NA,NA,NA,NA,NA,NA,NA,NA,NA,NA,NA,NA,NA,NA
NA,NA,NA,NA,NA,NA,NA,NA,NA,NA,NA,NA,NA,NA,NA,NA,NA,NA,NA,NA,NA,NA
NA,NA,NA,NA,NA,NA,NA,NA,NA,NA,NA,NA,NA,NA,NA,NA,NA,NA,NA,NA,NA,NA
NA,NA,NA,NA,NA,NA,NA,NA,NA,NA,NA,NA,NA,NA,NA,NA,NA,NA,NA,NA,NA,NA
NA,NA,NA,NA,NA,NA,NA,NA,NA,NA,NA,NA,NA,NA,NA,NA,NA,NA,NA,NA,NA,NA
NA,NA,NA,NA,NA,NA,NA,NA,NA,NA,NA,NA,NA,NA,NA,NA,NA,NA,NA,NA,NA,NA
NA,NA,NA,NA,NA,NA,NA,NA,NA,NA,NA,NA,NA,NA,NA,NA,NA,NA,NA,NA,NA,NA
NA,NA,NA,NA,NA,NA,NA,NA,NA,NA,NA,NA,NA,NA,NA,NA,NA,NA,NA,NA,NA,NA
NA,NA,NA,NA,NA,NA,NA,NA,NA,NA,NA,NA,NA,NA,NA,NA,NA,NA,NA,NA,NA,NA
NA,NA,NA,NA,NA,NA,NA,NA,NA,NA,NA,NA,NA,NA,NA,NA,NA,NA,NA,NA,NA,NA
NA,NA,NA,NA,NA,NA,NA,NA,NA,NA,NA,NA,NA,NA,NA,NA,NA,NA,NA,NA,NA,NA
NA,NA,NA,NA,NA,NA,NA,NA,NA,NA,NA,NA,NA,NA,NA,NA,NA,NA,NA,NA,NA,NA
NA,NA,NA,NA,NA,NA,NA,NA,NA,NA,NA,NA,NA,NA,NA,NA,NA,NA,NA,NA,NA,NA
NA,NA,NA,NA,NA,NA,NA,NA,NA,NA,NA,NA,NA,NA,NA,NA,NA,NA,NA,NA,NA,NA
NA,NA,NA,NA,NA,NA,NA,NA,NA,NA,NA,NA,NA,NA,NA,NA,NA,NA,NA,NA,NA,NA
NA,NA,NA,NA,NA,NA,NA,NA,NA,NA,NA,NA,NA,NA,NA,NA,NA,NA,NA,NA,NA,NA
NA,NA,NA,NA,NA,NA,NA,NA,NA,NA,NA,NA,NA,NA,NA,NA,NA,NA,NA,NA,NA,NA
NA,NA,NA,NA,NA,NA,NA,NA,NA,NA,NA,NA,NA,NA,NA,NA,NA,NA,NA,NA,NA,NA
NA,NA,NA,NA,NA,NA,NA,NA,NA,NA,NA,NA,NA,NA,NA,NA,NA,NA,NA,NA,NA,NA
NA,NA,NA,NA,NA,NA,NA,NA,NA,NA,NA,NA,NA,NA,NA,NA,NA,NA,NA,NA,NA,NA
NA,NA,NA,NA,NA,NA,NA,NA,NA,NA,NA,NA,NA,NA,NA,NA,NA,NA,NA,NA,NA,NA
NA,NA,NA,NA,NA,NA,NA,NA,NA,NA,NA,NA,NA,NA,NA,NA,NA,NA,NA,NA,NA,NA
NA,NA,NA,NA,NA,NA,NA,NA,NA,NA,NA,NA,NA,NA,NA,NA,NA,NA,NA,NA,NA,NA
NA,NA,NA,NA,NA,NA,NA,NA,NA,NA,NA,NA,NA,NA,NA,NA,NA,NA,NA,NA,NA,NA
NA,NA,NA,NA,NA,NA,NA,NA,NA,NA,NA,NA,NA,NA,NA,NA,NA,NA,NA,NA,NA,NA
NA,NA,NA,NA,NA,NA,NA,NA,NA,NA,NA,NA,NA,NA,NA,NA,NA,NA,NA,NA,NA,NA
NA,NA,NA,NA,NA,NA,NA,NA,NA,NA,NA,NA,NA,NA,NA,NA,NA,NA,NA,NA,NA,NA
NA,NA,NA,NA,NA,NA,NA,NA,NA,NA,NA,NA,NA,NA,NA,NA,NA,NA,NA,NA,NA,NA
NA,NA,NA,NA,NA,NA,NA,NA,NA,NA,NA,NA,NA,NA,NA,NA,NA,NA,NA,NA,NA,NA
NA,NA,NA,NA,NA,NA,NA,NA,NA,NA,NA,NA,NA,NA,NA,NA,NA,NA,NA,NA,NA,NA
NA,NA,NA,NA,NA,NA,NA,NA,NA,NA,NA,NA,NA,NA,NA,NA,NA,NA,NA,NA,NA,NA
NA,NA,NA,NA,NA,NA,NA,NA,NA,NA,NA,NA,NA,NA,NA,NA,NA,NA,NA,NA,NA,NA
NA,NA,NA,NA,NA,NA,NA,NA,NA,NA,NA,NA,NA,NA,NA,NA,NA,NA,NA,NA,NA,NA
NA,NA,NA,NA,NA,NA,NA,NA,NA,NA,NA,NA,NA,NA,NA,NA,NA,NA,NA,NA,NA,NA
NA,NA,NA,NA,NA,NA,NA,NA,NA,NA,NA,NA,NA,NA,NA,NA,NA,NA,NA,NA,NA,NA
NA,NA,NA,NA,NA,NA,NA,NA,NA,NA,NA,NA,NA,NA,NA,NA,NA,NA,NA,NA,NA,NA
NA,NA,NA,NA,NA,NA,NA,NA,NA,NA,NA,NA,NA,NA,NA,NA,NA,NA,NA,NA,NA,NA
NA,NA,NA,NA,NA,NA,NA,NA,NA,NA,NA,NA,NA,NA,NA,NA,NA,NA,NA,NA,NA,NA
NA,NA,NA,NA,NA,NA,NA,NA,NA,NA,NA,NA,NA,NA,NA,NA,NA,NA,NA,NA,NA,NA
NA,NA,NA,NA,NA,NA,NA,NA,NA,NA,NA,NA,NA,NA,NA,NA,NA,NA,NA,NA,NA,NA
NA,NA,NA,NA,NA,NA,NA,NA,NA,NA,NA,NA,NA,NA,NA,NA,NA,NA,NA,NA,NA,NA
NA,NA,NA,NA,NA,NA,NA,NA,NA,NA,NA,NA,NA,NA,NA,NA,NA,NA,NA,NA,NA,NA
NA,NA,NA,NA,NA,NA,NA,NA,NA,NA,NA,NA,NA,NA,NA,NA,NA,NA,NA,NA,NA,NA
NA,NA,NA,NA,NA,NA,NA,NA,NA,NA,NA,NA,NA,NA,NA,NA,NA,NA,NA,NA,NA,NA
NA,NA,NA,NA,NA,NA,NA,NA,NA,NA,NA,NA,NA,NA,NA,NA,NA,NA,NA,NA,NA,NA
NA,NA,NA,NA,NA,NA,NA,NA,NA,NA,NA,NA,NA,NA,NA,NA,NA,NA,NA,NA,NA,NA
NA,NA,NA,NA,NA,NA,NA,NA,NA,NA,NA,NA,NA,NA,NA,NA,NA,NA,NA,NA,NA,NA
NA,NA,NA,NA,NA,NA,NA,NA,NA,NA,NA,NA,NA,NA,NA,NA,NA,NA,NA,NA,NA,NA
NA,NA,NA,NA,NA,NA,NA,NA,NA,NA,NA,NA,NA,NA,NA,NA,NA,NA,NA,NA,NA,NA
NA,NA,NA,NA,NA,NA,NA,NA,NA,NA,NA,NA,NA,NA,NA,NA,NA,NA,NA,NA,NA,NA
NA,NA,NA,NA,NA,NA,NA,NA,NA,NA,NA,NA,NA,NA,NA,NA,NA,NA,NA,NA,NA,NA
NA,NA,NA,NA,NA,NA,NA,NA,NA,NA,NA,NA,NA,NA,NA,NA,NA,NA,NA,NA,NA,NA
NA,NA,NA,NA,NA,NA,NA,NA,NA,NA,NA,NA,NA,NA,NA,NA,NA,NA,NA,NA,NA,NA
NA,NA,NA,NA,NA,NA,NA,NA,NA,NA,NA,NA,NA,NA,NA,NA,NA,NA,NA,NA,NA,NA
NA,NA,NA,NA,NA,NA,NA,NA,NA,NA,NA,NA,NA,NA,NA,NA,NA,NA,NA,NA,NA,NA
NA,NA,NA,NA,NA,NA,NA,NA,NA,NA,NA,NA,NA,NA,NA,NA,NA,NA,NA,NA,NA,NA
NA,NA,NA,NA,NA,NA,NA,NA,NA,NA,NA,NA,NA,NA,NA,NA,NA,NA,NA,NA,NA,NA
NA,NA,NA,NA,NA,NA,NA,NA,NA,NA,NA,NA,NA,NA,NA,NA,NA,NA,NA,NA,NA,NA
NA,NA,NA,NA,NA,NA,NA,NA,NA,NA,NA,NA,NA,NA,NA,NA,NA,NA,NA,NA,NA,NA
NA,NA,NA,NA,NA,NA,NA,NA,NA,NA,NA,NA,NA,NA,NA,NA,NA,NA,NA,NA,NA,NA
NA,NA,NA,NA,NA,NA,NA,NA,NA,NA,NA,NA,NA,NA,NA,NA,NA,NA,NA,NA,NA,NA
NA,NA,NA,NA,NA,NA,NA,NA,NA,NA,NA,NA,NA,NA,NA,NA,NA,NA,NA,NA,NA,NA
NA,NA,NA,NA,NA,NA,NA,NA,NA,NA,NA,NA,NA,NA,NA,NA,NA,NA,NA,NA,NA,NA
NA,NA,NA,NA,NA,NA,NA,NA,NA,NA,NA,NA,NA,NA,NA,NA,NA,NA,NA,NA,NA,NA
NA,NA,NA,NA,NA,NA,NA,NA,NA,NA,NA,NA,NA,NA,NA,NA,NA,NA,NA,NA,NA,NA
NA,NA,NA,NA,NA,NA,NA,NA,NA,NA,NA,NA,NA,NA,NA,NA,NA,NA,NA,NA,NA,NA
NA,NA,NA,NA,NA,NA,NA,NA,NA,NA,NA,NA,NA,NA,NA,NA,NA,NA,NA,NA,NA,NA
NA,NA,NA,NA,NA,NA,NA,NA,NA,NA,NA,NA,NA,NA,NA,NA,NA,NA,NA,NA,NA,NA
NA,NA,NA,NA,NA,NA,NA,NA,NA,NA,NA,NA,NA,NA,NA,NA,NA,NA,NA,NA,NA,NA
NA,NA,NA,NA,NA,NA,NA,NA,NA,NA,NA,NA,NA,NA,NA,NA,NA,NA,NA,NA,NA,NA
NA,NA,NA,NA,NA,NA,NA,NA,NA,NA,NA,NA,NA,NA,NA,NA,NA,NA,NA,NA,NA,NA
NA,NA,NA,NA,NA,NA,NA,NA,NA,NA,NA,NA,NA,NA,NA,NA,NA,NA,NA,NA,NA,NA
NA,NA,NA,NA,NA,NA,NA,NA,NA,NA,NA,NA,NA,NA,NA,NA,NA,NA,NA,NA,NA,NA
NA,NA,NA,NA,NA,NA,NA,NA,NA,NA,NA,NA,NA,NA,NA,NA,NA,NA,NA,NA,NA,NA
NA,NA,NA,NA,NA,NA,NA,NA,NA,NA,NA,NA,NA,NA,NA,NA,NA,NA,NA,NA,NA,NA
NA,NA,NA,NA,NA,NA,NA,NA,NA,NA,NA,NA,NA,NA,NA,NA,NA,NA,NA,NA,NA,NA
NA,NA,NA,NA,NA,NA,NA,NA,NA,NA,NA,NA,NA,NA,NA,NA,NA,NA,NA,NA,NA,NA
NA,NA,NA,NA,NA,NA,NA,NA,NA,NA,NA,NA,NA,NA,NA,NA,NA,NA,NA,NA,NA,NA
NA,NA,NA,NA,NA,NA,NA,NA,NA,NA,NA,NA,NA,NA,NA,NA,NA,NA,NA,NA,NA,NA
NA,NA,NA,NA,NA,NA,NA,NA,NA,NA,NA,NA,NA,NA,NA,NA,NA,NA,NA,NA,NA,NA
NA,NA,NA,NA,NA,NA,NA,NA,NA,NA,NA,NA,NA,NA,NA,NA,NA,NA,NA,NA,NA,NA
NA,NA,NA,NA,NA,NA,NA,NA,NA,NA,NA,NA,NA,NA,NA,NA,NA,NA,NA,NA,NA,NA
NA,NA,NA,NA,NA,NA,NA,NA,NA,NA,NA,NA,NA,NA,NA,NA,NA,NA,NA,NA,NA,NA
NA,NA,NA,NA,NA,NA,NA,NA,NA,NA,NA,NA,NA,NA,NA,NA,NA,NA,NA,NA,NA,NA
NA,NA,NA,NA,NA,NA,NA,NA,NA,NA,NA,NA,NA,NA,NA,NA,NA,NA,NA,NA,NA,NA
NA,NA,NA,NA,NA,NA,NA,NA,NA,NA,NA,NA,NA,NA,NA,NA,NA,NA,NA,NA,NA,NA
NA,NA,NA,NA,NA,NA,NA,NA,NA,NA,NA,NA,NA,NA,NA,NA,NA,NA,NA,NA,NA,NA
NA,NA,NA,NA,NA,NA,NA,NA,NA,NA,NA,NA,NA,NA,NA,NA,NA,NA,NA,NA,NA,NA
NA,NA,NA,NA,NA,NA,NA,NA,NA,NA,NA,NA,NA,NA,NA,NA,NA,NA,NA,NA,NA,NA
NA,NA,NA,NA,NA,NA,NA,NA,NA,NA,NA,NA,NA,NA,NA,NA,NA,NA,NA,NA,NA,NA
NA,NA,NA,NA,NA,NA,NA,NA,NA,NA,NA,NA,NA,NA,NA,NA,NA,NA,NA,NA,NA,NA
NA,NA,NA,NA,NA,NA,NA,NA,NA,NA,NA,NA,NA,NA,NA,NA,NA,NA,NA,NA,NA,NA
NA,NA,NA,NA,NA,NA,NA,NA,NA,NA,NA,NA,NA,NA,NA,NA,NA,NA,NA,NA,NA,NA
NA,NA,NA,NA,NA,NA,NA,NA,NA,NA,NA,NA,NA,NA,NA,NA,NA,NA,NA,NA,NA,NA
NA,NA,NA,NA,NA,NA,NA,NA,NA,NA,NA,NA,NA,NA,NA,NA,NA,NA,NA,NA,NA,NA
NA,NA,NA,NA,NA,NA,NA,NA,NA,NA,NA,NA,NA,NA,NA,NA,NA,NA,NA,NA,NA,NA
NA,NA,NA,NA,NA,NA,NA,NA,NA,NA,NA,NA,NA,NA,NA,NA,NA,NA,NA,NA,NA,NA
NA,NA,NA,NA,NA,NA,NA,NA,NA,NA,NA,NA,NA,NA,NA,NA,NA,NA,NA,NA,NA,NA
NA,NA,NA,NA,NA,NA,NA,NA,NA,NA,NA,NA,NA,NA,NA,NA,NA,NA,NA,NA,NA,NA
NA,NA,NA,NA,NA,NA,NA,NA,NA,NA,NA,NA,NA,NA,NA,NA,NA,NA,NA,NA,NA,NA
NA,NA,NA,NA,NA,NA,NA,NA,NA,NA,NA,NA,NA,NA,NA,NA,NA,NA,NA,NA,NA,NA
NA,NA,NA,NA,NA,NA,NA,NA,NA,NA,NA,NA,NA,NA,NA,NA,NA,NA,NA,NA,NA,NA
NA,NA,NA,NA,NA,NA,NA,NA,NA,NA,NA,NA,NA,NA,NA,NA,NA,NA,NA,NA,NA,NA
NA,NA,NA,NA,NA,NA,NA,NA,NA,NA,NA,NA,NA,NA,NA,NA,NA,NA,NA,NA,NA,NA
NA,NA,NA,NA,NA,NA,NA,NA,NA,NA,NA,NA,NA,NA,NA,NA,NA,NA,NA,NA,NA,NA
NA,NA,NA,NA,NA,NA,NA,NA,NA,NA,NA,NA,NA,NA,NA,NA,NA,NA,NA,NA,NA,NA
NA,NA,NA,NA,NA,NA,NA,NA,NA,NA,NA,NA,NA,NA,NA,NA,NA,NA,NA,NA,NA,NA
NA,NA,NA,NA,NA,NA,NA,NA,NA,NA,NA,NA,NA,NA,NA,NA,NA,NA,NA,NA,NA,NA
NA,NA,NA,NA,NA,NA,NA,NA,NA,NA,NA,NA,NA,NA,NA,NA,NA,NA,NA,NA,NA,NA
NA,NA,NA,NA,NA,NA,NA,NA,NA,NA,NA,NA,NA,NA,NA,NA,NA,NA,NA,NA,NA,NA
NA,NA,NA,NA,NA,NA,NA,NA,NA,NA,NA,NA,NA,NA,NA,NA,NA,NA,NA,NA,NA,NA
NA,NA,NA,NA,NA,NA,NA,NA,NA,NA,NA,NA,NA,NA,NA,NA,NA,NA,NA,NA,NA,NA
NA,NA,NA,NA,NA,NA,NA,NA,NA,NA,NA,NA,NA,NA,NA,NA,NA,NA,NA,NA,NA,NA
NA,NA,NA,NA,NA,NA,NA,NA,NA,NA,NA,NA,NA,NA,NA,NA,NA,NA,NA,NA,NA,NA
NA,NA,NA,NA,NA,NA,NA,NA,NA,NA,NA,NA,NA,NA,NA,NA,NA,NA,NA,NA,NA,NA
NA,NA,NA,NA,NA,NA,NA,NA,NA,NA,NA,NA,NA,NA,NA,NA,NA,NA,NA,NA,NA,NA
NA,NA,NA,NA,NA,NA,NA,NA,NA,NA,NA,NA,NA,NA,NA,NA,NA,NA,NA,NA,NA,NA
NA,NA,NA,NA,NA,NA,NA,NA,NA,NA,NA,NA,NA,NA,NA,NA,NA,NA,NA,NA,NA,NA
NA,NA,NA,NA,NA,NA,NA,NA,NA,NA,NA,NA,NA,NA,NA,NA,NA,NA,NA,NA,NA,NA
NA,NA,NA,NA,NA,NA,NA,NA,NA,NA,NA,NA,NA,NA,NA,NA,NA,NA,NA,NA,NA,NA
NA,NA,NA,NA,NA,NA,NA,NA,NA,NA,NA,NA,NA,NA,NA,NA,NA,NA,NA,NA,NA,NA
NA,NA,NA,NA,NA,NA,NA,NA,NA,NA,NA,NA,NA,NA,NA,NA,NA,NA,NA,NA,NA,NA
NA,NA,NA,NA,NA,NA,NA,NA,NA,NA,NA,NA,NA,NA,NA,NA,NA,NA,NA,NA,NA,NA
NA,NA,NA,NA,NA,NA,NA,NA,NA,NA,NA,NA,NA,NA,NA,NA,NA,NA,NA,NA,NA,NA
NA,NA,NA,NA,NA,NA,NA,NA,NA,NA,NA,NA,NA,NA,NA,NA,NA,NA,NA,NA,NA,NA
NA,NA,NA,NA,NA,NA,NA,NA,NA,NA,NA,NA,NA,NA,NA,NA,NA,NA,NA,NA,NA,NA
NA,NA,NA,NA,NA,NA,NA,NA,NA,NA,NA,NA,NA,NA,NA,NA,NA,NA,NA,NA,NA,NA
NA,NA,NA,NA,NA,NA,NA,NA,NA,NA,NA,NA,NA,NA,NA,NA,NA,NA,NA,NA,NA,NA
NA,NA,NA,NA,NA,NA,NA,NA,NA,NA,NA,NA,NA,NA,NA,NA,NA,NA,NA,NA,NA,NA
NA,NA,NA,NA,NA,NA,NA,NA,NA,NA,NA,NA,NA,NA,NA,NA,NA,NA,NA,NA,NA,NA
NA,NA,NA,NA,NA,NA,NA,NA,NA,NA,NA,NA,NA,NA,NA,NA,NA,NA,NA,NA,NA,NA
NA,NA,NA,NA,NA,NA,NA,NA,NA,NA,NA,NA,NA,NA,NA,NA,NA,NA,NA,NA,NA,NA
NA,NA,NA,NA,NA,NA,NA,NA,NA,NA,NA,NA,NA,NA,NA,NA,NA,NA,NA,NA,NA,NA
NA,NA,NA,NA,NA,NA,NA,NA,NA,NA,NA,NA,NA,NA,NA,NA,NA,NA,NA,NA,NA,NA
NA,NA,NA,NA,NA,NA,NA,NA,NA,NA,NA,NA,NA,NA,NA,NA,NA,NA,NA,NA,NA,NA
NA,NA,NA,NA,NA,NA,NA,NA,NA,NA,NA,NA,NA,NA,NA,NA,NA,NA,NA,NA,NA,NA
NA,NA,NA,NA,NA,NA,NA,NA,NA,NA,NA,NA,NA,NA,NA,NA,NA,NA,NA,NA,NA,NA
NA,NA,NA,NA,NA,NA,NA,NA,NA,NA,NA,NA,NA,NA,NA,NA,NA,NA,NA,NA,NA,NA
NA,NA,NA,NA,NA,NA,NA,NA,NA,NA,NA,NA,NA,NA,NA,NA,NA,NA,NA,NA,NA,NA
NA,NA,NA,NA,NA,NA,NA,NA,NA,NA,NA,NA,NA,NA,NA,NA,NA,NA,NA,NA,NA,NA
NA,NA,NA,NA,NA,NA,NA,NA,NA,NA,NA,NA,NA,NA,NA,NA,NA,NA,NA,NA,NA,NA
NA,NA,NA,NA,NA,NA,NA,NA,NA,NA,NA,NA,NA,NA,NA,NA,NA,NA,NA,NA,NA,NA
NA,NA,NA,NA,NA,NA,NA,NA,NA,NA,NA,NA,NA,NA,NA,NA,NA,NA,NA,NA,NA,NA
NA,NA,NA,NA,NA,NA,NA,NA,NA,NA,NA,NA,NA,NA,NA,NA,NA,NA,NA,NA,NA,NA
NA,NA,NA,NA,NA,NA,NA,NA,NA,NA,NA,NA,NA,NA,NA,NA,NA,NA,NA,NA,NA,NA
NA,NA,NA,NA,NA,NA,NA,NA,NA,NA,NA,NA,NA,NA,NA,NA,NA,NA,NA,NA,NA,NA
NA,NA,NA,NA,NA,NA,NA,NA,NA,NA,NA,NA,NA,NA,NA,NA,NA,NA,NA,NA,NA,NA
NA,NA,NA,NA,NA,NA,NA,NA,NA,NA,NA,NA,NA,NA,NA,NA,NA,NA,NA,NA,NA,NA
NA,NA,NA,NA,NA,NA,NA,NA,NA,NA,NA,NA,NA,NA,NA,NA,NA,NA,NA,NA,NA,NA
NA,NA,NA,NA,NA,NA,NA,NA,NA,NA,NA,NA,NA,NA,NA,NA,NA,NA,NA,NA,NA,NA
NA,NA,NA,NA,NA,NA,NA,NA,NA,NA,NA,NA,NA,NA,NA,NA,NA,NA,NA,NA,NA,NA
NA,NA,NA,NA,NA,NA,NA,NA,NA,NA,NA,NA,NA,NA,NA,NA,NA,NA,NA,NA,NA,NA
NA,NA,NA,NA,NA,NA,NA,NA,NA,NA,NA,NA,NA,NA,NA,NA,NA,NA,NA,NA,NA,NA
NA,NA,NA,NA,NA,NA,NA,NA,NA,NA,NA,NA,NA,NA,NA,NA,NA,NA,NA,NA,NA,NA
NA,NA,NA,NA,NA,NA,NA,NA,NA,NA,NA,NA,NA,NA,NA,NA,NA,NA,NA,NA,NA,NA
NA,NA,NA,NA,NA,NA,NA,NA,NA,NA,NA,NA,NA,NA,NA,NA,NA,NA,NA,NA,NA,NA
NA,NA,NA,NA,NA,NA,NA,NA,NA,NA,NA,NA,NA,NA,NA,NA,NA,NA,NA,NA,NA,NA
NA,NA,NA,NA,NA,NA,NA,NA,NA,NA,NA,NA,NA,NA,NA,NA,NA,NA,NA,NA,NA,NA
NA,NA,NA,NA,NA,NA,NA,NA,NA,NA,NA,NA,NA,NA,NA,NA,NA,NA,NA,NA,NA,NA
NA,NA,NA,NA,NA,NA,NA,NA,NA,NA,NA,NA,NA,NA,NA,NA,NA,NA,NA,NA,NA,NA
NA,NA,NA,NA,NA,NA,NA,NA,NA,NA,NA,NA,NA,NA,NA,NA,NA,NA,NA,NA,NA,NA
NA,NA,NA,NA,NA,NA,NA,NA,NA,NA,NA,NA,NA,NA,NA,NA,NA,NA,NA,NA,NA,NA
NA,NA,NA,NA,NA,NA,NA,NA,NA,NA,NA,NA,NA,NA,NA,NA,NA,NA,NA,NA,NA,NA
NA,NA,NA,NA,NA,NA,NA,NA,NA,NA,NA,NA,NA,NA,NA,NA,NA,NA,NA,NA,NA,NA
NA,NA,NA,NA,NA,NA,NA,NA,NA,NA,NA,NA,NA,NA,NA,NA,NA,NA,NA,NA,NA,NA
NA,NA,NA,NA,NA,NA,NA,NA,NA,NA,NA,NA,NA,NA,NA,NA,NA,NA,NA,NA,NA,NA
NA,NA,NA,NA,NA,NA,NA,NA,NA,NA,NA,NA,NA,NA,NA,NA,NA,NA,NA,NA,NA,NA
NA,NA,NA,NA,NA,NA,NA,NA,NA,NA,NA,NA,NA,NA,NA,NA,NA,NA,NA,NA,NA,NA
NA,NA,NA,NA,NA,NA,NA,NA,NA,NA,NA,NA,NA,NA,NA,NA,NA,NA,NA,NA,NA,NA
NA,NA,NA,NA,NA,NA,NA,NA,NA,NA,NA,NA,NA,NA,NA,NA,NA,NA,NA,NA,NA,NA
NA,NA,NA,NA,NA,NA,NA,NA,NA,NA,NA,NA,NA,NA,NA,NA,NA,NA,NA,NA,NA,NA
NA,NA,NA,NA,NA,NA,NA,NA,NA,NA,NA,NA,NA,NA,NA,NA,NA,NA,NA,NA,NA,NA
NA,NA,NA,NA,NA,NA,NA,NA,NA,NA,NA,NA,NA,NA,NA,NA,NA,NA,NA,NA,NA,NA
NA,NA,NA,NA,NA,NA,NA,NA,NA,NA,NA,NA,NA,NA,NA,NA,NA,NA,NA,NA,NA,NA
NA,NA,NA,NA,NA,NA,NA,NA,NA,NA,NA,NA,NA,NA,NA,NA,NA,NA,NA,NA,NA,NA
NA,NA,NA,NA,NA,NA,NA,NA,NA,NA,NA,NA,NA,NA,NA,NA,NA,NA,NA,NA,NA,NA
NA,NA,NA,NA,NA,NA,NA,NA,NA,NA,NA,NA,NA,NA,NA,NA,NA,NA,NA,NA,NA,NA
NA,NA,NA,NA,NA,NA,NA,NA,NA,NA,NA,NA,NA,NA,NA,NA,NA,NA,NA,NA,NA,NA
NA,NA,NA,NA,NA,NA,NA,NA,NA,NA,NA,NA,NA,NA,NA,NA,NA,NA,NA,NA,NA,NA
NA,NA,NA,NA,NA,NA,NA,NA,NA,NA,NA,NA,NA,NA,NA,NA,NA,NA,NA,NA,NA,NA
NA,NA,NA,NA,NA,NA,NA,NA,NA,NA,NA,NA,NA,NA,NA,NA,NA,NA,NA,NA,NA,NA
NA,NA,NA,NA,NA,NA,NA,NA,NA,NA,NA,NA,NA,NA,NA,NA,NA,NA,NA,NA,NA,NA
NA,NA,NA,NA,NA,NA,NA,NA,NA,NA,NA,NA,NA,NA,NA,NA,NA,NA,NA,NA,NA,NA
NA,NA,NA,NA,NA,NA,NA,NA,NA,NA,NA,NA,NA,NA,NA,NA,NA,NA,NA,NA,NA,NA
NA,NA,NA,NA,NA,NA,NA,NA,NA,NA,NA,NA,NA,NA,NA,NA,NA,NA,NA,NA,NA,NA
NA,NA,NA,NA,NA,NA,NA,NA,NA,NA,NA,NA,NA,NA,NA,NA,NA,NA,NA,NA,NA,NA
NA,NA,NA,NA,NA,NA,NA,NA,NA,NA,NA,NA,NA,NA,NA,NA,NA,NA,NA,NA,NA,NA
NA,NA,NA,NA,NA,NA,NA,NA,NA,NA,NA,NA,NA,NA,NA,NA,NA,NA,NA,NA,NA,NA
NA,NA,NA,NA,NA,NA,NA,NA,NA,NA,NA,NA,NA,NA,NA,NA,NA,NA,NA,NA,NA,NA
NA,NA,NA,NA,NA,NA,NA,NA,NA,NA,NA,NA,NA,NA,NA,NA,NA,NA,NA,NA,NA,NA
NA,NA,NA,NA,NA,NA,NA,NA,NA,NA,NA,NA,NA,NA,NA,NA,NA,NA,NA,NA,NA,NA
NA,NA,NA,NA,NA,NA,NA,NA,NA,NA,NA,NA,NA,NA,NA,NA,NA,NA,NA,NA,NA,NA
NA,NA,NA,NA,NA,NA,NA,NA,NA,NA,NA,NA,NA,NA,NA,NA,NA,NA,NA,NA,NA,NA
NA,NA,NA,NA,NA,NA,NA,NA,NA,NA,NA,NA,NA,NA,NA,NA,NA,NA,NA,NA,NA,NA
NA,NA,NA,NA,NA,NA,NA,NA,NA,NA,NA,NA,NA,NA,NA,NA,NA,NA,NA,NA,NA,NA
NA,NA,NA,NA,NA,NA,NA,NA,NA,NA,NA,NA,NA,NA,NA,NA,NA,NA,NA,NA,NA,NA
NA,NA,NA,NA,NA,NA,NA,NA,NA,NA,NA,NA,NA,NA,NA,NA,NA,NA,NA,NA,NA,NA
NA,NA,NA,NA,NA,NA,NA,NA,NA,NA,NA,NA,NA,NA,NA,NA,NA,NA,NA,NA,NA,NA
NA,NA,NA,NA,NA,NA,NA,NA,NA,NA,NA,NA,NA,NA,NA,NA,NA,NA,NA,NA,NA,NA
NA,NA,NA,NA,NA,NA,NA,NA,NA,NA,NA,NA,NA,NA,NA,NA,NA,NA,NA,NA,NA,NA
NA,NA,NA,NA,NA,NA,NA,NA,NA,NA,NA,NA,NA,NA,NA,NA,NA,NA,NA,NA,NA,NA
NA,NA,NA,NA,NA,NA,NA,NA,NA,NA,NA,NA,NA,NA,NA,NA,NA,NA,NA,NA,NA,NA
NA,NA,NA,NA,NA,NA,NA,NA,NA,NA,NA,NA,NA,NA,NA,NA,NA,NA,NA,NA,NA,NA
NA,NA,NA,NA,NA,NA,NA,NA,NA,NA,NA,NA,NA,NA,NA,NA,NA,NA,NA,NA,NA,NA
NA,NA,NA,NA,NA,NA,NA,NA,NA,NA,NA,NA,NA,NA,NA,NA,NA,NA,NA,NA,NA,NA
NA,NA,NA,NA,NA,NA,NA,NA,NA,NA,NA,NA,NA,NA,NA,NA,NA,NA,NA,NA,NA,NA
NA,NA,NA,NA,NA,NA,NA,NA,NA,NA,NA,NA,NA,NA,NA,NA,NA,NA,NA,NA,NA,NA
NA,NA,NA,NA,NA,NA,NA,NA,NA,NA,NA,NA,NA,NA,NA,NA,NA,NA,NA,NA,NA,NA
NA,NA,NA,NA,NA,NA,NA,NA,NA,NA,NA,NA,NA,NA,NA,NA,NA,NA,NA,NA,NA,NA
NA,NA,NA,NA,NA,NA,NA,NA,NA,NA,NA,NA,NA,NA,NA,NA,NA,NA,NA,NA,NA,NA
NA,NA,NA,NA,NA,NA,NA,NA,NA,NA,NA,NA,NA,NA,NA,NA,NA,NA,NA,NA,NA,NA
NA,NA,NA,NA,NA,NA,NA,NA,NA,NA,NA,NA,NA,NA,NA,NA,NA,NA,NA,NA,NA,NA
NA,NA,NA,NA,NA,NA,NA,NA,NA,NA,NA,NA,NA,NA,NA,NA,NA,NA,NA,NA,NA,NA
NA,NA,NA,NA,NA,NA,NA,NA,NA,NA,NA,NA,NA,NA,NA,NA,NA,NA,NA,NA,NA,NA
NA,NA,NA,NA,NA,NA,NA,NA,NA,NA,NA,NA,NA,NA,NA,NA,NA,NA,NA,NA,NA,NA
NA,NA,NA,NA,NA,NA,NA,NA,NA,NA,NA,NA,NA,NA,NA,NA,NA,NA,NA,NA,NA,NA
NA,NA,NA,NA,NA,NA,NA,NA,NA,NA,NA,NA,NA,NA,NA,NA,NA,NA,NA,NA,NA,NA
NA,NA,NA,NA,NA,NA,NA,NA,NA,NA,NA,NA,NA,NA,NA,NA,NA,NA,NA,NA,NA,NA
NA,NA,NA,NA,NA,NA,NA,NA,NA,NA,NA,NA,NA,NA,NA,NA,NA,NA,NA,NA,NA,NA
NA,NA,NA,NA,NA,NA,NA,NA,NA,NA,NA,NA,NA,NA,NA,NA,NA,NA,NA,NA,NA,NA
NA,NA,NA,NA,NA,NA,NA,NA,NA,NA,NA,NA,NA,NA,NA,NA,NA,NA,NA,NA,NA,NA
NA,NA,NA,NA,NA,NA,NA,NA,NA,NA,NA,NA,NA,NA,NA,NA,NA,NA,NA,NA,NA,NA
NA,NA,NA,NA,NA,NA,NA,NA,NA,NA,NA,NA,NA,NA,NA,NA,NA,NA,NA,NA,NA,NA
NA,NA,NA,NA,NA,NA,NA,NA,NA,NA,NA,NA,NA,NA,NA,NA,NA,NA,NA,NA,NA,NA
NA,NA,NA,NA,NA,NA,NA,NA,NA,NA,NA,NA,NA,NA,NA,NA,NA,NA,NA,NA,NA,NA
NA,NA,NA,NA,NA,NA,NA,NA,NA,NA,NA,NA,NA,NA,NA,NA,NA,NA,NA,NA,NA,NA
NA,NA,NA,NA,NA,NA,NA,NA,NA,NA,NA,NA,NA,NA,NA,NA,NA,NA,NA,NA,NA,NA
NA,NA,NA,NA,NA,NA,NA,NA,NA,NA,NA,NA,NA,NA,NA,NA,NA,NA,NA,NA,NA,NA
NA,NA,NA,NA,NA,NA,NA,NA,NA,NA,NA,NA,NA,NA,NA,NA,NA,NA,NA,NA,NA,NA
NA,NA,NA,NA,NA,NA,NA,NA,NA,NA,NA,NA,NA,NA,NA,NA,NA,NA,NA,NA,NA,NA
NA,NA,NA,NA,NA,NA,NA,NA,NA,NA,NA,NA,NA,NA,NA,NA,NA,NA,NA,NA,NA,NA
NA,NA,NA,NA,NA,NA,NA,NA,NA,NA,NA,NA,NA,NA,NA,NA,NA,NA,NA,NA,NA,NA
NA,NA,NA,NA,NA,NA,NA,NA,NA,NA,NA,NA,NA,NA,NA,NA,NA,NA,NA,NA,NA,NA
NA,NA,NA,NA,NA,NA,NA,NA,NA,NA,NA,NA,NA,NA,NA,NA,NA,NA,NA,NA,NA,NA
NA,NA,NA,NA,NA,NA,NA,NA,NA,NA,NA,NA,NA,NA,NA,NA,NA,NA,NA,NA,NA,NA
NA,NA,NA,NA,NA,NA,NA,NA,NA,NA,NA,NA,NA,NA,NA,NA,NA,NA,NA,NA,NA,NA
NA,NA,NA,NA,NA,NA,NA,NA,NA,NA,NA,NA,NA,NA,NA,NA,NA,NA,NA,NA,NA,NA
NA,NA,NA,NA,NA,NA,NA,NA,NA,NA,NA,NA,NA,NA,NA,NA,NA,NA,NA,NA,NA,NA
NA,NA,NA,NA,NA,NA,NA,NA,NA,NA,NA,NA,NA,NA,NA,NA,NA,NA,NA,NA,NA,NA
NA,NA,NA,NA,NA,NA,NA,NA,NA,NA,NA,NA,NA,NA,NA,NA,NA,NA,NA,NA,NA,NA
NA,NA,NA,NA,NA,NA,NA,NA,NA,NA,NA,NA,NA,NA,NA,NA,NA,NA,NA,NA,NA,NA
NA,NA,NA,NA,NA,NA,NA,NA,NA,NA,NA,NA,NA,NA,NA,NA,NA,NA,NA,NA,NA,NA
NA,NA,NA,NA,NA,NA,NA,NA,NA,NA,NA,NA,NA,NA,NA,NA,NA,NA,NA,NA,NA,NA
NA,NA,NA,NA,NA,NA,NA,NA,NA,NA,NA,NA,NA,NA,NA,NA,NA,NA,NA,NA,NA,NA
NA,NA,NA,NA,NA,NA,NA,NA,NA,NA,NA,NA,NA,NA,NA,NA,NA,NA,NA,NA,NA,NA
NA,NA,NA,NA,NA,NA,NA,NA,NA,NA,NA,NA,NA,NA,NA,NA,NA,NA,NA,NA,NA,NA
NA,NA,NA,NA,NA,NA,NA,NA,NA,NA,NA,NA,NA,NA,NA,NA,NA,NA,NA,NA,NA,NA
NA,NA,NA,NA,NA,NA,NA,NA,NA,NA,NA,NA,NA,NA,NA,NA,NA,NA,NA,NA,NA,NA
NA,NA,NA,NA,NA,NA,NA,NA,NA,NA,NA,NA,NA,NA,NA,NA,NA,NA,NA,NA,NA,NA
NA,NA,NA,NA,NA,NA,NA,NA,NA,NA,NA,NA,NA,NA,NA,NA,NA,NA,NA,NA,NA,NA
NA,NA,NA,NA,NA,NA,NA,NA,NA,NA,NA,NA,NA,NA,NA,NA,NA,NA,NA,NA,NA,NA
NA,NA,NA,NA,NA,NA,NA,NA,NA,NA,NA,NA,NA,NA,NA,NA,NA,NA,NA,NA,NA,NA
NA,NA,NA,NA,NA,NA,NA,NA,NA,NA,NA,NA,NA,NA,NA,NA,NA,NA,NA,NA,NA,NA
NA,NA,NA,NA,NA,NA,NA,NA,NA,NA,NA,NA,NA,NA,NA,NA,NA,NA,NA,NA,NA,NA
NA,NA,NA,NA,NA,NA,NA,NA,NA,NA,NA,NA,NA,NA,NA,NA,NA,NA,NA,NA,NA,NA
NA,NA,NA,NA,NA,NA,NA,NA,NA,NA,NA,NA,NA,NA,NA,NA,NA,NA,NA,NA,NA,NA
NA,NA,NA,NA,NA,NA,NA,NA,NA,NA,NA,NA,NA,NA,NA,NA,NA,NA,NA,NA,NA,NA
NA,NA,NA,NA,NA,NA,NA,NA,NA,NA,NA,NA,NA,NA,NA,NA,NA,NA,NA,NA,NA,NA
NA,NA,NA,NA,NA,NA,NA,NA,NA,NA,NA,NA,NA,NA,NA,NA,NA,NA,NA,NA,NA,NA
NA,NA,NA,NA,NA,NA,NA,NA,NA,NA,NA,NA,NA,NA,NA,NA,NA,NA,NA,NA,NA,NA
NA,NA,NA,NA,NA,NA,NA,NA,NA,NA,NA,NA,NA,NA,NA,NA,NA,NA,NA,NA,NA,NA
NA,NA,NA,NA,NA,NA,NA,NA,NA,NA,NA,NA,NA,NA,NA,NA,NA,NA,NA,NA,NA,NA
NA,NA,NA,NA,NA,NA,NA,NA,NA,NA,NA,NA,NA,NA,NA,NA,NA,NA,NA,NA,NA,NA
NA,NA,NA,NA,NA,NA,NA,NA,NA,NA,NA,NA,NA,NA,NA,NA,NA,NA,NA,NA,NA,NA
NA,NA,NA,NA,NA,NA,NA,NA,NA,NA,NA,NA,NA,NA,NA,NA,NA,NA,NA,NA,NA,NA
NA,NA,NA,NA,NA,NA,NA,NA,NA,NA,NA,NA,NA,NA,NA,NA,NA,NA,NA,NA,NA,NA
NA,NA,NA,NA,NA,NA,NA,NA,NA,NA,NA,NA,NA,NA,NA,NA,NA,NA,NA,NA,NA,NA
NA,NA,NA,NA,NA,NA,NA,NA,NA,NA,NA,NA,NA,NA,NA,NA,NA,NA,NA,NA,NA,NA
NA,NA,NA,NA,NA,NA,NA,NA,NA,NA,NA,NA,NA,NA,NA,NA,NA,NA,NA,NA,NA,NA
NA,NA,NA,NA,NA,NA,NA,NA,NA,NA,NA,NA,NA,NA,NA,NA,NA,NA,NA,NA,NA,NA
NA,NA,NA,NA,NA,NA,NA,NA,NA,NA,NA,NA,NA,NA,NA,NA,NA,NA,NA,NA,NA,NA
NA,NA,NA,NA,NA,NA,NA,NA,NA,NA,NA,NA,NA,NA,NA,NA,NA,NA,NA,NA,NA,NA
NA,NA,NA,NA,NA,NA,NA,NA,NA,NA,NA,NA,NA,NA,NA,NA,NA,NA,NA,NA,NA,NA
NA,NA,NA,NA,NA,NA,NA,NA,NA,NA,NA,NA,NA,NA,NA,NA,NA,NA,NA,NA,NA,NA
NA,NA,NA,NA,NA,NA,NA,NA,NA,NA,NA,NA,NA,NA,NA,NA,NA,NA,NA,NA,NA,NA
NA,NA,NA,NA,NA,NA,NA,NA,NA,NA,NA,NA,NA,NA,NA,NA,NA,NA,NA,NA,NA,NA
NA,NA,NA,NA,NA,NA,NA,NA,NA,NA,NA,NA,NA,NA,NA,NA,NA,NA,NA,NA,NA,NA
NA,NA,NA,NA,NA,NA,NA,NA,NA,NA,NA,NA,NA,NA,NA,NA,NA,NA,NA,NA,NA,NA
NA,NA,NA,NA,NA,NA,NA,NA,NA,NA,NA,NA,NA,NA,NA,NA,NA,NA,NA,NA,NA,NA
NA,NA,NA,NA,NA,NA,NA,NA,NA,NA,NA,NA,NA,NA,NA,NA,NA,NA,NA,NA,NA,NA
NA,NA,NA,NA,NA,NA,NA,NA,NA,NA,NA,NA,NA,NA,NA,NA,NA,NA,NA,NA,NA,NA
NA,NA,NA,NA,NA,NA,NA,NA,NA,NA,NA,NA,NA,NA,NA,NA,NA,NA,NA,NA,NA,NA
NA,NA,NA,NA,NA,NA,NA,NA,NA,NA,NA,NA,NA,NA,NA,NA,NA,NA,NA,NA,NA,NA
NA,NA,NA,NA,NA,NA,NA,NA,NA,NA,NA,NA,NA,NA,NA,NA,NA,NA,NA,NA,NA,NA
NA,NA,NA,NA,NA,NA,NA,NA,NA,NA,NA,NA,NA,NA,NA,NA,NA,NA,NA,NA,NA,NA
NA,NA,NA,NA,NA,NA,NA,NA,NA,NA,NA,NA,NA,NA,NA,NA,NA,NA,NA,NA,NA,NA
NA,NA,NA,NA,NA,NA,NA,NA,NA,NA,NA,NA,NA,NA,NA,NA,NA,NA,NA,NA,NA,NA
NA,NA,NA,NA,NA,NA,NA,NA,NA,NA,NA,NA,NA,NA,NA,NA,NA,NA,NA,NA,NA,NA
NA,NA,NA,NA,NA,NA,NA,NA,NA,NA,NA,NA,NA,NA,NA,NA,NA,NA,NA,NA,NA,NA
NA,NA,NA,NA,NA,NA,NA,NA,NA,NA,NA,NA,NA,NA,NA,NA,NA,NA,NA,NA,NA,NA
NA,NA,NA,NA,NA,NA,NA,NA,NA,NA,NA,NA,NA,NA,NA,NA,NA,NA,NA,NA,NA,NA
NA,NA,NA,NA,NA,NA,NA,NA,NA,NA,NA,NA,NA,NA,NA,NA,NA,NA,NA,NA,NA,NA
NA,NA,NA,NA,NA,NA,NA,NA,NA,NA,NA,NA,NA,NA,NA,NA,NA,NA,NA,NA,NA,NA
NA,NA,NA,NA,NA,NA,NA,NA,NA,NA,NA,NA,NA,NA,NA,NA,NA,NA,NA,NA,NA,NA
NA,NA,NA,NA,NA,NA,NA,NA,NA,NA,NA,NA,NA,NA,NA,NA,NA,NA,NA,NA,NA,NA
NA,NA,NA,NA,NA,NA,NA,NA,NA,NA,NA,NA,NA,NA,NA,NA,NA,NA,NA,NA,NA,NA
NA,NA,NA,NA,NA,NA,NA,NA,NA,NA,NA,NA,NA,NA,NA,NA,NA,NA,NA,NA,NA,NA
NA,NA,NA,NA,NA,NA,NA,NA,NA,NA,NA,NA,NA,NA,NA,NA,NA,NA,NA,NA,NA,NA
NA,NA,NA,NA,NA,NA,NA,NA,NA,NA,NA,NA,NA,NA,NA,NA,NA,NA,NA,NA,NA,NA
NA,NA,NA,NA,NA,NA,NA,NA,NA,NA,NA,NA,NA,NA,NA,NA,NA,NA,NA,NA,NA,NA
NA,NA,NA,NA,NA,NA,NA,NA,NA,NA,NA,NA,NA,NA,NA,NA,NA,NA,NA,NA,NA,NA
NA,NA,NA,NA,NA,NA,NA,NA,NA,NA,NA,NA,NA,NA,NA,NA,NA,NA,NA,NA,NA,NA
NA,NA,NA,NA,NA,NA,NA,NA,NA,NA,NA,NA,NA,NA,NA,NA,NA,NA,NA,NA,NA,NA
NA,NA,NA,NA,NA,NA,NA,NA,NA,NA,NA,NA,NA,NA,NA,NA,NA,NA,NA,NA,NA,NA
NA,NA,NA,NA,NA,NA,NA,NA,NA,NA,NA,NA,NA,NA,NA,NA,NA,NA,NA,NA,NA,NA
NA,NA,NA,NA,NA,NA,NA,NA,NA,NA,NA,NA,NA,NA,NA,NA,NA,NA,NA,NA,NA,NA
NA,NA,NA,NA,NA,NA,NA,NA,NA,NA,NA,NA,NA,NA,NA,NA,NA,NA,NA,NA,NA,NA
NA,NA,NA,NA,NA,NA,NA,NA,NA,NA,NA,NA,NA,NA,NA,NA,NA,NA,NA,NA,NA,NA
NA,NA,NA,NA,NA,NA,NA,NA,NA,NA,NA,NA,NA,NA,NA,NA,NA,NA,NA,NA,NA,NA
NA,NA,NA,NA,NA,NA,NA,NA,NA,NA,NA,NA,NA,NA,NA,NA,NA,NA,NA,NA,NA,NA
NA,NA,NA,NA,NA,NA,NA,NA,NA,NA,NA,NA,NA,NA,NA,NA,NA,NA,NA,NA,NA,NA
NA,NA,NA,NA,NA,NA,NA,NA,NA,NA,NA,NA,NA,NA,NA,NA,NA,NA,NA,NA,NA,NA
NA,NA,NA,NA,NA,NA,NA,NA,NA,NA,NA,NA,NA,NA,NA,NA,NA,NA,NA,NA,NA,NA
NA,NA,NA,NA,NA,NA,NA,NA,NA,NA,NA,NA,NA,NA,NA,NA,NA,NA,NA,NA,NA,NA
NA,NA,NA,NA,NA,NA,NA,NA,NA,NA,NA,NA,NA,NA,NA,NA,NA,NA,NA,NA,NA,NA
NA,NA,NA,NA,NA,NA,NA,NA,NA,NA,NA,NA,NA,NA,NA,NA,NA,NA,NA,NA,NA,NA
NA,NA,NA,NA,NA,NA,NA,NA,NA,NA,NA,NA,NA,NA,NA,NA,NA,NA,NA,NA,NA,NA
NA,NA,NA,NA,NA,NA,NA,NA,NA,NA,NA,NA,NA,NA,NA,NA,NA,NA,NA,NA,NA,NA
NA,NA,NA,NA,NA,NA,NA,NA,NA,NA,NA,NA,NA,NA,NA,NA,NA,NA,NA,NA,NA,NA
NA,NA,NA,NA,NA,NA,NA,NA,NA,NA,NA,NA,NA,NA,NA,NA,NA,NA,NA,NA,NA,NA
NA,NA,NA,NA,NA,NA,NA,NA,NA,NA,NA,NA,NA,NA,NA,NA,NA,NA,NA,NA,NA,NA
NA,NA,NA,NA,NA,NA,NA,NA,NA,NA,NA,NA,NA,NA,NA,NA,NA,NA,NA,NA,NA,NA
NA,NA,NA,NA,NA,NA,NA,NA,NA,NA,NA,NA,NA,NA,NA,NA,NA,NA,NA,NA,NA,NA
NA,NA,NA,NA,NA,NA,NA,NA,NA,NA,NA,NA,NA,NA,NA,NA,NA,NA,NA,NA,NA,NA
NA,NA,NA,NA,NA,NA,NA,NA,NA,NA,NA,NA,NA,NA,NA,NA,NA,NA,NA,NA,NA,NA
NA,NA,NA,NA,NA,NA,NA,NA,NA,NA,NA,NA,NA,NA,NA,NA,NA,NA,NA,NA,NA,NA
NA,NA,NA,NA,NA,NA,NA,NA,NA,NA,NA,NA,NA,NA,NA,NA,NA,NA,NA,NA,NA,NA
NA,NA,NA,NA,NA,NA,NA,NA,NA,NA,NA,NA,NA,NA,NA,NA,NA,NA,NA,NA,NA,NA
NA,NA,NA,NA,NA,NA,NA,NA,NA,NA,NA,NA,NA,NA,NA,NA,NA,NA,NA,NA,NA,NA
NA,NA,NA,NA,NA,NA,NA,NA,NA,NA,NA,NA,NA,NA,NA,NA,NA,NA,NA,NA,NA,NA
NA,NA,NA,NA,NA,NA,NA,NA,NA,NA,NA,NA,NA,NA,NA,NA,NA,NA,NA,NA,NA,NA
NA,NA,NA,NA,NA,NA,NA,NA,NA,NA,NA,NA,NA,NA,NA,NA,NA,NA,NA,NA,NA,NA
NA,NA,NA,NA,NA,NA,NA,NA,NA,NA,NA,NA,NA,NA,NA,NA,NA,NA,NA,NA,NA,NA
NA,NA,NA,NA,NA,NA,NA,NA,NA,NA,NA,NA,NA,NA,NA,NA,NA,NA,NA,NA,NA,NA
NA,NA,NA,NA,NA,NA,NA,NA,NA,NA,NA,NA,NA,NA,NA,NA,NA,NA,NA,NA,NA,NA
NA,NA,NA,NA,NA,NA,NA,NA,NA,NA,NA,NA,NA,NA,NA,NA,NA,NA,NA,NA,NA,NA
NA,NA,NA,NA,NA,NA,NA,NA,NA,NA,NA,NA,NA,NA,NA,NA,NA,NA,NA,NA,NA,NA
NA,NA,NA,NA,NA,NA,NA,NA,NA,NA,NA,NA,NA,NA,NA,NA,NA,NA,NA,NA,NA,NA
NA,NA,NA,NA,NA,NA,NA,NA,NA,NA,NA,NA,NA,NA,NA,NA,NA,NA,NA,NA,NA,NA
NA,NA,NA,NA,NA,NA,NA,NA,NA,NA,NA,NA,NA,NA,NA,NA,NA,NA,NA,NA,NA,NA
NA,NA,NA,NA,NA,NA,NA,NA,NA,NA,NA,NA,NA,NA,NA,NA,NA,NA,NA,NA,NA,NA
NA,NA,NA,NA,NA,NA,NA,NA,NA,NA,NA,NA,NA,NA,NA,NA,NA,NA,NA,NA,NA,NA
NA,NA,NA,NA,NA,NA,NA,NA,NA,NA,NA,NA,NA,NA,NA,NA,NA,NA,NA,NA,NA,NA
NA,NA,NA,NA,NA,NA,NA,NA,NA,NA,NA,NA,NA,NA,NA,NA,NA,NA,NA,NA,NA,NA
NA,NA,NA,NA,NA,NA,NA,NA,NA,NA,NA,NA,NA,NA,NA,NA,NA,NA,NA,NA,NA,NA
NA,NA,NA,NA,NA,NA,NA,NA,NA,NA,NA,NA,NA,NA,NA,NA,NA,NA,NA,NA,NA,NA
NA,NA,NA,NA,NA,NA,NA,NA,NA,NA,NA,NA,NA,NA,NA,NA,NA,NA,NA,NA,NA,NA
NA,NA,NA,NA,NA,NA,NA,NA,NA,NA,NA,NA,NA,NA,NA,NA,NA,NA,NA,NA,NA,NA
NA,NA,NA,NA,NA,NA,NA,NA,NA,NA,NA,NA,NA,NA,NA,NA,NA,NA,NA,NA,NA,NA
NA,NA,NA,NA,NA,NA,NA,NA,NA,NA,NA,NA,NA,NA,NA,NA,NA,NA,NA,NA,NA,NA
NA,NA,NA,NA,NA,NA,NA,NA,NA,NA,NA,NA,NA,NA,NA,NA,NA,NA,NA,NA,NA,NA
NA,NA,NA,NA,NA,NA,NA,NA,NA,NA,NA,NA,NA,NA,NA,NA,NA,NA,NA,NA,NA,NA
NA,NA,NA,NA,NA,NA,NA,NA,NA,NA,NA,NA,NA,NA,NA,NA,NA,NA,NA,NA,NA,NA
NA,NA,NA,NA,NA,NA,NA,NA,NA,NA,NA,NA,NA,NA,NA,NA,NA,NA,NA,NA,NA,NA
NA,NA,NA,NA,NA,NA,NA,NA,NA,NA,NA,NA,NA,NA,NA,NA,NA,NA,NA,NA,NA,NA
NA,NA,NA,NA,NA,NA,NA,NA,NA,NA,NA,NA,NA,NA,NA,NA,NA,NA,NA,NA,NA,NA
NA,NA,NA,NA,NA,NA,NA,NA,NA,NA,NA,NA,NA,NA,NA,NA,NA,NA,NA,NA,NA,NA
NA,NA,NA,NA,NA,NA,NA,NA,NA,NA,NA,NA,NA,NA,NA,NA,NA,NA,NA,NA,NA,NA
NA,NA,NA,NA,NA,NA,NA,NA,NA,NA,NA,NA,NA,NA,NA,NA,NA,NA,NA,NA,NA,NA
NA,NA,NA,NA,NA,NA,NA,NA,NA,NA,NA,NA,NA,NA,NA,NA,NA,NA,NA,NA,NA,NA
NA,NA,NA,NA,NA,NA,NA,NA,NA,NA,NA,NA,NA,NA,NA,NA,NA,NA,NA,NA,NA,NA
NA,NA,NA,NA,NA,NA,NA,NA,NA,NA,NA,NA,NA,NA,NA,NA,NA,NA,NA,NA,NA,NA
NA,NA,NA,NA,NA,NA,NA,NA,NA,NA,NA,NA,NA,NA,NA,NA,NA,NA,NA,NA,NA,NA
NA,NA,NA,NA,NA,NA,NA,NA,NA,NA,NA,NA,NA,NA,NA,NA,NA,NA,NA,NA,NA,NA
NA,NA,NA,NA,NA,NA,NA,NA,NA,NA,NA,NA,NA,NA,NA,NA,NA,NA,NA,NA,NA,NA
NA,NA,NA,NA,NA,NA,NA,NA,NA,NA,NA,NA,NA,NA,NA,NA,NA,NA,NA,NA,NA,NA
NA,NA,NA,NA,NA,NA,NA,NA,NA,NA,NA,NA,NA,NA,NA,NA,NA,NA,NA,NA,NA,NA
NA,NA,NA,NA,NA,NA,NA,NA,NA,NA,NA,NA,NA,NA,NA,NA,NA,NA,NA,NA,NA,NA
NA,NA,NA,NA,NA,NA,NA,NA,NA,NA,NA,NA,NA,NA,NA,NA,NA,NA,NA,NA,NA,NA
NA,NA,NA,NA,NA,NA,NA,NA,NA,NA,NA,NA,NA,NA,NA,NA,NA,NA,NA,NA,NA,NA
NA,NA,NA,NA,NA,NA,NA,NA,NA,NA,NA,NA,NA,NA,NA,NA,NA,NA,NA,NA,NA,NA
NA,NA,NA,NA,NA,NA,NA,NA,NA,NA,NA,NA,NA,NA,NA,NA,NA,NA,NA,NA,NA,NA
NA,NA,NA,NA,NA,NA,NA,NA,NA,NA,NA,NA,NA,NA,NA,NA,NA,NA,NA,NA,NA,NA
NA,NA,NA,NA,NA,NA,NA,NA,NA,NA,NA,NA,NA,NA,NA,NA,NA,NA,NA,NA,NA,NA
NA,NA,NA,NA,NA,NA,NA,NA,NA,NA,NA,NA,NA,NA,NA,NA,NA,NA,NA,NA,NA,NA
NA,NA,NA,NA,NA,NA,NA,NA,NA,NA,NA,NA,NA,NA,NA,NA,NA,NA,NA,NA,NA,NA
NA,NA,NA,NA,NA,NA,NA,NA,NA,NA,NA,NA,NA,NA,NA,NA,NA,NA,NA,NA,NA,NA
NA,NA,NA,NA,NA,NA,NA,NA,NA,NA,NA,NA,NA,NA,NA,NA,NA,NA,NA,NA,NA,NA
NA,NA,NA,NA,NA,NA,NA,NA,NA,NA,NA,NA,NA,NA,NA,NA,NA,NA,NA,NA,NA,NA
NA,NA,NA,NA,NA,NA,NA,NA,NA,NA,NA,NA,NA,NA,NA,NA,NA,NA,NA,NA,NA,NA
NA,NA,NA,NA,NA,NA,NA,NA,NA,NA,NA,NA,NA,NA,NA,NA,NA,NA,NA,NA,NA,NA
NA,NA,NA,NA,NA,NA,NA,NA,NA,NA,NA,NA,NA,NA,NA,NA,NA,NA,NA,NA,NA,NA
NA,NA,NA,NA,NA,NA,NA,NA,NA,NA,NA,NA,NA,NA,NA,NA,NA,NA,NA,NA,NA,NA
NA,NA,NA,NA,NA,NA,NA,NA,NA,NA,NA,NA,NA,NA,NA,NA,NA,NA,NA,NA,NA,NA
NA,NA,NA,NA,NA,NA,NA,NA,NA,NA,NA,NA,NA,NA,NA,NA,NA,NA,NA,NA,NA,NA
NA,NA,NA,NA,NA,NA,NA,NA,NA,NA,NA,NA,NA,NA,NA,NA,NA,NA,NA,NA,NA,NA
NA,NA,NA,NA,NA,NA,NA,NA,NA,NA,NA,NA,NA,NA,NA,NA,NA,NA,NA,NA,NA,NA
NA,NA,NA,NA,NA,NA,NA,NA,NA,NA,NA,NA,NA,NA,NA,NA,NA,NA,NA,NA,NA,NA
NA,NA,NA,NA,NA,NA,NA,NA,NA,NA,NA,NA,NA,NA,NA,NA,NA,NA,NA,NA,NA,NA
NA,NA,NA,NA,NA,NA,NA,NA,NA,NA,NA,NA,NA,NA,NA,NA,NA,NA,NA,NA,NA,NA
NA,NA,NA,NA,NA,NA,NA,NA,NA,NA,NA,NA,NA,NA,NA,NA,NA,NA,NA,NA,NA,NA
NA,NA,NA,NA,NA,NA,NA,NA,NA,NA,NA,NA,NA,NA,NA,NA,NA,NA,NA,NA,NA,NA
NA,NA,NA,NA,NA,NA,NA,NA,NA,NA,NA,NA,NA,NA,NA,NA,NA,NA,NA,NA,NA,NA
NA,NA,NA,NA,NA,NA,NA,NA,NA,NA,NA,NA,NA,NA,NA,NA,NA,NA,NA,NA,NA,NA
NA,NA,NA,NA,NA,NA,NA,NA,NA,NA,NA,NA,NA,NA,NA,NA,NA,NA,NA,NA,NA,NA
NA,NA,NA,NA,NA,NA,NA,NA,NA,NA,NA,NA,NA,NA,NA,NA,NA,NA,NA,NA,NA,NA
NA,NA,NA,NA,NA,NA,NA,NA,NA,NA,NA,NA,NA,NA,NA,NA,NA,NA,NA,NA,NA,NA
NA,NA,NA,NA,NA,NA,NA,NA,NA,NA,NA,NA,NA,NA,NA,NA,NA,NA,NA,NA,NA,NA
NA,NA,NA,NA,NA,NA,NA,NA,NA,NA,NA,NA,NA,NA,NA,NA,NA,NA,NA,NA,NA,NA
NA,NA,NA,NA,NA,NA,NA,NA,NA,NA,NA,NA,NA,NA,NA,NA,NA,NA,NA,NA,NA,NA
NA,NA,NA,NA,NA,NA,NA,NA,NA,NA,NA,NA,NA,NA,NA,NA,NA,NA,NA,NA,NA,NA
NA,NA,NA,NA,NA,NA,NA,NA,NA,NA,NA,NA,NA,NA,NA,NA,NA,NA,NA,NA,NA,NA
NA,NA,NA,NA,NA,NA,NA,NA,NA,NA,NA,NA,NA,NA,NA,NA,NA,NA,NA,NA,NA,NA
NA,NA,NA,NA,NA,NA,NA,NA,NA,NA,NA,NA,NA,NA,NA,NA,NA,NA,NA,NA,NA,NA
NA,NA,NA,NA,NA,NA,NA,NA,NA,NA,NA,NA,NA,NA,NA,NA,NA,NA,NA,NA,NA,NA
NA,NA,NA,NA,NA,NA,NA,NA,NA,NA,NA,NA,NA,NA,NA,NA,NA,NA,NA,NA,NA,NA
NA,NA,NA,NA,NA,NA,NA,NA,NA,NA,NA,NA,NA,NA,NA,NA,NA,NA,NA,NA,NA,NA
NA,NA,NA,NA,NA,NA,NA,NA,NA,NA,NA,NA,NA,NA,NA,NA,NA,NA,NA,NA,NA,NA
NA,NA,NA,NA,NA,NA,NA,NA,NA,NA,NA,NA,NA,NA,NA,NA,NA,NA,NA,NA,NA,NA
NA,NA,NA,NA,NA,NA,NA,NA,NA,NA,NA,NA,NA,NA,NA,NA,NA,NA,NA,NA,NA,NA
NA,NA,NA,NA,NA,NA,NA,NA,NA,NA,NA,NA,NA,NA,NA,NA,NA,NA,NA,NA,NA,NA
NA,NA,NA,NA,NA,NA,NA,NA,NA,NA,NA,NA,NA,NA,NA,NA,NA,NA,NA,NA,NA,NA
NA,NA,NA,NA,NA,NA,NA,NA,NA,NA,NA,NA,NA,NA,NA,NA,NA,NA,NA,NA,NA,NA
NA,NA,NA,NA,NA,NA,NA,NA,NA,NA,NA,NA,NA,NA,NA,NA,NA,NA,NA,NA,NA,NA
NA,NA,NA,NA,NA,NA,NA,NA,NA,NA,NA,NA,NA,NA,NA,NA,NA,NA,NA,NA,NA,NA
NA,NA,NA,NA,NA,NA,NA,NA,NA,NA,NA,NA,NA,NA,NA,NA,NA,NA,NA,NA,NA,NA
NA,NA,NA,NA,NA,NA,NA,NA,NA,NA,NA,NA,NA,NA,NA,NA,NA,NA,NA,NA,NA,NA
NA,NA,NA,NA,NA,NA,NA,NA,NA,NA,NA,NA,NA,NA,NA,NA,NA,NA,NA,NA,NA,NA
NA,NA,NA,NA,NA,NA,NA,NA,NA,NA,NA,NA,NA,NA,NA,NA,NA,NA,NA,NA,NA,NA
NA,NA,NA,NA,NA,NA,NA,NA,NA,NA,NA,NA,NA,NA,NA,NA,NA,NA,NA,NA,NA,NA
NA,NA,NA,NA,NA,NA,NA,NA,NA,NA,NA,NA,NA,NA,NA,NA,NA,NA,NA,NA,NA,NA
NA,NA,NA,NA,NA,NA,NA,NA,NA,NA,NA,NA,NA,NA,NA,NA,NA,NA,NA,NA,NA,NA
NA,NA,NA,NA,NA,NA,NA,NA,NA,NA,NA,NA,NA,NA,NA,NA,NA,NA,NA,NA,NA,NA
NA,NA,NA,NA,NA,NA,NA,NA,NA,NA,NA,NA,NA,NA,NA,NA,NA,NA,NA,NA,NA,NA
NA,NA,NA,NA,NA,NA,NA,NA,NA,NA,NA,NA,NA,NA,NA,NA,NA,NA,NA,NA,NA,NA
NA,NA,NA,NA,NA,NA,NA,NA,NA,NA,NA,NA,NA,NA,NA,NA,NA,NA,NA,NA,NA,NA
NA,NA,NA,NA,NA,NA,NA,NA,NA,NA,NA,NA,NA,NA,NA,NA,NA,NA,NA,NA,NA,NA
NA,NA,NA,NA,NA,NA,NA,NA,NA,NA,NA,NA,NA,NA,NA,NA,NA,NA,NA,NA,NA,NA
NA,NA,NA,NA,NA,NA,NA,NA,NA,NA,NA,NA,NA,NA,NA,NA,NA,NA,NA,NA,NA,NA
NA,NA,NA,NA,NA,NA,NA,NA,NA,NA,NA,NA,NA,NA,NA,NA,NA,NA,NA,NA,NA,NA
NA,NA,NA,NA,NA,NA,NA,NA,NA,NA,NA,NA,NA,NA,NA,NA,NA,NA,NA,NA,NA,NA
NA,NA,NA,NA,NA,NA,NA,NA,NA,NA,NA,NA,NA,NA,NA,NA,NA,NA,NA,NA,NA,NA
NA,NA,NA,NA,NA,NA,NA,NA,NA,NA,NA,NA,NA,NA,NA,NA,NA,NA,NA,NA,NA,NA
NA,NA,NA,NA,NA,NA,NA,NA,NA,NA,NA,NA,NA,NA,NA,NA,NA,NA,NA,NA,NA,NA
NA,NA,NA,NA,NA,NA,NA,NA,NA,NA,NA,NA,NA,NA,NA,NA,NA,NA,NA,NA,NA,NA
NA,NA,NA,NA,NA,NA,NA,NA,NA,NA,NA,NA,NA,NA,NA,NA,NA,NA,NA,NA,NA,NA
NA,NA,NA,NA,NA,NA,NA,NA,NA,NA,NA,NA,NA,NA,NA,NA,NA,NA,NA,NA,NA,NA
NA,NA,NA,NA,NA,NA,NA,NA,NA,NA,NA,NA,NA,NA,NA,NA,NA,NA,NA,NA,NA,NA
NA,NA,NA,NA,NA,NA,NA,NA,NA,NA,NA,NA,NA,NA,NA,NA,NA,NA,NA,NA,NA,NA
NA,NA,NA,NA,NA,NA,NA,NA,NA,NA,NA,NA,NA,NA,NA,NA,NA,NA,NA,NA,NA,NA
NA,NA,NA,NA,NA,NA,NA,NA,NA,NA,NA,NA,NA,NA,NA,NA,NA,NA,NA,NA,NA,NA
NA,NA,NA,NA,NA,NA,NA,NA,NA,NA,NA,NA,NA,NA,NA,NA,NA,NA,NA,NA,NA,NA
NA,NA,NA,NA,NA,NA,NA,NA,NA,NA,NA,NA,NA,NA,NA,NA,NA,NA,NA,NA,NA,NA
NA,NA,NA,NA,NA,NA,NA,NA,NA,NA,NA,NA,NA,NA,NA,NA,NA,NA,NA,NA,NA,NA
NA,NA,NA,NA,NA,NA,NA,NA,NA,NA,NA,NA,NA,NA,NA,NA,NA,NA,NA,NA,NA,NA
NA,NA,NA,NA,NA,NA,NA,NA,NA,NA,NA,NA,NA,NA,NA,NA,NA,NA,NA,NA,NA,NA
NA,NA,NA,NA,NA,NA,NA,NA,NA,NA,NA,NA,NA,NA,NA,NA,NA,NA,NA,NA,NA,NA
NA,NA,NA,NA,NA,NA,NA,NA,NA,NA,NA,NA,NA,NA,NA,NA,NA,NA,NA,NA,NA,NA
NA,NA,NA,NA,NA,NA,NA,NA,NA,NA,NA,NA,NA,NA,NA,NA,NA,NA,NA,NA,NA,NA
NA,NA,NA,NA,NA,NA,NA,NA,NA,NA,NA,NA,NA,NA,NA,NA,NA,NA,NA,NA,NA,NA
NA,NA,NA,NA,NA,NA,NA,NA,NA,NA,NA,NA,NA,NA,NA,NA,NA,NA,NA,NA,NA,NA
NA,NA,NA,NA,NA,NA,NA,NA,NA,NA,NA,NA,NA,NA,NA,NA,NA,NA,NA,NA,NA,NA
NA,NA,NA,NA,NA,NA,NA,NA,NA,NA,NA,NA,NA,NA,NA,NA,NA,NA,NA,NA,NA,NA
NA,NA,NA,NA,NA,NA,NA,NA,NA,NA,NA,NA,NA,NA,NA,NA,NA,NA,NA,NA,NA,NA
NA,NA,NA,NA,NA,NA,NA,NA,NA,NA,NA,NA,NA,NA,NA,NA,NA,NA,NA,NA,NA,NA
NA,NA,NA,NA,NA,NA,NA,NA,NA,NA,NA,NA,NA,NA,NA,NA,NA,NA,NA,NA,NA,NA
NA,NA,NA,NA,NA,NA,NA,NA,NA,NA,NA,NA,NA,NA,NA,NA,NA,NA,NA,NA,NA,NA
NA,NA,NA,NA,NA,NA,NA,NA,NA,NA,NA,NA,NA,NA,NA,NA,NA,NA,NA,NA,NA,NA
NA,NA,NA,NA,NA,NA,NA,NA,NA,NA,NA,NA,NA,NA,NA,NA,NA,NA,NA,NA,NA,NA
NA,NA,NA,NA,NA,NA,NA,NA,NA,NA,NA,NA,NA,NA,NA,NA,NA,NA,NA,NA,NA,NA
NA,NA,NA,NA,NA,NA,NA,NA,NA,NA,NA,NA,NA,NA,NA,NA,NA,NA,NA,NA,NA,NA
NA,NA,NA,NA,NA,NA,NA,NA,NA,NA,NA,NA,NA,NA,NA,NA,NA,NA,NA,NA,NA,NA
NA,NA,NA,NA,NA,NA,NA,NA,NA,NA,NA,NA,NA,NA,NA,NA,NA,NA,NA,NA,NA,NA
NA,NA,NA,NA,NA,NA,NA,NA,NA,NA,NA,NA,NA,NA,NA,NA,NA,NA,NA,NA,NA,NA
NA,NA,NA,NA,NA,NA,NA,NA,NA,NA,NA,NA,NA,NA,NA,NA,NA,NA,NA,NA,NA,NA
NA,NA,NA,NA,NA,NA,NA,NA,NA,NA,NA,NA,NA,NA,NA,NA,NA,NA,NA,NA,NA,NA
NA,NA,NA,NA,NA,NA,NA,NA,NA,NA,NA,NA,NA,NA,NA,NA,NA,NA,NA,NA,NA,NA
NA,NA,NA,NA,NA,NA,NA,NA,NA,NA,NA,NA,NA,NA,NA,NA,NA,NA,NA,NA,NA,NA
NA,NA,NA,NA,NA,NA,NA,NA,NA,NA,NA,NA,NA,NA,NA,NA,NA,NA,NA,NA,NA,NA
NA,NA,NA,NA,NA,NA,NA,NA,NA,NA,NA,NA,NA,NA,NA,NA,NA,NA,NA,NA,NA,NA
NA,NA,NA,NA,NA,NA,NA,NA,NA,NA,NA,NA,NA,NA,NA,NA,NA,NA,NA,NA,NA,NA
NA,NA,NA,NA,NA,NA,NA,NA,NA,NA,NA,NA,NA,NA,NA,NA,NA,NA,NA,NA,NA,NA
NA,NA,NA,NA,NA,NA,NA,NA,NA,NA,NA,NA,NA,NA,NA,NA,NA,NA,NA,NA,NA,NA
NA,NA,NA,NA,NA,NA,NA,NA,NA,NA,NA,NA,NA,NA,NA,NA,NA,NA,NA,NA,NA,NA
NA,NA,NA,NA,NA,NA,NA,NA,NA,NA,NA,NA,NA,NA,NA,NA,NA,NA,NA,NA,NA,NA
NA,NA,NA,NA,NA,NA,NA,NA,NA,NA,NA,NA,NA,NA,NA,NA,NA,NA,NA,NA,NA,NA
NA,NA,NA,NA,NA,NA,NA,NA,NA,NA,NA,NA,NA,NA,NA,NA,NA,NA,NA,NA,NA,NA
NA,NA,NA,NA,NA,NA,NA,NA,NA,NA,NA,NA,NA,NA,NA,NA,NA,NA,NA,NA,NA,NA
NA,NA,NA,NA,NA,NA,NA,NA,NA,NA,NA,NA,NA,NA,NA,NA,NA,NA,NA,NA,NA,NA
NA,NA,NA,NA,NA,NA,NA,NA,NA,NA,NA,NA,NA,NA,NA,NA,NA,NA,NA,NA,NA,NA
NA,NA,NA,NA,NA,NA,NA,NA,NA,NA,NA,NA,NA,NA,NA,NA,NA,NA,NA,NA,NA,NA
NA,NA,NA,NA,NA,NA,NA,NA,NA,NA,NA,NA,NA,NA,NA,NA,NA,NA,NA,NA,NA,NA
NA,NA,NA,NA,NA,NA,NA,NA,NA,NA,NA,NA,NA,NA,NA,NA,NA,NA,NA,NA,NA,NA
NA,NA,NA,NA,NA,NA,NA,NA,NA,NA,NA,NA,NA,NA,NA,NA,NA,NA,NA,NA,NA,NA
NA,NA,NA,NA,NA,NA,NA,NA,NA,NA,NA,NA,NA,NA,NA,NA,NA,NA,NA,NA,NA,NA
NA,NA,NA,NA,NA,NA,NA,NA,NA,NA,NA,NA,NA,NA,NA,NA,NA,NA,NA,NA,NA,NA
NA,NA,NA,NA,NA,NA,NA,NA,NA,NA,NA,NA,NA,NA,NA,NA,NA,NA,NA,NA,NA,NA
NA,NA,NA,NA,NA,NA,NA,NA,NA,NA,NA,NA,NA,NA,NA,NA,NA,NA,NA,NA,NA,NA
NA,NA,NA,NA,NA,NA,NA,NA,NA,NA,NA,NA,NA,NA,NA,NA,NA,NA,NA,NA,NA,NA
NA,NA,NA,NA,NA,NA,NA,NA,NA,NA,NA,NA,NA,NA,NA,NA,NA,NA,NA,NA,NA,NA
NA,NA,NA,NA,NA,NA,NA,NA,NA,NA,NA,NA,NA,NA,NA,NA,NA,NA,NA,NA,NA,NA
NA,NA,NA,NA,NA,NA,NA,NA,NA,NA,NA,NA,NA,NA,NA,NA,NA,NA,NA,NA,NA,NA
NA,NA,NA,NA,NA,NA,NA,NA,NA,NA,NA,NA,NA,NA,NA,NA,NA,NA,NA,NA,NA,NA
NA,NA,NA,NA,NA,NA,NA,NA,NA,NA,NA,NA,NA,NA,NA,NA,NA,NA,NA,NA,NA,NA
NA,NA,NA,NA,NA,NA,NA,NA,NA,NA,NA,NA,NA,NA,NA,NA,NA,NA,NA,NA,NA,NA
NA,NA,NA,NA,NA,NA,NA,NA,NA,NA,NA,NA,NA,NA,NA,NA,NA,NA,NA,NA,NA,NA
NA,NA,NA,NA,NA,NA,NA,NA,NA,NA,NA,NA,NA,NA,NA,NA,NA,NA,NA,NA,NA,NA
NA,NA,NA,NA,NA,NA,NA,NA,NA,NA,NA,NA,NA,NA,NA,NA,NA,NA,NA,NA,NA,NA
NA,NA,NA,NA,NA,NA,NA,NA,NA,NA,NA,NA,NA,NA,NA,NA,NA,NA,NA,NA,NA,NA
NA,NA,NA,NA,NA,NA,NA,NA,NA,NA,NA,NA,NA,NA,NA,NA,NA,NA,NA,NA,NA,NA
NA,NA,NA,NA,NA,NA,NA,NA,NA,NA,NA,NA,NA,NA,NA,NA,NA,NA,NA,NA,NA,NA
NA,NA,NA,NA,NA,NA,NA,NA,NA,NA,NA,NA,NA,NA,NA,NA,NA,NA,NA,NA,NA,NA
NA,NA,NA,NA,NA,NA,NA,NA,NA,NA,NA,NA,NA,NA,NA,NA,NA,NA,NA,NA,NA,NA
NA,NA,NA,NA,NA,NA,NA,NA,NA,NA,NA,NA,NA,NA,NA,NA,NA,NA,NA,NA,NA,NA
NA,NA,NA,NA,NA,NA,NA,NA,NA,NA,NA,NA,NA,NA,NA,NA,NA,NA,NA,NA,NA,NA
NA,NA,NA,NA,NA,NA,NA,NA,NA,NA,NA,NA,NA,NA,NA,NA,NA,NA,NA,NA,NA,NA
NA,NA,NA,NA,NA,NA,NA,NA,NA,NA,NA,NA,NA,NA,NA,NA,NA,NA,NA,NA,NA,NA
NA,NA,NA,NA,NA,NA,NA,NA,NA,NA,NA,NA,NA,NA,NA,NA,NA,NA,NA,NA,NA,NA
NA,NA,NA,NA,NA,NA,NA,NA,NA,NA,NA,NA,NA,NA,NA,NA,NA,NA,NA,NA,NA,NA
NA,NA,NA,NA,NA,NA,NA,NA,NA,NA,NA,NA,NA,NA,NA,NA,NA,NA,NA,NA,NA,NA
NA,NA,NA,NA,NA,NA,NA,NA,NA,NA,NA,NA,NA,NA,NA,NA,NA,NA,NA,NA,NA,NA
NA,NA,NA,NA,NA,NA,NA,NA,NA,NA,NA,NA,NA,NA,NA,NA,NA,NA,NA,NA,NA,NA
NA,NA,NA,NA,NA,NA,NA,NA,NA,NA,NA,NA,NA,NA,NA,NA,NA,NA,NA,NA,NA,NA
NA,NA,NA,NA,NA,NA,NA,NA,NA,NA,NA,NA,NA,NA,NA,NA,NA,NA,NA,NA,NA,NA
NA,NA,NA,NA,NA,NA,NA,NA,NA,NA,NA,NA,NA,NA,NA,NA,NA,NA,NA,NA,NA,NA
NA,NA,NA,NA,NA,NA,NA,NA,NA,NA,NA,NA,NA,NA,NA,NA,NA,NA,NA,NA,NA,NA
NA,NA,NA,NA,NA,NA,NA,NA,NA,NA,NA,NA,NA,NA,NA,NA,NA,NA,NA,NA,NA,NA
NA,NA,NA,NA,NA,NA,NA,NA,NA,NA,NA,NA,NA,NA,NA,NA,NA,NA,NA,NA,NA,NA
NA,NA,NA,NA,NA,NA,NA,NA,NA,NA,NA,NA,NA,NA,NA,NA,NA,NA,NA,NA,NA,NA
NA,NA,NA,NA,NA,NA,NA,NA,NA,NA,NA,NA,NA,NA,NA,NA,NA,NA,NA,NA,NA,NA
NA,NA,NA,NA,NA,NA,NA,NA,NA,NA,NA,NA,NA,NA,NA,NA,NA,NA,NA,NA,NA,NA
NA,NA,NA,NA,NA,NA,NA,NA,NA,NA,NA,NA,NA,NA,NA,NA,NA,NA,NA,NA,NA,NA
NA,NA,NA,NA,NA,NA,NA,NA,NA,NA,NA,NA,NA,NA,NA,NA,NA,NA,NA,NA,NA,NA
NA,NA,NA,NA,NA,NA,NA,NA,NA,NA,NA,NA,NA,NA,NA,NA,NA,NA,NA,NA,NA,NA
NA,NA,NA,NA,NA,NA,NA,NA,NA,NA,NA,NA,NA,NA,NA,NA,NA,NA,NA,NA,NA,NA
NA,NA,NA,NA,NA,NA,NA,NA,NA,NA,NA,NA,NA,NA,NA,NA,NA,NA,NA,NA,NA,NA
NA,NA,NA,NA,NA,NA,NA,NA,NA,NA,NA,NA,NA,NA,NA,NA,NA,NA,NA,NA,NA,NA
NA,NA,NA,NA,NA,NA,NA,NA,NA,NA,NA,NA,NA,NA,NA,NA,NA,NA,NA,NA,NA,NA
NA,NA,NA,NA,NA,NA,NA,NA,NA,NA,NA,NA,NA,NA,NA,NA,NA,NA,NA,NA,NA,NA
NA,NA,NA,NA,NA,NA,NA,NA,NA,NA,NA,NA,NA,NA,NA,NA,NA,NA,NA,NA,NA,NA
NA,NA,NA,NA,NA,NA,NA,NA,NA,NA,NA,NA,NA,NA,NA,NA,NA,NA,NA,NA,NA,NA
NA,NA,NA,NA,NA,NA,NA,NA,NA,NA,NA,NA,NA,NA,NA,NA,NA,NA,NA,NA,NA,NA
NA,NA,NA,NA,NA,NA,NA,NA,NA,NA,NA,NA,NA,NA,NA,NA,NA,NA,NA,NA,NA,NA
NA,NA,NA,NA,NA,NA,NA,NA,NA,NA,NA,NA,NA,NA,NA,NA,NA,NA,NA,NA,NA,NA
NA,NA,NA,NA,NA,NA,NA,NA,NA,NA,NA,NA,NA,NA,NA,NA,NA,NA,NA,NA,NA,NA
NA,NA,NA,NA,NA,NA,NA,NA,NA,NA,NA,NA,NA,NA,NA,NA,NA,NA,NA,NA,NA,NA
NA,NA,NA,NA,NA,NA,NA,NA,NA,NA,NA,NA,NA,NA,NA,NA,NA,NA,NA,NA,NA,NA
NA,NA,NA,NA,NA,NA,NA,NA,NA,NA,NA,NA,NA,NA,NA,NA,NA,NA,NA,NA,NA,NA
NA,NA,NA,NA,NA,NA,NA,NA,NA,NA,NA,NA,NA,NA,NA,NA,NA,NA,NA,NA,NA,NA
NA,NA,NA,NA,NA,NA,NA,NA,NA,NA,NA,NA,NA,NA,NA,NA,NA,NA,NA,NA,NA,NA
NA,NA,NA,NA,NA,NA,NA,NA,NA,NA,NA,NA,NA,NA,NA,NA,NA,NA,NA,NA,NA,NA
NA,NA,NA,NA,NA,NA,NA,NA,NA,NA,NA,NA,NA,NA,NA,NA,NA,NA,NA,NA,NA,NA
NA,NA,NA,NA,NA,NA,NA,NA,NA,NA,NA,NA,NA,NA,NA,NA,NA,NA,NA,NA,NA,NA
NA,NA,NA,NA,NA,NA,NA,NA,NA,NA,NA,NA,NA,NA,NA,NA,NA,NA,NA,NA,NA,NA
NA,NA,NA,NA,NA,NA,NA,NA,NA,NA,NA,NA,NA,NA,NA,NA,NA,NA,NA,NA,NA,NA
NA,NA,NA,NA,NA,NA,NA,NA,NA,NA,NA,NA,NA,NA,NA,NA,NA,NA,NA,NA,NA,NA
NA,NA,NA,NA,NA,NA,NA,NA,NA,NA,NA,NA,NA,NA,NA,NA,NA,NA,NA,NA,NA,NA
NA,NA,NA,NA,NA,NA,NA,NA,NA,NA,NA,NA,NA,NA,NA,NA,NA,NA,NA,NA,NA,NA
NA,NA,NA,NA,NA,NA,NA,NA,NA,NA,NA,NA,NA,NA,NA,NA,NA,NA,NA,NA,NA,NA
NA,NA,NA,NA,NA,NA,NA,NA,NA,NA,NA,NA,NA,NA,NA,NA,NA,NA,NA,NA,NA,NA
NA,NA,NA,NA,NA,NA,NA,NA,NA,NA,NA,NA,NA,NA,NA,NA,NA,NA,NA,NA,NA,NA
NA,NA,NA,NA,NA,NA,NA,NA,NA,NA,NA,NA,NA,NA,NA,NA,NA,NA,NA,NA,NA,NA
NA,NA,NA,NA,NA,NA,NA,NA,NA,NA,NA,NA,NA,NA,NA,NA,NA,NA,NA,NA,NA,NA
NA,NA,NA,NA,NA,NA,NA,NA,NA,NA,NA,NA,NA,NA,NA,NA,NA,NA,NA,NA,NA,NA
NA,NA,NA,NA,NA,NA,NA,NA,NA,NA,NA,NA,NA,NA,NA,NA,NA,NA,NA,NA,NA,NA
NA,NA,NA,NA,NA,NA,NA,NA,NA,NA,NA,NA,NA,NA,NA,NA,NA,NA,NA,NA,NA,NA
NA,NA,NA,NA,NA,NA,NA,NA,NA,NA,NA,NA,NA,NA,NA,NA,NA,NA,NA,NA,NA,NA
NA,NA,NA,NA,NA,NA,NA,NA,NA,NA,NA,NA,NA,NA,NA,NA,NA,NA,NA,NA,NA,NA
NA,NA,NA,NA,NA,NA,NA,NA,NA,NA,NA,NA,NA,NA,NA,NA,NA,NA,NA,NA,NA,NA
NA,NA,NA,NA,NA,NA,NA,NA,NA,NA,NA,NA,NA,NA,NA,NA,NA,NA,NA,NA,NA,NA
NA,NA,NA,NA,NA,NA,NA,NA,NA,NA,NA,NA,NA,NA,NA,NA,NA,NA,NA,NA,NA,NA
NA,NA,NA,NA,NA,NA,NA,NA,NA,NA,NA,NA,NA,NA,NA,NA,NA,NA,NA,NA,NA,NA
NA,NA,NA,NA,NA,NA,NA,NA,NA,NA,NA,NA,NA,NA,NA,NA,NA,NA,NA,NA,NA,NA
NA,NA,NA,NA,NA,NA,NA,NA,NA,NA,NA,NA,NA,NA,NA,NA,NA,NA,NA,NA,NA,NA
NA,NA,NA,NA,NA,NA,NA,NA,NA,NA,NA,NA,NA,NA,NA,NA,NA,NA,NA,NA,NA,NA
NA,NA,NA,NA,NA,NA,NA,NA,NA,NA,NA,NA,NA,NA,NA,NA,NA,NA,NA,NA,NA,NA
NA,NA,NA,NA,NA,NA,NA,NA,NA,NA,NA,NA,NA,NA,NA,NA,NA,NA,NA,NA,NA,NA
NA,NA,NA,NA,NA,NA,NA,NA,NA,NA,NA,NA,NA,NA,NA,NA,NA,NA,NA,NA,NA,NA
NA,NA,NA,NA,NA,NA,NA,NA,NA,NA,NA,NA,NA,NA,NA,NA,NA,NA,NA,NA,NA,NA
NA,NA,NA,NA,NA,NA,NA,NA,NA,NA,NA,NA,NA,NA,NA,NA,NA,NA,NA,NA,NA,NA
NA,NA,NA,NA,NA,NA,NA,NA,NA,NA,NA,NA,NA,NA,NA,NA,NA,NA,NA,NA,NA,NA
NA,NA,NA,NA,NA,NA,NA,NA,NA,NA,NA,NA,NA,NA,NA,NA,NA,NA,NA,NA,NA,NA
NA,NA,NA,NA,NA,NA,NA,NA,NA,NA,NA,NA,NA,NA,NA,NA,NA,NA,NA,NA,NA,NA
NA,NA,NA,NA,NA,NA,NA,NA,NA,NA,NA,NA,NA,NA,NA,NA,NA,NA,NA,NA,NA,NA
NA,NA,NA,NA,NA,NA,NA,NA,NA,NA,NA,NA,NA,NA,NA,NA,NA,NA,NA,NA,NA,NA
NA,NA,NA,NA,NA,NA,NA,NA,NA,NA,NA,NA,NA,NA,NA,NA,NA,NA,NA,NA,NA,NA
NA,NA,NA,NA,NA,NA,NA,NA,NA,NA,NA,NA,NA,NA,NA,NA,NA,NA,NA,NA,NA,NA
NA,NA,NA,NA,NA,NA,NA,NA,NA,NA,NA,NA,NA,NA,NA,NA,NA,NA,NA,NA,NA,NA
NA,NA,NA,NA,NA,NA,NA,NA,NA,NA,NA,NA,NA,NA,NA,NA,NA,NA,NA,NA,NA,NA
NA,NA,NA,NA,NA,NA,NA,NA,NA,NA,NA,NA,NA,NA,NA,NA,NA,NA,NA,NA,NA,NA
NA,NA,NA,NA,NA,NA,NA,NA,NA,NA,NA,NA,NA,NA,NA,NA,NA,NA,NA,NA,NA,NA
NA,NA,NA,NA,NA,NA,NA,NA,NA,NA,NA,NA,NA,NA,NA,NA,NA,NA,NA,NA,NA,NA
NA,NA,NA,NA,NA,NA,NA,NA,NA,NA,NA,NA,NA,NA,NA,NA,NA,NA,NA,NA,NA,NA
NA,NA,NA,NA,NA,NA,NA,NA,NA,NA,NA,NA,NA,NA,NA,NA,NA,NA,NA,NA,NA,NA
NA,NA,NA,NA,NA,NA,NA,NA,NA,NA,NA,NA,NA,NA,NA,NA,NA,NA,NA,NA,NA,NA
NA,NA,NA,NA,NA,NA,NA,NA,NA,NA,NA,NA,NA,NA,NA,NA,NA,NA,NA,NA,NA,NA
NA,NA,NA,NA,NA,NA,NA,NA,NA,NA,NA,NA,NA,NA,NA,NA,NA,NA,NA,NA,NA,NA
NA,NA,NA,NA,NA,NA,NA,NA,NA,NA,NA,NA,NA,NA,NA,NA,NA,NA,NA,NA,NA,NA
NA,NA,NA,NA,NA,NA,NA,NA,NA,NA,NA,NA,NA,NA,NA,NA,NA,NA,NA,NA,NA,NA
NA,NA,NA,NA,NA,NA,NA,NA,NA,NA,NA,NA,NA,NA,NA,NA,NA,NA,NA,NA,NA,NA
NA,NA,NA,NA,NA,NA,NA,NA,NA,NA,NA,NA,NA,NA,NA,NA,NA,NA,NA,NA,NA,NA
NA,NA,NA,NA,NA,NA,NA,NA,NA,NA,NA,NA,NA,NA,NA,NA,NA,NA,NA,NA,NA,NA
NA,NA,NA,NA,NA,NA,NA,NA,NA,NA,NA,NA,NA,NA,NA,NA,NA,NA,NA,NA,NA,NA
NA,NA,NA,NA,NA,NA,NA,NA,NA,NA,NA,NA,NA,NA,NA,NA,NA,NA,NA,NA,NA,NA
NA,NA,NA,NA,NA,NA,NA,NA,NA,NA,NA,NA,NA,NA,NA,NA,NA,NA,NA,NA,NA,NA
NA,NA,NA,NA,NA,NA,NA,NA,NA,NA,NA,NA,NA,NA,NA,NA,NA,NA,NA,NA,NA,NA
NA,NA,NA,NA,NA,NA,NA,NA,NA,NA,NA,NA,NA,NA,NA,NA,NA,NA,NA,NA,NA,NA
NA,NA,NA,NA,NA,NA,NA,NA,NA,NA,NA,NA,NA,NA,NA,NA,NA,NA,NA,NA,NA,NA
NA,NA,NA,NA,NA,NA,NA,NA,NA,NA,NA,NA,NA,NA,NA,NA,NA,NA,NA,NA,NA,NA
NA,NA,NA,NA,NA,NA,NA,NA,NA,NA,NA,NA,NA,NA,NA,NA,NA,NA,NA,NA,NA,NA
NA,NA,NA,NA,NA,NA,NA,NA,NA,NA,NA,NA,NA,NA,NA,NA,NA,NA,NA,NA,NA,NA
NA,NA,NA,NA,NA,NA,NA,NA,NA,NA,NA,NA,NA,NA,NA,NA,NA,NA,NA,NA,NA,NA
NA,NA,NA,NA,NA,NA,NA,NA,NA,NA,NA,NA,NA,NA,NA,NA,NA,NA,NA,NA,NA,NA
NA,NA,NA,NA,NA,NA,NA,NA,NA,NA,NA,NA,NA,NA,NA,NA,NA,NA,NA,NA,NA,NA
NA,NA,NA,NA,NA,NA,NA,NA,NA,NA,NA,NA,NA,NA,NA,NA,NA,NA,NA,NA,NA,NA
2003-10-13,2003-10-13,NA,NA,salinas_socs,SOC_conc_mg_kg,elemental_analysis,13815,1,NA,NA,socs_sys3,1,0,0,30,10.1016/j.dib.2020.106481,FILLED_ZOTERO_XLSX,Zotero Supplementary Table 1,white_salinas_2020,mg C kg-1 soil,replicate
2003-10-13,2003-10-13,NA,NA,salinas_socs,SOC_stock_Mg_ha,elemental_analysis,57,1,NA,NA,socs_sys3,1,0,0,30,10.1016/j.dib.2020.106481,FILLED_ZOTERO_XLSX,Zotero Supplementary Table 1,white_salinas_2020,Mg C ha-1,replicate
2003-10-13,2003-10-13,NA,NA,salinas_socs,SOC_conc_mg_kg,elemental_analysis,11367,1,NA,NA,socs_sys3,2,0,0,30,10.1016/j.dib.2020.106481,FILLED_ZOTERO_XLSX,Zotero Supplementary Table 1,white_salinas_2020,mg C kg-1 soil,replicate
2003-10-13,2003-10-13,NA,NA,salinas_socs,SOC_stock_Mg_ha,elemental_analysis,47,1,NA,NA,socs_sys3,2,0,0,30,10.1016/j.dib.2020.106481,FILLED_ZOTERO_XLSX,Zotero Supplementary Table 1,white_salinas_2020,Mg C ha-1,replicate
2003-10-13,2003-10-13,NA,NA,salinas_socs,SOC_conc_mg_kg,elemental_analysis,10000,1,NA,NA,socs_sys3,3,0,0,30,10.1016/j.dib.2020.106481,FILLED_ZOTERO_XLSX,Zotero Supplementary Table 1,white_salinas_2020,mg C kg-1 soil,replicate
2003-10-13,2003-10-13,NA,NA,salinas_socs,SOC_stock_Mg_ha,elemental_analysis,42,1,NA,NA,socs_sys3,3,0,0,30,10.1016/j.dib.2020.106481,FILLED_ZOTERO_XLSX,Zotero Supplementary Table 1,white_salinas_2020,Mg C ha-1,replicate
2003-10-13,2003-10-13,NA,NA,salinas_socs,SOC_conc_mg_kg,elemental_analysis,11953,1,NA,NA,socs_sys3,4,0,0,30,10.1016/j.dib.2020.106481,FILLED_ZOTERO_XLSX,Zotero Supplementary Table 1,white_salinas_2020,mg C kg-1 soil,replicate
2003-10-13,2003-10-13,NA,NA,salinas_socs,SOC_stock_Mg_ha,elemental_analysis,50,1,NA,NA,socs_sys3,4,0,0,30,10.1016/j.dib.2020.106481,FILLED_ZOTERO_XLSX,Zotero Supplementary Table 1,white_salinas_2020,Mg C ha-1,replicate
2003-10-13,2003-10-13,NA,NA,salinas_socs,SOC_conc_mg_kg,elemental_analysis,13588,1,NA,NA,socs_sys6,1,0,0,30,10.1016/j.dib.2020.106481,FILLED_ZOTERO_XLSX,Zotero Supplementary Table 1,white_salinas_2020,mg C kg-1 soil,replicate
2003-10-13,2003-10-13,NA,NA,salinas_socs,SOC_stock_Mg_ha,elemental_analysis,56,1,NA,NA,socs_sys6,1,0,0,30,10.1016/j.dib.2020.106481,FILLED_ZOTERO_XLSX,Zotero Supplementary Table 1,white_salinas_2020,Mg C ha-1,replicate
2003-10-13,2003-10-13,NA,NA,salinas_socs,SOC_conc_mg_kg,elemental_analysis,11115,1,NA,NA,socs_sys6,2,0,0,30,10.1016/j.dib.2020.106481,FILLED_ZOTERO_XLSX,Zotero Supplementary Table 1,white_salinas_2020,mg C kg-1 soil,replicate
2003-10-13,2003-10-13,NA,NA,salinas_socs,SOC_stock_Mg_ha,elemental_analysis,46,1,NA,NA,socs_sys6,2,0,0,30,10.1016/j.dib.2020.106481,FILLED_ZOTERO_XLSX,Zotero Supplementary Table 1,white_salinas_2020,Mg C ha-1,replicate
2003-10-13,2003-10-13,NA,NA,salinas_socs,SOC_conc_mg_kg,elemental_analysis,11783,1,NA,NA,socs_sys6,3,0,0,30,10.1016/j.dib.2020.106481,FILLED_ZOTERO_XLSX,Zotero Supplementary Table 1,white_salinas_2020,mg C kg-1 soil,replicate
2003-10-13,2003-10-13,NA,NA,salinas_socs,SOC_stock_Mg_ha,elemental_analysis,49,1,NA,NA,socs_sys6,3,0,0,30,10.1016/j.dib.2020.106481,FILLED_ZOTERO_XLSX,Zotero Supplementary Table 1,white_salinas_2020,Mg C ha-1,replicate
2003-10-13,2003-10-13,NA,NA,salinas_socs,SOC_conc_mg_kg,elemental_analysis,12079,1,NA,NA,socs_sys6,4,0,0,30,10.1016/j.dib.2020.106481,FILLED_ZOTERO_XLSX,Zotero Supplementary Table 1,white_salinas_2020,mg C kg-1 soil,replicate
2003-10-13,2003-10-13,NA,NA,salinas_socs,SOC_stock_Mg_ha,elemental_analysis,50,1,NA,NA,socs_sys6,4,0,0,30,10.1016/j.dib.2020.106481,FILLED_ZOTERO_XLSX,Zotero Supplementary Table 1,white_salinas_2020,Mg C ha-1,replicate
2003-10-13,2003-10-13,NA,NA,salinas_socs,SOC_conc_mg_kg,elemental_analysis,12660,1,NA,NA,socs_sys8,1,0,0,30,10.1016/j.dib.2020.106481,FILLED_ZOTERO_XLSX,Zotero Supplementary Table 1,white_salinas_2020,mg C kg-1 soil,replicate
2003-10-13,2003-10-13,NA,NA,salinas_socs,SOC_stock_Mg_ha,elemental_analysis,53,1,NA,NA,socs_sys8,1,0,0,30,10.1016/j.dib.2020.106481,FILLED_ZOTERO_XLSX,Zotero Supplementary Table 1,white_salinas_2020,Mg C ha-1,replicate
2003-10-13,2003-10-13,NA,NA,salinas_socs,SOC_conc_mg_kg,elemental_analysis,12253,1,NA,NA,socs_sys8,2,0,0,30,10.1016/j.dib.2020.106481,FILLED_ZOTERO_XLSX,Zotero Supplementary Table 1,white_salinas_2020,mg C kg-1 soil,replicate
2003-10-13,2003-10-13,NA,NA,salinas_socs,SOC_stock_Mg_ha,elemental_analysis,51,1,NA,NA,socs_sys8,2,0,0,30,10.1016/j.dib.2020.106481,FILLED_ZOTERO_XLSX,Zotero Supplementary Table 1,white_salinas_2020,Mg C ha-1,replicate
2003-10-13,2003-10-13,NA,NA,salinas_socs,SOC_conc_mg_kg,elemental_analysis,10233,1,NA,NA,socs_sys8,3,0,0,30,10.1016/j.dib.2020.106481,FILLED_ZOTERO_XLSX,Zotero Supplementary Table 1,white_salinas_2020,mg C kg-1 soil,replicate
2003-10-13,2003-10-13,NA,NA,salinas_socs,SOC_stock_Mg_ha,elemental_analysis,43,1,NA,NA,socs_sys8,3,0,0,30,10.1016/j.dib.2020.106481,FILLED_ZOTERO_XLSX,Zotero Supplementary Table 1,white_salinas_2020,Mg C ha-1,replicate
2003-10-13,2003-10-13,NA,NA,salinas_socs,SOC_conc_mg_kg,elemental_analysis,9533,1,NA,NA,socs_sys8,4,0,0,30,10.1016/j.dib.2020.106481,FILLED_ZOTERO_XLSX,Zotero Supplementary Table 1,white_salinas_2020,mg C kg-1 soil,replicate
2003-10-13,2003-10-13,NA,NA,salinas_socs,SOC_stock_Mg_ha,elemental_analysis,40,1,NA,NA,socs_sys8,4,0,0,30,10.1016/j.dib.2020.106481,FILLED_ZOTERO_XLSX,Zotero Supplementary Table 1,white_salinas_2020,Mg C ha-1,replicate
2004-10-01,2004-11-01,NA,NA,salinas_socs,SOC_conc_mg_kg,elemental_analysis,4611,1,NA,NA,socs_sys3,1,1,0,30,10.1016/j.dib.2020.106481,FILLED_ZOTERO_XLSX,Zotero Supplementary Table 1,white_salinas_2020,mg C kg-1 soil,replicate
2004-10-01,2004-11-01,NA,NA,salinas_socs,SOC_stock_Mg_ha,elemental_analysis,20,1,NA,NA,socs_sys3,1,1,0,30,10.1016/j.dib.2020.106481,FILLED_ZOTERO_XLSX,Zotero Supplementary Table 1,white_salinas_2020,Mg C ha-1,replicate
2004-10-01,2004-11-01,NA,NA,salinas_socs,SOC_conc_mg_kg,elemental_analysis,2793,1,NA,NA,socs_sys3,2,1,0,30,10.1016/j.dib.2020.106481,FILLED_ZOTERO_XLSX,Zotero Supplementary Table 1,white_salinas_2020,mg C kg-1 soil,replicate
2004-10-01,2004-11-01,NA,NA,salinas_socs,SOC_stock_Mg_ha,elemental_analysis,12,1,NA,NA,socs_sys3,2,1,0,30,10.1016/j.dib.2020.106481,FILLED_ZOTERO_XLSX,Zotero Supplementary Table 1,white_salinas_2020,Mg C ha-1,replicate
2004-10-01,2004-11-01,NA,NA,salinas_socs,SOC_conc_mg_kg,elemental_analysis,3756,1,NA,NA,socs_sys3,3,1,0,30,10.1016/j.dib.2020.106481,FILLED_ZOTERO_XLSX,Zotero Supplementary Table 1,white_salinas_2020,mg C kg-1 soil,replicate
2004-10-01,2004-11-01,NA,NA,salinas_socs,SOC_stock_Mg_ha,elemental_analysis,16,1,NA,NA,socs_sys3,3,1,0,30,10.1016/j.dib.2020.106481,FILLED_ZOTERO_XLSX,Zotero Supplementary Table 1,white_salinas_2020,Mg C ha-1,replicate
2004-10-01,2004-11-01,NA,NA,salinas_socs,SOC_conc_mg_kg,elemental_analysis,8157,1,NA,NA,socs_sys3,4,1,0,30,10.1016/j.dib.2020.106481,FILLED_ZOTERO_XLSX,Zotero Supplementary Table 1,white_salinas_2020,mg C kg-1 soil,replicate
2004-10-01,2004-11-01,NA,NA,salinas_socs,SOC_stock_Mg_ha,elemental_analysis,34,1,NA,NA,socs_sys3,4,1,0,30,10.1016/j.dib.2020.106481,FILLED_ZOTERO_XLSX,Zotero Supplementary Table 1,white_salinas_2020,Mg C ha-1,replicate
2004-10-01,2004-11-01,NA,NA,salinas_socs,SOC_conc_mg_kg,elemental_analysis,5057,1,NA,NA,socs_sys6,1,1,0,30,10.1016/j.dib.2020.106481,FILLED_ZOTERO_XLSX,Zotero Supplementary Table 1,white_salinas_2020,mg C kg-1 soil,replicate
2004-10-01,2004-11-01,NA,NA,salinas_socs,SOC_stock_Mg_ha,elemental_analysis,22,1,NA,NA,socs_sys6,1,1,0,30,10.1016/j.dib.2020.106481,FILLED_ZOTERO_XLSX,Zotero Supplementary Table 1,white_salinas_2020,Mg C ha-1,replicate
2004-10-01,2004-11-01,NA,NA,salinas_socs,SOC_conc_mg_kg,elemental_analysis,3948,1,NA,NA,socs_sys6,2,1,0,30,10.1016/j.dib.2020.106481,FILLED_ZOTERO_XLSX,Zotero Supplementary Table 1,white_salinas_2020,mg C kg-1 soil,replicate
2004-10-01,2004-11-01,NA,NA,salinas_socs,SOC_stock_Mg_ha,elemental_analysis,17,1,NA,NA,socs_sys6,2,1,0,30,10.1016/j.dib.2020.106481,FILLED_ZOTERO_XLSX,Zotero Supplementary Table 1,white_salinas_2020,Mg C ha-1,replicate
2004-10-01,2004-11-01,NA,NA,salinas_socs,SOC_conc_mg_kg,elemental_analysis,3256,1,NA,NA,socs_sys6,3,1,0,30,10.1016/j.dib.2020.106481,FILLED_ZOTERO_XLSX,Zotero Supplementary Table 1,white_salinas_2020,mg C kg-1 soil,replicate
2004-10-01,2004-11-01,NA,NA,salinas_socs,SOC_stock_Mg_ha,elemental_analysis,14,1,NA,NA,socs_sys6,3,1,0,30,10.1016/j.dib.2020.106481,FILLED_ZOTERO_XLSX,Zotero Supplementary Table 1,white_salinas_2020,Mg C ha-1,replicate
2004-10-01,2004-11-01,NA,NA,salinas_socs,SOC_conc_mg_kg,elemental_analysis,4720,1,NA,NA,socs_sys6,4,1,0,30,10.1016/j.dib.2020.106481,FILLED_ZOTERO_XLSX,Zotero Supplementary Table 1,white_salinas_2020,mg C kg-1 soil,replicate
2004-10-01,2004-11-01,NA,NA,salinas_socs,SOC_stock_Mg_ha,elemental_analysis,20,1,NA,NA,socs_sys6,4,1,0,30,10.1016/j.dib.2020.106481,FILLED_ZOTERO_XLSX,Zotero Supplementary Table 1,white_salinas_2020,Mg C ha-1,replicate
2004-10-01,2004-11-01,NA,NA,salinas_socs,SOC_conc_mg_kg,elemental_analysis,4329,1,NA,NA,socs_sys8,1,1,0,30,10.1016/j.dib.2020.106481,FILLED_ZOTERO_XLSX,Zotero Supplementary Table 1,white_salinas_2020,mg C kg-1 soil,replicate
2004-10-01,2004-11-01,NA,NA,salinas_socs,SOC_stock_Mg_ha,elemental_analysis,19,1,NA,NA,socs_sys8,1,1,0,30,10.1016/j.dib.2020.106481,FILLED_ZOTERO_XLSX,Zotero Supplementary Table 1,white_salinas_2020,Mg C ha-1,replicate
2004-10-01,2004-11-01,NA,NA,salinas_socs,SOC_conc_mg_kg,elemental_analysis,2684,1,NA,NA,socs_sys8,2,1,0,30,10.1016/j.dib.2020.106481,FILLED_ZOTERO_XLSX,Zotero Supplementary Table 1,white_salinas_2020,mg C kg-1 soil,replicate
2004-10-01,2004-11-01,NA,NA,salinas_socs,SOC_stock_Mg_ha,elemental_analysis,12,1,NA,NA,socs_sys8,2,1,0,30,10.1016/j.dib.2020.106481,FILLED_ZOTERO_XLSX,Zotero Supplementary Table 1,white_salinas_2020,Mg C ha-1,replicate
2004-10-01,2004-11-01,NA,NA,salinas_socs,SOC_conc_mg_kg,elemental_analysis,2894,1,NA,NA,socs_sys8,3,1,0,30,10.1016/j.dib.2020.106481,FILLED_ZOTERO_XLSX,Zotero Supplementary Table 1,white_salinas_2020,mg C kg-1 soil,replicate
2004-10-01,2004-11-01,NA,NA,salinas_socs,SOC_stock_Mg_ha,elemental_analysis,13,1,NA,NA,socs_sys8,3,1,0,30,10.1016/j.dib.2020.106481,FILLED_ZOTERO_XLSX,Zotero Supplementary Table 1,white_salinas_2020,Mg C ha-1,replicate
2004-10-01,2004-11-01,NA,NA,salinas_socs,SOC_conc_mg_kg,elemental_analysis,5494,1,NA,NA,socs_sys8,4,1,0,30,10.1016/j.dib.2020.106481,FILLED_ZOTERO_XLSX,Zotero Supplementary Table 1,white_salinas_2020,mg C kg-1 soil,replicate
2004-10-01,2004-11-01,NA,NA,salinas_socs,SOC_stock_Mg_ha,elemental_analysis,23,1,NA,NA,socs_sys8,4,1,0,30,10.1016/j.dib.2020.106481,FILLED_ZOTERO_XLSX,Zotero Supplementary Table 1,white_salinas_2020,Mg C ha-1,replicate
2005-10-01,2005-11-01,NA,NA,salinas_socs,SOC_conc_mg_kg,elemental_analysis,10367,1,NA,NA,socs_sys3,1,2,0,30,10.1016/j.dib.2020.106481,FILLED_ZOTERO_XLSX,Zotero Supplementary Table 1,white_salinas_2020,mg C kg-1 soil,replicate
2005-10-01,2005-11-01,NA,NA,salinas_socs,SOC_stock_Mg_ha,elemental_analysis,44,1,NA,NA,socs_sys3,1,2,0,30,10.1016/j.dib.2020.106481,FILLED_ZOTERO_XLSX,Zotero Supplementary Table 1,white_salinas_2020,Mg C ha-1,replicate
2005-10-01,2005-11-01,NA,NA,salinas_socs,SOC_conc_mg_kg,elemental_analysis,9105,1,NA,NA,socs_sys3,2,2,0,30,10.1016/j.dib.2020.106481,FILLED_ZOTERO_XLSX,Zotero Supplementary Table 1,white_salinas_2020,mg C kg-1 soil,replicate
2005-10-01,2005-11-01,NA,NA,salinas_socs,SOC_stock_Mg_ha,elemental_analysis,38,1,NA,NA,socs_sys3,2,2,0,30,10.1016/j.dib.2020.106481,FILLED_ZOTERO_XLSX,Zotero Supplementary Table 1,white_salinas_2020,Mg C ha-1,replicate
2005-10-01,2005-11-01,NA,NA,salinas_socs,SOC_conc_mg_kg,elemental_analysis,7375,1,NA,NA,socs_sys3,3,2,0,30,10.1016/j.dib.2020.106481,FILLED_ZOTERO_XLSX,Zotero Supplementary Table 1,white_salinas_2020,mg C kg-1 soil,replicate
2005-10-01,2005-11-01,NA,NA,salinas_socs,SOC_stock_Mg_ha,elemental_analysis,31,1,NA,NA,socs_sys3,3,2,0,30,10.1016/j.dib.2020.106481,FILLED_ZOTERO_XLSX,Zotero Supplementary Table 1,white_salinas_2020,Mg C ha-1,replicate
2005-10-01,2005-11-01,NA,NA,salinas_socs,SOC_conc_mg_kg,elemental_analysis,9912,1,NA,NA,socs_sys3,4,2,0,30,10.1016/j.dib.2020.106481,FILLED_ZOTERO_XLSX,Zotero Supplementary Table 1,white_salinas_2020,mg C kg-1 soil,replicate
2005-10-01,2005-11-01,NA,NA,salinas_socs,SOC_stock_Mg_ha,elemental_analysis,42,1,NA,NA,socs_sys3,4,2,0,30,10.1016/j.dib.2020.106481,FILLED_ZOTERO_XLSX,Zotero Supplementary Table 1,white_salinas_2020,Mg C ha-1,replicate
2005-10-01,2005-11-01,NA,NA,salinas_socs,SOC_conc_mg_kg,elemental_analysis,10275,1,NA,NA,socs_sys6,1,2,0,30,10.1016/j.dib.2020.106481,FILLED_ZOTERO_XLSX,Zotero Supplementary Table 1,white_salinas_2020,mg C kg-1 soil,replicate
2005-10-01,2005-11-01,NA,NA,salinas_socs,SOC_stock_Mg_ha,elemental_analysis,43,1,NA,NA,socs_sys6,1,2,0,30,10.1016/j.dib.2020.106481,FILLED_ZOTERO_XLSX,Zotero Supplementary Table 1,white_salinas_2020,Mg C ha-1,replicate
2005-10-01,2005-11-01,NA,NA,salinas_socs,SOC_conc_mg_kg,elemental_analysis,11167,1,NA,NA,socs_sys6,2,2,0,30,10.1016/j.dib.2020.106481,FILLED_ZOTERO_XLSX,Zotero Supplementary Table 1,white_salinas_2020,mg C kg-1 soil,replicate
2005-10-01,2005-11-01,NA,NA,salinas_socs,SOC_stock_Mg_ha,elemental_analysis,46,1,NA,NA,socs_sys6,2,2,0,30,10.1016/j.dib.2020.106481,FILLED_ZOTERO_XLSX,Zotero Supplementary Table 1,white_salinas_2020,Mg C ha-1,replicate
2005-10-01,2005-11-01,NA,NA,salinas_socs,SOC_conc_mg_kg,elemental_analysis,7891,1,NA,NA,socs_sys6,3,2,0,30,10.1016/j.dib.2020.106481,FILLED_ZOTERO_XLSX,Zotero Supplementary Table 1,white_salinas_2020,mg C kg-1 soil,replicate
2005-10-01,2005-11-01,NA,NA,salinas_socs,SOC_stock_Mg_ha,elemental_analysis,34,1,NA,NA,socs_sys6,3,2,0,30,10.1016/j.dib.2020.106481,FILLED_ZOTERO_XLSX,Zotero Supplementary Table 1,white_salinas_2020,Mg C ha-1,replicate
2005-10-01,2005-11-01,NA,NA,salinas_socs,SOC_conc_mg_kg,elemental_analysis,11280,1,NA,NA,socs_sys6,4,2,0,30,10.1016/j.dib.2020.106481,FILLED_ZOTERO_XLSX,Zotero Supplementary Table 1,white_salinas_2020,mg C kg-1 soil,replicate
2005-10-01,2005-11-01,NA,NA,salinas_socs,SOC_stock_Mg_ha,elemental_analysis,47,1,NA,NA,socs_sys6,4,2,0,30,10.1016/j.dib.2020.106481,FILLED_ZOTERO_XLSX,Zotero Supplementary Table 1,white_salinas_2020,Mg C ha-1,replicate
2005-10-01,2005-11-01,NA,NA,salinas_socs,SOC_conc_mg_kg,elemental_analysis,10675,1,NA,NA,socs_sys8,1,2,0,30,10.1016/j.dib.2020.106481,FILLED_ZOTERO_XLSX,Zotero Supplementary Table 1,white_salinas_2020,mg C kg-1 soil,replicate
2005-10-01,2005-11-01,NA,NA,salinas_socs,SOC_stock_Mg_ha,elemental_analysis,45,1,NA,NA,socs_sys8,1,2,0,30,10.1016/j.dib.2020.106481,FILLED_ZOTERO_XLSX,Zotero Supplementary Table 1,white_salinas_2020,Mg C ha-1,replicate
2005-10-01,2005-11-01,NA,NA,salinas_socs,SOC_conc_mg_kg,elemental_analysis,8030,1,NA,NA,socs_sys8,2,2,0,30,10.1016/j.dib.2020.106481,FILLED_ZOTERO_XLSX,Zotero Supplementary Table 1,white_salinas_2020,mg C kg-1 soil,replicate
2005-10-01,2005-11-01,NA,NA,salinas_socs,SOC_stock_Mg_ha,elemental_analysis,34,1,NA,NA,socs_sys8,2,2,0,30,10.1016/j.dib.2020.106481,FILLED_ZOTERO_XLSX,Zotero Supplementary Table 1,white_salinas_2020,Mg C ha-1,replicate
2005-10-01,2005-11-01,NA,NA,salinas_socs,SOC_conc_mg_kg,elemental_analysis,9139,1,NA,NA,socs_sys8,3,2,0,30,10.1016/j.dib.2020.106481,FILLED_ZOTERO_XLSX,Zotero Supplementary Table 1,white_salinas_2020,mg C kg-1 soil,replicate
2005-10-01,2005-11-01,NA,NA,salinas_socs,SOC_stock_Mg_ha,elemental_analysis,38,1,NA,NA,socs_sys8,3,2,0,30,10.1016/j.dib.2020.106481,FILLED_ZOTERO_XLSX,Zotero Supplementary Table 1,white_salinas_2020,Mg C ha-1,replicate
2005-10-01,2005-11-01,NA,NA,salinas_socs,SOC_conc_mg_kg,elemental_analysis,8748,1,NA,NA,socs_sys8,4,2,0,30,10.1016/j.dib.2020.106481,FILLED_ZOTERO_XLSX,Zotero Supplementary Table 1,white_salinas_2020,mg C kg-1 soil,replicate
2005-10-01,2005-11-01,NA,NA,salinas_socs,SOC_stock_Mg_ha,elemental_analysis,37,1,NA,NA,socs_sys8,4,2,0,30,10.1016/j.dib.2020.106481,FILLED_ZOTERO_XLSX,Zotero Supplementary Table 1,white_salinas_2020,Mg C ha-1,replicate
2006-10-01,2006-11-01,NA,NA,salinas_socs,SOC_conc_mg_kg,elemental_analysis,9075,1,NA,NA,socs_sys3,1,3,0,30,10.1016/j.dib.2020.106481,FILLED_ZOTERO_XLSX,Zotero Supplementary Table 1,white_salinas_2020,mg C kg-1 soil,replicate
2006-10-01,2006-11-01,NA,NA,salinas_socs,SOC_stock_Mg_ha,elemental_analysis,38,1,NA,NA,socs_sys3,1,3,0,30,10.1016/j.dib.2020.106481,FILLED_ZOTERO_XLSX,Zotero Supplementary Table 1,white_salinas_2020,Mg C ha-1,replicate
2006-10-01,2006-11-01,NA,NA,salinas_socs,SOC_conc_mg_kg,elemental_analysis,7459,1,NA,NA,socs_sys3,2,3,0,30,10.1016/j.dib.2020.106481,FILLED_ZOTERO_XLSX,Zotero Supplementary Table 1,white_salinas_2020,mg C kg-1 soil,replicate
2006-10-01,2006-11-01,NA,NA,salinas_socs,SOC_stock_Mg_ha,elemental_analysis,32,1,NA,NA,socs_sys3,2,3,0,30,10.1016/j.dib.2020.106481,FILLED_ZOTERO_XLSX,Zotero Supplementary Table 1,white_salinas_2020,Mg C ha-1,replicate
2006-10-01,2006-11-01,NA,NA,salinas_socs,SOC_conc_mg_kg,elemental_analysis,9427,1,NA,NA,socs_sys3,3,3,0,30,10.1016/j.dib.2020.106481,FILLED_ZOTERO_XLSX,Zotero Supplementary Table 1,white_salinas_2020,mg C kg-1 soil,replicate
2006-10-01,2006-11-01,NA,NA,salinas_socs,SOC_stock_Mg_ha,elemental_analysis,40,1,NA,NA,socs_sys3,3,3,0,30,10.1016/j.dib.2020.106481,FILLED_ZOTERO_XLSX,Zotero Supplementary Table 1,white_salinas_2020,Mg C ha-1,replicate
2006-10-01,2006-11-01,NA,NA,salinas_socs,SOC_conc_mg_kg,elemental_analysis,8486,1,NA,NA,socs_sys3,4,3,0,30,10.1016/j.dib.2020.106481,FILLED_ZOTERO_XLSX,Zotero Supplementary Table 1,white_salinas_2020,mg C kg-1 soil,replicate
2006-10-01,2006-11-01,NA,NA,salinas_socs,SOC_stock_Mg_ha,elemental_analysis,36,1,NA,NA,socs_sys3,4,3,0,30,10.1016/j.dib.2020.106481,FILLED_ZOTERO_XLSX,Zotero Supplementary Table 1,white_salinas_2020,Mg C ha-1,replicate
2006-10-01,2006-11-01,NA,NA,salinas_socs,SOC_conc_mg_kg,elemental_analysis,9663,1,NA,NA,socs_sys6,1,3,0,30,10.1016/j.dib.2020.106481,FILLED_ZOTERO_XLSX,Zotero Supplementary Table 1,white_salinas_2020,mg C kg-1 soil,replicate
2006-10-01,2006-11-01,NA,NA,salinas_socs,SOC_stock_Mg_ha,elemental_analysis,41,1,NA,NA,socs_sys6,1,3,0,30,10.1016/j.dib.2020.106481,FILLED_ZOTERO_XLSX,Zotero Supplementary Table 1,white_salinas_2020,Mg C ha-1,replicate
2006-10-01,2006-11-01,NA,NA,salinas_socs,SOC_conc_mg_kg,elemental_analysis,10463,1,NA,NA,socs_sys6,2,3,0,30,10.1016/j.dib.2020.106481,FILLED_ZOTERO_XLSX,Zotero Supplementary Table 1,white_salinas_2020,mg C kg-1 soil,replicate
2006-10-01,2006-11-01,NA,NA,salinas_socs,SOC_stock_Mg_ha,elemental_analysis,43,1,NA,NA,socs_sys6,2,3,0,30,10.1016/j.dib.2020.106481,FILLED_ZOTERO_XLSX,Zotero Supplementary Table 1,white_salinas_2020,Mg C ha-1,replicate
2006-10-01,2006-11-01,NA,NA,salinas_socs,SOC_conc_mg_kg,elemental_analysis,8935,1,NA,NA,socs_sys6,3,3,0,30,10.1016/j.dib.2020.106481,FILLED_ZOTERO_XLSX,Zotero Supplementary Table 1,white_salinas_2020,mg C kg-1 soil,replicate
2006-10-01,2006-11-01,NA,NA,salinas_socs,SOC_stock_Mg_ha,elemental_analysis,38,1,NA,NA,socs_sys6,3,3,0,30,10.1016/j.dib.2020.106481,FILLED_ZOTERO_XLSX,Zotero Supplementary Table 1,white_salinas_2020,Mg C ha-1,replicate
2006-10-01,2006-11-01,NA,NA,salinas_socs,SOC_conc_mg_kg,elemental_analysis,8695,1,NA,NA,socs_sys6,4,3,0,30,10.1016/j.dib.2020.106481,FILLED_ZOTERO_XLSX,Zotero Supplementary Table 1,white_salinas_2020,mg C kg-1 soil,replicate
2006-10-01,2006-11-01,NA,NA,salinas_socs,SOC_stock_Mg_ha,elemental_analysis,37,1,NA,NA,socs_sys6,4,3,0,30,10.1016/j.dib.2020.106481,FILLED_ZOTERO_XLSX,Zotero Supplementary Table 1,white_salinas_2020,Mg C ha-1,replicate
2006-10-01,2006-11-01,NA,NA,salinas_socs,SOC_conc_mg_kg,elemental_analysis,9521,1,NA,NA,socs_sys8,1,3,0,30,10.1016/j.dib.2020.106481,FILLED_ZOTERO_XLSX,Zotero Supplementary Table 1,white_salinas_2020,mg C kg-1 soil,replicate
2006-10-01,2006-11-01,NA,NA,salinas_socs,SOC_stock_Mg_ha,elemental_analysis,40,1,NA,NA,socs_sys8,1,3,0,30,10.1016/j.dib.2020.106481,FILLED_ZOTERO_XLSX,Zotero Supplementary Table 1,white_salinas_2020,Mg C ha-1,replicate
2006-10-01,2006-11-01,NA,NA,salinas_socs,SOC_conc_mg_kg,elemental_analysis,9595,1,NA,NA,socs_sys8,2,3,0,30,10.1016/j.dib.2020.106481,FILLED_ZOTERO_XLSX,Zotero Supplementary Table 1,white_salinas_2020,mg C kg-1 soil,replicate
2006-10-01,2006-11-01,NA,NA,salinas_socs,SOC_stock_Mg_ha,elemental_analysis,41,1,NA,NA,socs_sys8,2,3,0,30,10.1016/j.dib.2020.106481,FILLED_ZOTERO_XLSX,Zotero Supplementary Table 1,white_salinas_2020,Mg C ha-1,replicate
2006-10-01,2006-11-01,NA,NA,salinas_socs,SOC_conc_mg_kg,elemental_analysis,8696,1,NA,NA,socs_sys8,3,3,0,30,10.1016/j.dib.2020.106481,FILLED_ZOTERO_XLSX,Zotero Supplementary Table 1,white_salinas_2020,mg C kg-1 soil,replicate
2006-10-01,2006-11-01,NA,NA,salinas_socs,SOC_stock_Mg_ha,elemental_analysis,37,1,NA,NA,socs_sys8,3,3,0,30,10.1016/j.dib.2020.106481,FILLED_ZOTERO_XLSX,Zotero Supplementary Table 1,white_salinas_2020,Mg C ha-1,replicate
2006-10-01,2006-11-01,NA,NA,salinas_socs,SOC_conc_mg_kg,elemental_analysis,8652,1,NA,NA,socs_sys8,4,3,0,30,10.1016/j.dib.2020.106481,FILLED_ZOTERO_XLSX,Zotero Supplementary Table 1,white_salinas_2020,mg C kg-1 soil,replicate
2006-10-01,2006-11-01,NA,NA,salinas_socs,SOC_stock_Mg_ha,elemental_analysis,36,1,NA,NA,socs_sys8,4,3,0,30,10.1016/j.dib.2020.106481,FILLED_ZOTERO_XLSX,Zotero Supplementary Table 1,white_salinas_2020,Mg C ha-1,replicate
2007-10-01,2007-11-01,NA,NA,salinas_socs,SOC_conc_mg_kg,elemental_analysis,5888,1,NA,NA,socs_sys3,1,4,0,30,10.1016/j.dib.2020.106481,FILLED_ZOTERO_XLSX,Zotero Supplementary Table 1,white_salinas_2020,mg C kg-1 soil,replicate
2007-10-01,2007-11-01,NA,NA,salinas_socs,SOC_stock_Mg_ha,elemental_analysis,26,1,NA,NA,socs_sys3,1,4,0,30,10.1016/j.dib.2020.106481,FILLED_ZOTERO_XLSX,Zotero Supplementary Table 1,white_salinas_2020,Mg C ha-1,replicate
2007-10-01,2007-11-01,NA,NA,salinas_socs,SOC_conc_mg_kg,elemental_analysis,5051,1,NA,NA,socs_sys3,2,4,0,30,10.1016/j.dib.2020.106481,FILLED_ZOTERO_XLSX,Zotero Supplementary Table 1,white_salinas_2020,mg C kg-1 soil,replicate
2007-10-01,2007-11-01,NA,NA,salinas_socs,SOC_stock_Mg_ha,elemental_analysis,22,1,NA,NA,socs_sys3,2,4,0,30,10.1016/j.dib.2020.106481,FILLED_ZOTERO_XLSX,Zotero Supplementary Table 1,white_salinas_2020,Mg C ha-1,replicate
2007-10-01,2007-11-01,NA,NA,salinas_socs,SOC_conc_mg_kg,elemental_analysis,5327,1,NA,NA,socs_sys3,3,4,0,30,10.1016/j.dib.2020.106481,FILLED_ZOTERO_XLSX,Zotero Supplementary Table 1,white_salinas_2020,mg C kg-1 soil,replicate
2007-10-01,2007-11-01,NA,NA,salinas_socs,SOC_stock_Mg_ha,elemental_analysis,23,1,NA,NA,socs_sys3,3,4,0,30,10.1016/j.dib.2020.106481,FILLED_ZOTERO_XLSX,Zotero Supplementary Table 1,white_salinas_2020,Mg C ha-1,replicate
2007-10-01,2007-11-01,NA,NA,salinas_socs,SOC_conc_mg_kg,elemental_analysis,8022,1,NA,NA,socs_sys3,4,4,0,30,10.1016/j.dib.2020.106481,FILLED_ZOTERO_XLSX,Zotero Supplementary Table 1,white_salinas_2020,mg C kg-1 soil,replicate
2007-10-01,2007-11-01,NA,NA,salinas_socs,SOC_stock_Mg_ha,elemental_analysis,34,1,NA,NA,socs_sys3,4,4,0,30,10.1016/j.dib.2020.106481,FILLED_ZOTERO_XLSX,Zotero Supplementary Table 1,white_salinas_2020,Mg C ha-1,replicate
2007-10-01,2007-11-01,NA,NA,salinas_socs,SOC_conc_mg_kg,elemental_analysis,6629,1,NA,NA,socs_sys6,1,4,0,30,10.1016/j.dib.2020.106481,FILLED_ZOTERO_XLSX,Zotero Supplementary Table 1,white_salinas_2020,mg C kg-1 soil,replicate
2007-10-01,2007-11-01,NA,NA,salinas_socs,SOC_stock_Mg_ha,elemental_analysis,29,1,NA,NA,socs_sys6,1,4,0,30,10.1016/j.dib.2020.106481,FILLED_ZOTERO_XLSX,Zotero Supplementary Table 1,white_salinas_2020,Mg C ha-1,replicate
2007-10-01,2007-11-01,NA,NA,salinas_socs,SOC_conc_mg_kg,elemental_analysis,5735,1,NA,NA,socs_sys6,2,4,0,30,10.1016/j.dib.2020.106481,FILLED_ZOTERO_XLSX,Zotero Supplementary Table 1,white_salinas_2020,mg C kg-1 soil,replicate
2007-10-01,2007-11-01,NA,NA,salinas_socs,SOC_stock_Mg_ha,elemental_analysis,25,1,NA,NA,socs_sys6,2,4,0,30,10.1016/j.dib.2020.106481,FILLED_ZOTERO_XLSX,Zotero Supplementary Table 1,white_salinas_2020,Mg C ha-1,replicate
2007-10-01,2007-11-01,NA,NA,salinas_socs,SOC_conc_mg_kg,elemental_analysis,5389,1,NA,NA,socs_sys6,3,4,0,30,10.1016/j.dib.2020.106481,FILLED_ZOTERO_XLSX,Zotero Supplementary Table 1,white_salinas_2020,mg C kg-1 soil,replicate
2007-10-01,2007-11-01,NA,NA,salinas_socs,SOC_stock_Mg_ha,elemental_analysis,24,1,NA,NA,socs_sys6,3,4,0,30,10.1016/j.dib.2020.106481,FILLED_ZOTERO_XLSX,Zotero Supplementary Table 1,white_salinas_2020,Mg C ha-1,replicate
2007-10-01,2007-11-01,NA,NA,salinas_socs,SOC_conc_mg_kg,elemental_analysis,7483,1,NA,NA,socs_sys6,4,4,0,30,10.1016/j.dib.2020.106481,FILLED_ZOTERO_XLSX,Zotero Supplementary Table 1,white_salinas_2020,mg C kg-1 soil,replicate
2007-10-01,2007-11-01,NA,NA,salinas_socs,SOC_stock_Mg_ha,elemental_analysis,32,1,NA,NA,socs_sys6,4,4,0,30,10.1016/j.dib.2020.106481,FILLED_ZOTERO_XLSX,Zotero Supplementary Table 1,white_salinas_2020,Mg C ha-1,replicate
2007-10-01,2007-11-01,NA,NA,salinas_socs,SOC_conc_mg_kg,elemental_analysis,8740,1,NA,NA,socs_sys8,1,4,0,30,10.1016/j.dib.2020.106481,FILLED_ZOTERO_XLSX,Zotero Supplementary Table 1,white_salinas_2020,mg C kg-1 soil,replicate
2007-10-01,2007-11-01,NA,NA,salinas_socs,SOC_stock_Mg_ha,elemental_analysis,37,1,NA,NA,socs_sys8,1,4,0,30,10.1016/j.dib.2020.106481,FILLED_ZOTERO_XLSX,Zotero Supplementary Table 1,white_salinas_2020,Mg C ha-1,replicate
2007-10-01,2007-11-01,NA,NA,salinas_socs,SOC_conc_mg_kg,elemental_analysis,7023,1,NA,NA,socs_sys8,2,4,0,30,10.1016/j.dib.2020.106481,FILLED_ZOTERO_XLSX,Zotero Supplementary Table 1,white_salinas_2020,mg C kg-1 soil,replicate
2007-10-01,2007-11-01,NA,NA,salinas_socs,SOC_stock_Mg_ha,elemental_analysis,30,1,NA,NA,socs_sys8,2,4,0,30,10.1016/j.dib.2020.106481,FILLED_ZOTERO_XLSX,Zotero Supplementary Table 1,white_salinas_2020,Mg C ha-1,replicate
2007-10-01,2007-11-01,NA,NA,salinas_socs,SOC_conc_mg_kg,elemental_analysis,5858,1,NA,NA,socs_sys8,3,4,0,30,10.1016/j.dib.2020.106481,FILLED_ZOTERO_XLSX,Zotero Supplementary Table 1,white_salinas_2020,mg C kg-1 soil,replicate
2007-10-01,2007-11-01,NA,NA,salinas_socs,SOC_stock_Mg_ha,elemental_analysis,25,1,NA,NA,socs_sys8,3,4,0,30,10.1016/j.dib.2020.106481,FILLED_ZOTERO_XLSX,Zotero Supplementary Table 1,white_salinas_2020,Mg C ha-1,replicate
2007-10-01,2007-11-01,NA,NA,salinas_socs,SOC_conc_mg_kg,elemental_analysis,7395,1,NA,NA,socs_sys8,4,4,0,30,10.1016/j.dib.2020.106481,FILLED_ZOTERO_XLSX,Zotero Supplementary Table 1,white_salinas_2020,mg C kg-1 soil,replicate
2007-10-01,2007-11-01,NA,NA,salinas_socs,SOC_stock_Mg_ha,elemental_analysis,31,1,NA,NA,socs_sys8,4,4,0,30,10.1016/j.dib.2020.106481,FILLED_ZOTERO_XLSX,Zotero Supplementary Table 1,white_salinas_2020,Mg C ha-1,replicate
2008-10-01,2008-11-01,NA,NA,salinas_socs,SOC_conc_mg_kg,elemental_analysis,7809,1,NA,NA,socs_sys3,1,5,0,30,10.1016/j.dib.2020.106481,FILLED_ZOTERO_XLSX,Zotero Supplementary Table 1,white_salinas_2020,mg C kg-1 soil,replicate
2008-10-01,2008-11-01,NA,NA,salinas_socs,SOC_stock_Mg_ha,elemental_analysis,33,1,NA,NA,socs_sys3,1,5,0,30,10.1016/j.dib.2020.106481,FILLED_ZOTERO_XLSX,Zotero Supplementary Table 1,white_salinas_2020,Mg C ha-1,replicate
2008-10-01,2008-11-01,NA,NA,salinas_socs,SOC_conc_mg_kg,elemental_analysis,8936,1,NA,NA,socs_sys3,2,5,0,30,10.1016/j.dib.2020.106481,FILLED_ZOTERO_XLSX,Zotero Supplementary Table 1,white_salinas_2020,mg C kg-1 soil,replicate
2008-10-01,2008-11-01,NA,NA,salinas_socs,SOC_stock_Mg_ha,elemental_analysis,37,1,NA,NA,socs_sys3,2,5,0,30,10.1016/j.dib.2020.106481,FILLED_ZOTERO_XLSX,Zotero Supplementary Table 1,white_salinas_2020,Mg C ha-1,replicate
2008-10-01,2008-11-01,NA,NA,salinas_socs,SOC_conc_mg_kg,elemental_analysis,6725,1,NA,NA,socs_sys3,3,5,0,30,10.1016/j.dib.2020.106481,FILLED_ZOTERO_XLSX,Zotero Supplementary Table 1,white_salinas_2020,mg C kg-1 soil,replicate
2008-10-01,2008-11-01,NA,NA,salinas_socs,SOC_stock_Mg_ha,elemental_analysis,29,1,NA,NA,socs_sys3,3,5,0,30,10.1016/j.dib.2020.106481,FILLED_ZOTERO_XLSX,Zotero Supplementary Table 1,white_salinas_2020,Mg C ha-1,replicate
2008-10-01,2008-11-01,NA,NA,salinas_socs,SOC_conc_mg_kg,elemental_analysis,6456,1,NA,NA,socs_sys3,4,5,0,30,10.1016/j.dib.2020.106481,FILLED_ZOTERO_XLSX,Zotero Supplementary Table 1,white_salinas_2020,mg C kg-1 soil,replicate
2008-10-01,2008-11-01,NA,NA,salinas_socs,SOC_stock_Mg_ha,elemental_analysis,28,1,NA,NA,socs_sys3,4,5,0,30,10.1016/j.dib.2020.106481,FILLED_ZOTERO_XLSX,Zotero Supplementary Table 1,white_salinas_2020,Mg C ha-1,replicate
2008-10-01,2008-11-01,NA,NA,salinas_socs,SOC_conc_mg_kg,elemental_analysis,9494,1,NA,NA,socs_sys6,1,5,0,30,10.1016/j.dib.2020.106481,FILLED_ZOTERO_XLSX,Zotero Supplementary Table 1,white_salinas_2020,mg C kg-1 soil,replicate
2008-10-01,2008-11-01,NA,NA,salinas_socs,SOC_stock_Mg_ha,elemental_analysis,40,1,NA,NA,socs_sys6,1,5,0,30,10.1016/j.dib.2020.106481,FILLED_ZOTERO_XLSX,Zotero Supplementary Table 1,white_salinas_2020,Mg C ha-1,replicate
2008-10-01,2008-11-01,NA,NA,salinas_socs,SOC_conc_mg_kg,elemental_analysis,7856,1,NA,NA,socs_sys6,2,5,0,30,10.1016/j.dib.2020.106481,FILLED_ZOTERO_XLSX,Zotero Supplementary Table 1,white_salinas_2020,mg C kg-1 soil,replicate
2008-10-01,2008-11-01,NA,NA,salinas_socs,SOC_stock_Mg_ha,elemental_analysis,33,1,NA,NA,socs_sys6,2,5,0,30,10.1016/j.dib.2020.106481,FILLED_ZOTERO_XLSX,Zotero Supplementary Table 1,white_salinas_2020,Mg C ha-1,replicate
2008-10-01,2008-11-01,NA,NA,salinas_socs,SOC_conc_mg_kg,elemental_analysis,6058,1,NA,NA,socs_sys6,3,5,0,30,10.1016/j.dib.2020.106481,FILLED_ZOTERO_XLSX,Zotero Supplementary Table 1,white_salinas_2020,mg C kg-1 soil,replicate
2008-10-01,2008-11-01,NA,NA,salinas_socs,SOC_stock_Mg_ha,elemental_analysis,26,1,NA,NA,socs_sys6,3,5,0,30,10.1016/j.dib.2020.106481,FILLED_ZOTERO_XLSX,Zotero Supplementary Table 1,white_salinas_2020,Mg C ha-1,replicate
2008-10-01,2008-11-01,NA,NA,salinas_socs,SOC_conc_mg_kg,elemental_analysis,4567,1,NA,NA,socs_sys6,4,5,0,30,10.1016/j.dib.2020.106481,FILLED_ZOTERO_XLSX,Zotero Supplementary Table 1,white_salinas_2020,mg C kg-1 soil,replicate
2008-10-01,2008-11-01,NA,NA,salinas_socs,SOC_stock_Mg_ha,elemental_analysis,20,1,NA,NA,socs_sys6,4,5,0,30,10.1016/j.dib.2020.106481,FILLED_ZOTERO_XLSX,Zotero Supplementary Table 1,white_salinas_2020,Mg C ha-1,replicate
2008-10-01,2008-11-01,NA,NA,salinas_socs,SOC_conc_mg_kg,elemental_analysis,8232,1,NA,NA,socs_sys8,1,5,0,30,10.1016/j.dib.2020.106481,FILLED_ZOTERO_XLSX,Zotero Supplementary Table 1,white_salinas_2020,mg C kg-1 soil,replicate
2008-10-01,2008-11-01,NA,NA,salinas_socs,SOC_stock_Mg_ha,elemental_analysis,35,1,NA,NA,socs_sys8,1,5,0,30,10.1016/j.dib.2020.106481,FILLED_ZOTERO_XLSX,Zotero Supplementary Table 1,white_salinas_2020,Mg C ha-1,replicate
2008-10-01,2008-11-01,NA,NA,salinas_socs,SOC_conc_mg_kg,elemental_analysis,8372,1,NA,NA,socs_sys8,2,5,0,30,10.1016/j.dib.2020.106481,FILLED_ZOTERO_XLSX,Zotero Supplementary Table 1,white_salinas_2020,mg C kg-1 soil,replicate
2008-10-01,2008-11-01,NA,NA,salinas_socs,SOC_stock_Mg_ha,elemental_analysis,36,1,NA,NA,socs_sys8,2,5,0,30,10.1016/j.dib.2020.106481,FILLED_ZOTERO_XLSX,Zotero Supplementary Table 1,white_salinas_2020,Mg C ha-1,replicate
2008-10-01,2008-11-01,NA,NA,salinas_socs,SOC_conc_mg_kg,elemental_analysis,5880,1,NA,NA,socs_sys8,3,5,0,30,10.1016/j.dib.2020.106481,FILLED_ZOTERO_XLSX,Zotero Supplementary Table 1,white_salinas_2020,mg C kg-1 soil,replicate
2008-10-01,2008-11-01,NA,NA,salinas_socs,SOC_stock_Mg_ha,elemental_analysis,25,1,NA,NA,socs_sys8,3,5,0,30,10.1016/j.dib.2020.106481,FILLED_ZOTERO_XLSX,Zotero Supplementary Table 1,white_salinas_2020,Mg C ha-1,replicate
2008-10-01,2008-11-01,NA,NA,salinas_socs,SOC_conc_mg_kg,elemental_analysis,7194,1,NA,NA,socs_sys8,4,5,0,30,10.1016/j.dib.2020.106481,FILLED_ZOTERO_XLSX,Zotero Supplementary Table 1,white_salinas_2020,mg C kg-1 soil,replicate
2008-10-01,2008-11-01,NA,NA,salinas_socs,SOC_stock_Mg_ha,elemental_analysis,30,1,NA,NA,socs_sys8,4,5,0,30,10.1016/j.dib.2020.106481,FILLED_ZOTERO_XLSX,Zotero Supplementary Table 1,white_salinas_2020,Mg C ha-1,replicate
2009-10-30,2009-10-30,NA,NA,salinas_socs,SOC_conc_mg_kg,elemental_analysis,9387,1,NA,NA,socs_sys3,1,6,0,30,10.1016/j.dib.2020.106481,FILLED_ZOTERO_XLSX,Zotero Supplementary Table 1,white_salinas_2020,mg C kg-1 soil,replicate
2009-10-30,2009-10-30,NA,NA,salinas_socs,SOC_stock_Mg_ha,elemental_analysis,40,1,NA,NA,socs_sys3,1,6,0,30,10.1016/j.dib.2020.106481,FILLED_ZOTERO_XLSX,Zotero Supplementary Table 1,white_salinas_2020,Mg C ha-1,replicate
2009-10-30,2009-10-30,NA,NA,salinas_socs,SOC_conc_mg_kg,elemental_analysis,9874,1,NA,NA,socs_sys3,2,6,0,30,10.1016/j.dib.2020.106481,FILLED_ZOTERO_XLSX,Zotero Supplementary Table 1,white_salinas_2020,mg C kg-1 soil,replicate
2009-10-30,2009-10-30,NA,NA,salinas_socs,SOC_stock_Mg_ha,elemental_analysis,41,1,NA,NA,socs_sys3,2,6,0,30,10.1016/j.dib.2020.106481,FILLED_ZOTERO_XLSX,Zotero Supplementary Table 1,white_salinas_2020,Mg C ha-1,replicate
2009-10-30,2009-10-30,NA,NA,salinas_socs,SOC_conc_mg_kg,elemental_analysis,7800,1,NA,NA,socs_sys3,3,6,0,30,10.1016/j.dib.2020.106481,FILLED_ZOTERO_XLSX,Zotero Supplementary Table 1,white_salinas_2020,mg C kg-1 soil,replicate
2009-10-30,2009-10-30,NA,NA,salinas_socs,SOC_stock_Mg_ha,elemental_analysis,33,1,NA,NA,socs_sys3,3,6,0,30,10.1016/j.dib.2020.106481,FILLED_ZOTERO_XLSX,Zotero Supplementary Table 1,white_salinas_2020,Mg C ha-1,replicate
2009-10-30,2009-10-30,NA,NA,salinas_socs,SOC_conc_mg_kg,elemental_analysis,9006,1,NA,NA,socs_sys3,4,6,0,30,10.1016/j.dib.2020.106481,FILLED_ZOTERO_XLSX,Zotero Supplementary Table 1,white_salinas_2020,mg C kg-1 soil,replicate
2009-10-30,2009-10-30,NA,NA,salinas_socs,SOC_stock_Mg_ha,elemental_analysis,38,1,NA,NA,socs_sys3,4,6,0,30,10.1016/j.dib.2020.106481,FILLED_ZOTERO_XLSX,Zotero Supplementary Table 1,white_salinas_2020,Mg C ha-1,replicate
2009-10-30,2009-10-30,NA,NA,salinas_socs,SOC_conc_mg_kg,elemental_analysis,9383,1,NA,NA,socs_sys6,1,6,0,30,10.1016/j.dib.2020.106481,FILLED_ZOTERO_XLSX,Zotero Supplementary Table 1,white_salinas_2020,mg C kg-1 soil,replicate
2009-10-30,2009-10-30,NA,NA,salinas_socs,SOC_stock_Mg_ha,elemental_analysis,40,1,NA,NA,socs_sys6,1,6,0,30,10.1016/j.dib.2020.106481,FILLED_ZOTERO_XLSX,Zotero Supplementary Table 1,white_salinas_2020,Mg C ha-1,replicate
2009-10-30,2009-10-30,NA,NA,salinas_socs,SOC_conc_mg_kg,elemental_analysis,9174,1,NA,NA,socs_sys6,2,6,0,30,10.1016/j.dib.2020.106481,FILLED_ZOTERO_XLSX,Zotero Supplementary Table 1,white_salinas_2020,mg C kg-1 soil,replicate
2009-10-30,2009-10-30,NA,NA,salinas_socs,SOC_stock_Mg_ha,elemental_analysis,38,1,NA,NA,socs_sys6,2,6,0,30,10.1016/j.dib.2020.106481,FILLED_ZOTERO_XLSX,Zotero Supplementary Table 1,white_salinas_2020,Mg C ha-1,replicate
2009-10-30,2009-10-30,NA,NA,salinas_socs,SOC_conc_mg_kg,elemental_analysis,8344,1,NA,NA,socs_sys6,3,6,0,30,10.1016/j.dib.2020.106481,FILLED_ZOTERO_XLSX,Zotero Supplementary Table 1,white_salinas_2020,mg C kg-1 soil,replicate
2009-10-30,2009-10-30,NA,NA,salinas_socs,SOC_stock_Mg_ha,elemental_analysis,35,1,NA,NA,socs_sys6,3,6,0,30,10.1016/j.dib.2020.106481,FILLED_ZOTERO_XLSX,Zotero Supplementary Table 1,white_salinas_2020,Mg C ha-1,replicate
2009-10-30,2009-10-30,NA,NA,salinas_socs,SOC_conc_mg_kg,elemental_analysis,8129,1,NA,NA,socs_sys6,4,6,0,30,10.1016/j.dib.2020.106481,FILLED_ZOTERO_XLSX,Zotero Supplementary Table 1,white_salinas_2020,mg C kg-1 soil,replicate
2009-10-30,2009-10-30,NA,NA,salinas_socs,SOC_stock_Mg_ha,elemental_analysis,35,1,NA,NA,socs_sys6,4,6,0,30,10.1016/j.dib.2020.106481,FILLED_ZOTERO_XLSX,Zotero Supplementary Table 1,white_salinas_2020,Mg C ha-1,replicate
2009-10-30,2009-10-30,NA,NA,salinas_socs,SOC_conc_mg_kg,elemental_analysis,9960,1,NA,NA,socs_sys8,1,6,0,30,10.1016/j.dib.2020.106481,FILLED_ZOTERO_XLSX,Zotero Supplementary Table 1,white_salinas_2020,mg C kg-1 soil,replicate
2009-10-30,2009-10-30,NA,NA,salinas_socs,SOC_stock_Mg_ha,elemental_analysis,42,1,NA,NA,socs_sys8,1,6,0,30,10.1016/j.dib.2020.106481,FILLED_ZOTERO_XLSX,Zotero Supplementary Table 1,white_salinas_2020,Mg C ha-1,replicate
2009-10-30,2009-10-30,NA,NA,salinas_socs,SOC_conc_mg_kg,elemental_analysis,9667,1,NA,NA,socs_sys8,2,6,0,30,10.1016/j.dib.2020.106481,FILLED_ZOTERO_XLSX,Zotero Supplementary Table 1,white_salinas_2020,mg C kg-1 soil,replicate
2009-10-30,2009-10-30,NA,NA,salinas_socs,SOC_stock_Mg_ha,elemental_analysis,41,1,NA,NA,socs_sys8,2,6,0,30,10.1016/j.dib.2020.106481,FILLED_ZOTERO_XLSX,Zotero Supplementary Table 1,white_salinas_2020,Mg C ha-1,replicate
2009-10-30,2009-10-30,NA,NA,salinas_socs,SOC_conc_mg_kg,elemental_analysis,8744,1,NA,NA,socs_sys8,3,6,0,30,10.1016/j.dib.2020.106481,FILLED_ZOTERO_XLSX,Zotero Supplementary Table 1,white_salinas_2020,mg C kg-1 soil,replicate
2009-10-30,2009-10-30,NA,NA,salinas_socs,SOC_stock_Mg_ha,elemental_analysis,37,1,NA,NA,socs_sys8,3,6,0,30,10.1016/j.dib.2020.106481,FILLED_ZOTERO_XLSX,Zotero Supplementary Table 1,white_salinas_2020,Mg C ha-1,replicate
2009-10-30,2009-10-30,NA,NA,salinas_socs,SOC_conc_mg_kg,elemental_analysis,8918,1,NA,NA,socs_sys8,4,6,0,30,10.1016/j.dib.2020.106481,FILLED_ZOTERO_XLSX,Zotero Supplementary Table 1,white_salinas_2020,mg C kg-1 soil,replicate
2009-10-30,2009-10-30,NA,NA,salinas_socs,SOC_stock_Mg_ha,elemental_analysis,37,1,NA,NA,socs_sys8,4,6,0,30,10.1016/j.dib.2020.106481,FILLED_ZOTERO_XLSX,Zotero Supplementary Table 1,white_salinas_2020,Mg C ha-1,replicate
2010-10-01,2010-11-01,NA,NA,salinas_socs,SOC_conc_mg_kg,elemental_analysis,8475,1,NA,NA,socs_sys3,1,7,0,30,10.1016/j.dib.2020.106481,FILLED_ZOTERO_XLSX,Zotero Supplementary Table 1,white_salinas_2020,mg C kg-1 soil,replicate
2010-10-01,2010-11-01,NA,NA,salinas_socs,SOC_stock_Mg_ha,elemental_analysis,37,1,NA,NA,socs_sys3,1,7,0,30,10.1016/j.dib.2020.106481,FILLED_ZOTERO_XLSX,Zotero Supplementary Table 1,white_salinas_2020,Mg C ha-1,replicate
2010-10-01,2010-11-01,NA,NA,salinas_socs,SOC_conc_mg_kg,elemental_analysis,9133,1,NA,NA,socs_sys3,2,7,0,30,10.1016/j.dib.2020.106481,FILLED_ZOTERO_XLSX,Zotero Supplementary Table 1,white_salinas_2020,mg C kg-1 soil,replicate
2010-10-01,2010-11-01,NA,NA,salinas_socs,SOC_stock_Mg_ha,elemental_analysis,39,1,NA,NA,socs_sys3,2,7,0,30,10.1016/j.dib.2020.106481,FILLED_ZOTERO_XLSX,Zotero Supplementary Table 1,white_salinas_2020,Mg C ha-1,replicate
2010-10-01,2010-11-01,NA,NA,salinas_socs,SOC_conc_mg_kg,elemental_analysis,7123,1,NA,NA,socs_sys3,3,7,0,30,10.1016/j.dib.2020.106481,FILLED_ZOTERO_XLSX,Zotero Supplementary Table 1,white_salinas_2020,mg C kg-1 soil,replicate
2010-10-01,2010-11-01,NA,NA,salinas_socs,SOC_stock_Mg_ha,elemental_analysis,31,1,NA,NA,socs_sys3,3,7,0,30,10.1016/j.dib.2020.106481,FILLED_ZOTERO_XLSX,Zotero Supplementary Table 1,white_salinas_2020,Mg C ha-1,replicate
2010-10-01,2010-11-01,NA,NA,salinas_socs,SOC_conc_mg_kg,elemental_analysis,8767,1,NA,NA,socs_sys3,4,7,0,30,10.1016/j.dib.2020.106481,FILLED_ZOTERO_XLSX,Zotero Supplementary Table 1,white_salinas_2020,mg C kg-1 soil,replicate
2010-10-01,2010-11-01,NA,NA,salinas_socs,SOC_stock_Mg_ha,elemental_analysis,38,1,NA,NA,socs_sys3,4,7,0,30,10.1016/j.dib.2020.106481,FILLED_ZOTERO_XLSX,Zotero Supplementary Table 1,white_salinas_2020,Mg C ha-1,replicate
2010-10-01,2010-11-01,NA,NA,salinas_socs,SOC_conc_mg_kg,elemental_analysis,10775,1,NA,NA,socs_sys6,1,7,0,30,10.1016/j.dib.2020.106481,FILLED_ZOTERO_XLSX,Zotero Supplementary Table 1,white_salinas_2020,mg C kg-1 soil,replicate
2010-10-01,2010-11-01,NA,NA,salinas_socs,SOC_stock_Mg_ha,elemental_analysis,46,1,NA,NA,socs_sys6,1,7,0,30,10.1016/j.dib.2020.106481,FILLED_ZOTERO_XLSX,Zotero Supplementary Table 1,white_salinas_2020,Mg C ha-1,replicate
2010-10-01,2010-11-01,NA,NA,salinas_socs,SOC_conc_mg_kg,elemental_analysis,8755,1,NA,NA,socs_sys6,2,7,0,30,10.1016/j.dib.2020.106481,FILLED_ZOTERO_XLSX,Zotero Supplementary Table 1,white_salinas_2020,mg C kg-1 soil,replicate
2010-10-01,2010-11-01,NA,NA,salinas_socs,SOC_stock_Mg_ha,elemental_analysis,37,1,NA,NA,socs_sys6,2,7,0,30,10.1016/j.dib.2020.106481,FILLED_ZOTERO_XLSX,Zotero Supplementary Table 1,white_salinas_2020,Mg C ha-1,replicate
2010-10-01,2010-11-01,NA,NA,salinas_socs,SOC_conc_mg_kg,elemental_analysis,8633,1,NA,NA,socs_sys6,3,7,0,30,10.1016/j.dib.2020.106481,FILLED_ZOTERO_XLSX,Zotero Supplementary Table 1,white_salinas_2020,mg C kg-1 soil,replicate
2010-10-01,2010-11-01,NA,NA,salinas_socs,SOC_stock_Mg_ha,elemental_analysis,37,1,NA,NA,socs_sys6,3,7,0,30,10.1016/j.dib.2020.106481,FILLED_ZOTERO_XLSX,Zotero Supplementary Table 1,white_salinas_2020,Mg C ha-1,replicate
2010-10-01,2010-11-01,NA,NA,salinas_socs,SOC_conc_mg_kg,elemental_analysis,9333,1,NA,NA,socs_sys6,4,7,0,30,10.1016/j.dib.2020.106481,FILLED_ZOTERO_XLSX,Zotero Supplementary Table 1,white_salinas_2020,mg C kg-1 soil,replicate
2010-10-01,2010-11-01,NA,NA,salinas_socs,SOC_stock_Mg_ha,elemental_analysis,40,1,NA,NA,socs_sys6,4,7,0,30,10.1016/j.dib.2020.106481,FILLED_ZOTERO_XLSX,Zotero Supplementary Table 1,white_salinas_2020,Mg C ha-1,replicate
2010-10-01,2010-11-01,NA,NA,salinas_socs,SOC_conc_mg_kg,elemental_analysis,12400,1,NA,NA,socs_sys8,1,7,0,30,10.1016/j.dib.2020.106481,FILLED_ZOTERO_XLSX,Zotero Supplementary Table 1,white_salinas_2020,mg C kg-1 soil,replicate
2010-10-01,2010-11-01,NA,NA,salinas_socs,SOC_stock_Mg_ha,elemental_analysis,52,1,NA,NA,socs_sys8,1,7,0,30,10.1016/j.dib.2020.106481,FILLED_ZOTERO_XLSX,Zotero Supplementary Table 1,white_salinas_2020,Mg C ha-1,replicate
2010-10-01,2010-11-01,NA,NA,salinas_socs,SOC_conc_mg_kg,elemental_analysis,11006,1,NA,NA,socs_sys8,2,7,0,30,10.1016/j.dib.2020.106481,FILLED_ZOTERO_XLSX,Zotero Supplementary Table 1,white_salinas_2020,mg C kg-1 soil,replicate
2010-10-01,2010-11-01,NA,NA,salinas_socs,SOC_stock_Mg_ha,elemental_analysis,46,1,NA,NA,socs_sys8,2,7,0,30,10.1016/j.dib.2020.106481,FILLED_ZOTERO_XLSX,Zotero Supplementary Table 1,white_salinas_2020,Mg C ha-1,replicate
2010-10-01,2010-11-01,NA,NA,salinas_socs,SOC_conc_mg_kg,elemental_analysis,7839,1,NA,NA,socs_sys8,3,7,0,30,10.1016/j.dib.2020.106481,FILLED_ZOTERO_XLSX,Zotero Supplementary Table 1,white_salinas_2020,mg C kg-1 soil,replicate
2010-10-01,2010-11-01,NA,NA,salinas_socs,SOC_stock_Mg_ha,elemental_analysis,34,1,NA,NA,socs_sys8,3,7,0,30,10.1016/j.dib.2020.106481,FILLED_ZOTERO_XLSX,Zotero Supplementary Table 1,white_salinas_2020,Mg C ha-1,replicate
2010-10-01,2010-11-01,NA,NA,salinas_socs,SOC_conc_mg_kg,elemental_analysis,8075,1,NA,NA,socs_sys8,4,7,0,30,10.1016/j.dib.2020.106481,FILLED_ZOTERO_XLSX,Zotero Supplementary Table 1,white_salinas_2020,mg C kg-1 soil,replicate
2010-10-01,2010-11-01,NA,NA,salinas_socs,SOC_stock_Mg_ha,elemental_analysis,34,1,NA,NA,socs_sys8,4,7,0,30,10.1016/j.dib.2020.106481,FILLED_ZOTERO_XLSX,Zotero Supplementary Table 1,white_salinas_2020,Mg C ha-1,replicate
2011-08-01,2011-09-01,NA,NA,salinas_socs,SOC_conc_mg_kg,elemental_analysis,8110,1,NA,NA,socs_sys3,1,8,0,30,10.1016/j.dib.2020.106481,FILLED_ZOTERO_XLSX,Zotero Supplementary Table 1,white_salinas_2020,mg C kg-1 soil,replicate
2011-08-01,2011-09-01,NA,NA,salinas_socs,SOC_stock_Mg_ha,elemental_analysis,36,1,NA,NA,socs_sys3,1,8,0,30,10.1016/j.dib.2020.106481,FILLED_ZOTERO_XLSX,Zotero Supplementary Table 1,white_salinas_2020,Mg C ha-1,replicate
2011-08-01,2011-09-01,NA,NA,salinas_socs,SOC_conc_mg_kg,elemental_analysis,6867,1,NA,NA,socs_sys3,2,8,0,30,10.1016/j.dib.2020.106481,FILLED_ZOTERO_XLSX,Zotero Supplementary Table 1,white_salinas_2020,mg C kg-1 soil,replicate
2011-08-01,2011-09-01,NA,NA,salinas_socs,SOC_stock_Mg_ha,elemental_analysis,30,1,NA,NA,socs_sys3,2,8,0,30,10.1016/j.dib.2020.106481,FILLED_ZOTERO_XLSX,Zotero Supplementary Table 1,white_salinas_2020,Mg C ha-1,replicate
2011-08-01,2011-09-01,NA,NA,salinas_socs,SOC_conc_mg_kg,elemental_analysis,6971,1,NA,NA,socs_sys3,3,8,0,30,10.1016/j.dib.2020.106481,FILLED_ZOTERO_XLSX,Zotero Supplementary Table 1,white_salinas_2020,mg C kg-1 soil,replicate
2011-08-01,2011-09-01,NA,NA,salinas_socs,SOC_stock_Mg_ha,elemental_analysis,31,1,NA,NA,socs_sys3,3,8,0,30,10.1016/j.dib.2020.106481,FILLED_ZOTERO_XLSX,Zotero Supplementary Table 1,white_salinas_2020,Mg C ha-1,replicate
2011-08-01,2011-09-01,NA,NA,salinas_socs,SOC_conc_mg_kg,elemental_analysis,7359,1,NA,NA,socs_sys3,4,8,0,30,10.1016/j.dib.2020.106481,FILLED_ZOTERO_XLSX,Zotero Supplementary Table 1,white_salinas_2020,mg C kg-1 soil,replicate
2011-08-01,2011-09-01,NA,NA,salinas_socs,SOC_stock_Mg_ha,elemental_analysis,32,1,NA,NA,socs_sys3,4,8,0,30,10.1016/j.dib.2020.106481,FILLED_ZOTERO_XLSX,Zotero Supplementary Table 1,white_salinas_2020,Mg C ha-1,replicate
2011-08-01,2011-09-01,NA,NA,salinas_socs,SOC_conc_mg_kg,elemental_analysis,8627,1,NA,NA,socs_sys6,1,8,0,30,10.1016/j.dib.2020.106481,FILLED_ZOTERO_XLSX,Zotero Supplementary Table 1,white_salinas_2020,mg C kg-1 soil,replicate
2011-08-01,2011-09-01,NA,NA,salinas_socs,SOC_stock_Mg_ha,elemental_analysis,38,1,NA,NA,socs_sys6,1,8,0,30,10.1016/j.dib.2020.106481,FILLED_ZOTERO_XLSX,Zotero Supplementary Table 1,white_salinas_2020,Mg C ha-1,replicate
2011-08-01,2011-09-01,NA,NA,salinas_socs,SOC_conc_mg_kg,elemental_analysis,7603,1,NA,NA,socs_sys6,2,8,0,30,10.1016/j.dib.2020.106481,FILLED_ZOTERO_XLSX,Zotero Supplementary Table 1,white_salinas_2020,mg C kg-1 soil,replicate
2011-08-01,2011-09-01,NA,NA,salinas_socs,SOC_stock_Mg_ha,elemental_analysis,33,1,NA,NA,socs_sys6,2,8,0,30,10.1016/j.dib.2020.106481,FILLED_ZOTERO_XLSX,Zotero Supplementary Table 1,white_salinas_2020,Mg C ha-1,replicate
2011-08-01,2011-09-01,NA,NA,salinas_socs,SOC_conc_mg_kg,elemental_analysis,6767,1,NA,NA,socs_sys6,3,8,0,30,10.1016/j.dib.2020.106481,FILLED_ZOTERO_XLSX,Zotero Supplementary Table 1,white_salinas_2020,mg C kg-1 soil,replicate
2011-08-01,2011-09-01,NA,NA,salinas_socs,SOC_stock_Mg_ha,elemental_analysis,30,1,NA,NA,socs_sys6,3,8,0,30,10.1016/j.dib.2020.106481,FILLED_ZOTERO_XLSX,Zotero Supplementary Table 1,white_salinas_2020,Mg C ha-1,replicate
2011-08-01,2011-09-01,NA,NA,salinas_socs,SOC_conc_mg_kg,elemental_analysis,6991,1,NA,NA,socs_sys6,4,8,0,30,10.1016/j.dib.2020.106481,FILLED_ZOTERO_XLSX,Zotero Supplementary Table 1,white_salinas_2020,mg C kg-1 soil,replicate
2011-08-01,2011-09-01,NA,NA,salinas_socs,SOC_stock_Mg_ha,elemental_analysis,31,1,NA,NA,socs_sys6,4,8,0,30,10.1016/j.dib.2020.106481,FILLED_ZOTERO_XLSX,Zotero Supplementary Table 1,white_salinas_2020,Mg C ha-1,replicate
2011-08-01,2011-09-01,NA,NA,salinas_socs,SOC_conc_mg_kg,elemental_analysis,7855,1,NA,NA,socs_sys8,1,8,0,30,10.1016/j.dib.2020.106481,FILLED_ZOTERO_XLSX,Zotero Supplementary Table 1,white_salinas_2020,mg C kg-1 soil,replicate
2011-08-01,2011-09-01,NA,NA,salinas_socs,SOC_stock_Mg_ha,elemental_analysis,35,1,NA,NA,socs_sys8,1,8,0,30,10.1016/j.dib.2020.106481,FILLED_ZOTERO_XLSX,Zotero Supplementary Table 1,white_salinas_2020,Mg C ha-1,replicate
2011-08-01,2011-09-01,NA,NA,salinas_socs,SOC_conc_mg_kg,elemental_analysis,6348,1,NA,NA,socs_sys8,2,8,0,30,10.1016/j.dib.2020.106481,FILLED_ZOTERO_XLSX,Zotero Supplementary Table 1,white_salinas_2020,mg C kg-1 soil,replicate
2011-08-01,2011-09-01,NA,NA,salinas_socs,SOC_stock_Mg_ha,elemental_analysis,29,1,NA,NA,socs_sys8,2,8,0,30,10.1016/j.dib.2020.106481,FILLED_ZOTERO_XLSX,Zotero Supplementary Table 1,white_salinas_2020,Mg C ha-1,replicate
2011-08-01,2011-09-01,NA,NA,salinas_socs,SOC_conc_mg_kg,elemental_analysis,7401,1,NA,NA,socs_sys8,3,8,0,30,10.1016/j.dib.2020.106481,FILLED_ZOTERO_XLSX,Zotero Supplementary Table 1,white_salinas_2020,mg C kg-1 soil,replicate
2011-08-01,2011-09-01,NA,NA,salinas_socs,SOC_stock_Mg_ha,elemental_analysis,32,1,NA,NA,socs_sys8,3,8,0,30,10.1016/j.dib.2020.106481,FILLED_ZOTERO_XLSX,Zotero Supplementary Table 1,white_salinas_2020,Mg C ha-1,replicate
2011-08-01,2011-09-01,NA,NA,salinas_socs,SOC_conc_mg_kg,elemental_analysis,7567,1,NA,NA,socs_sys8,4,8,0,30,10.1016/j.dib.2020.106481,FILLED_ZOTERO_XLSX,Zotero Supplementary Table 1,white_salinas_2020,mg C kg-1 soil,replicate
2011-08-01,2011-09-01,NA,NA,salinas_socs,SOC_stock_Mg_ha,elemental_analysis,32,1,NA,NA,socs_sys8,4,8,0,30,10.1016/j.dib.2020.106481,FILLED_ZOTERO_XLSX,Zotero Supplementary Table 1,white_salinas_2020,Mg C ha-1,replicate
2006-10-01,2006-11-01,NA,NA,salinas_socs,total_N_conc_mg_kg,elemental_analysis,700,1,NA,NA,socs_sys5,1,3,0,30,10.1016/j.dib.2020.106481,FILLED_ZOTERO_XLSX,NA,white_salinas_2020,NA,NA
2006-10-01,2006-11-01,NA,NA,salinas_socs,nitrate_N_mg_kg,colorimetric_nitrate,7,1,NA,NA,socs_sys5,1,3,0,30,10.1016/j.dib.2020.106481,FILLED_ZOTERO_XLSX,NA,white_salinas_2020,NA,NA
2006-10-01,2006-11-01,NA,NA,salinas_socs,total_N_conc_mg_kg,elemental_analysis,800,1,NA,NA,socs_sys5,2,3,0,30,10.1016/j.dib.2020.106481,FILLED_ZOTERO_XLSX,NA,white_salinas_2020,NA,NA
2006-10-01,2006-11-01,NA,NA,salinas_socs,nitrate_N_mg_kg,colorimetric_nitrate,12,1,NA,NA,socs_sys5,2,3,0,30,10.1016/j.dib.2020.106481,FILLED_ZOTERO_XLSX,NA,white_salinas_2020,NA,NA
2006-10-01,2006-11-01,NA,NA,salinas_socs,total_N_conc_mg_kg,elemental_analysis,600,1,NA,NA,socs_sys5,3,3,0,30,10.1016/j.dib.2020.106481,FILLED_ZOTERO_XLSX,NA,white_salinas_2020,NA,NA
2006-10-01,2006-11-01,NA,NA,salinas_socs,nitrate_N_mg_kg,colorimetric_nitrate,11,1,NA,NA,socs_sys5,3,3,0,30,10.1016/j.dib.2020.106481,FILLED_ZOTERO_XLSX,NA,white_salinas_2020,NA,NA
2006-10-01,2006-11-01,NA,NA,salinas_socs,total_N_conc_mg_kg,elemental_analysis,900,1,NA,NA,socs_sys5,4,3,0,30,10.1016/j.dib.2020.106481,FILLED_ZOTERO_XLSX,NA,white_salinas_2020,NA,NA
2006-10-01,2006-11-01,NA,NA,salinas_socs,nitrate_N_mg_kg,colorimetric_nitrate,17,1,NA,NA,socs_sys5,4,3,0,30,10.1016/j.dib.2020.106481,FILLED_ZOTERO_XLSX,NA,white_salinas_2020,NA,NA
2006-10-01,2006-11-01,NA,NA,salinas_socs,total_N_conc_mg_kg,elemental_analysis,700,1,NA,NA,socs_sys7,1,3,0,30,10.1016/j.dib.2020.106481,FILLED_ZOTERO_XLSX,NA,white_salinas_2020,NA,NA
2006-10-01,2006-11-01,NA,NA,salinas_socs,nitrate_N_mg_kg,colorimetric_nitrate,8,1,NA,NA,socs_sys7,1,3,0,30,10.1016/j.dib.2020.106481,FILLED_ZOTERO_XLSX,NA,white_salinas_2020,NA,NA
2006-10-01,2006-11-01,NA,NA,salinas_socs,total_N_conc_mg_kg,elemental_analysis,700,1,NA,NA,socs_sys7,2,3,0,30,10.1016/j.dib.2020.106481,FILLED_ZOTERO_XLSX,NA,white_salinas_2020,NA,NA
2006-10-01,2006-11-01,NA,NA,salinas_socs,nitrate_N_mg_kg,colorimetric_nitrate,9,1,NA,NA,socs_sys7,2,3,0,30,10.1016/j.dib.2020.106481,FILLED_ZOTERO_XLSX,NA,white_salinas_2020,NA,NA
2006-10-01,2006-11-01,NA,NA,salinas_socs,total_N_conc_mg_kg,elemental_analysis,800,1,NA,NA,socs_sys7,3,3,0,30,10.1016/j.dib.2020.106481,FILLED_ZOTERO_XLSX,NA,white_salinas_2020,NA,NA
2006-10-01,2006-11-01,NA,NA,salinas_socs,nitrate_N_mg_kg,colorimetric_nitrate,12,1,NA,NA,socs_sys7,3,3,0,30,10.1016/j.dib.2020.106481,FILLED_ZOTERO_XLSX,NA,white_salinas_2020,NA,NA
2006-10-01,2006-11-01,NA,NA,salinas_socs,total_N_conc_mg_kg,elemental_analysis,800,1,NA,NA,socs_sys7,4,3,0,30,10.1016/j.dib.2020.106481,FILLED_ZOTERO_XLSX,NA,white_salinas_2020,NA,NA
2006-10-01,2006-11-01,NA,NA,salinas_socs,nitrate_N_mg_kg,colorimetric_nitrate,14,1,NA,NA,socs_sys7,4,3,0,30,10.1016/j.dib.2020.106481,FILLED_ZOTERO_XLSX,NA,white_salinas_2020,NA,NA
2007-10-01,2007-11-01,NA,NA,salinas_socs,total_N_conc_mg_kg,elemental_analysis,500,1,NA,NA,socs_sys1,1,4,0,30,10.1016/j.dib.2020.106481,FILLED_ZOTERO_XLSX,NA,white_salinas_2020,NA,NA
2007-10-01,2007-11-01,NA,NA,salinas_socs,nitrate_N_mg_kg,colorimetric_nitrate,12,1,NA,NA,socs_sys1,1,4,0,30,10.1016/j.dib.2020.106481,FILLED_ZOTERO_XLSX,NA,white_salinas_2020,NA,NA
2007-10-01,2007-11-01,NA,NA,salinas_socs,total_N_conc_mg_kg,elemental_analysis,500,1,NA,NA,socs_sys1,2,4,0,30,10.1016/j.dib.2020.106481,FILLED_ZOTERO_XLSX,NA,white_salinas_2020,NA,NA
2007-10-01,2007-11-01,NA,NA,salinas_socs,nitrate_N_mg_kg,colorimetric_nitrate,11,1,NA,NA,socs_sys1,2,4,0,30,10.1016/j.dib.2020.106481,FILLED_ZOTERO_XLSX,NA,white_salinas_2020,NA,NA
2007-10-01,2007-11-01,NA,NA,salinas_socs,total_N_conc_mg_kg,elemental_analysis,500,1,NA,NA,socs_sys1,3,4,0,30,10.1016/j.dib.2020.106481,FILLED_ZOTERO_XLSX,NA,white_salinas_2020,NA,NA
2007-10-01,2007-11-01,NA,NA,salinas_socs,nitrate_N_mg_kg,colorimetric_nitrate,8,1,NA,NA,socs_sys1,3,4,0,30,10.1016/j.dib.2020.106481,FILLED_ZOTERO_XLSX,NA,white_salinas_2020,NA,NA
2007-10-01,2007-11-01,NA,NA,salinas_socs,total_N_conc_mg_kg,elemental_analysis,600,1,NA,NA,socs_sys1,4,4,0,30,10.1016/j.dib.2020.106481,FILLED_ZOTERO_XLSX,NA,white_salinas_2020,NA,NA
2007-10-01,2007-11-01,NA,NA,salinas_socs,nitrate_N_mg_kg,colorimetric_nitrate,8,1,NA,NA,socs_sys1,4,4,0,30,10.1016/j.dib.2020.106481,FILLED_ZOTERO_XLSX,NA,white_salinas_2020,NA,NA
2007-10-01,2007-11-01,NA,NA,salinas_socs,total_N_conc_mg_kg,elemental_analysis,800,1,NA,NA,socs_sys2,1,4,0,30,10.1016/j.dib.2020.106481,FILLED_ZOTERO_XLSX,NA,white_salinas_2020,NA,NA
2007-10-01,2007-11-01,NA,NA,salinas_socs,nitrate_N_mg_kg,colorimetric_nitrate,10,1,NA,NA,socs_sys2,1,4,0,30,10.1016/j.dib.2020.106481,FILLED_ZOTERO_XLSX,NA,white_salinas_2020,NA,NA
2007-10-01,2007-11-01,NA,NA,salinas_socs,total_N_conc_mg_kg,elemental_analysis,600,1,NA,NA,socs_sys2,2,4,0,30,10.1016/j.dib.2020.106481,FILLED_ZOTERO_XLSX,NA,white_salinas_2020,NA,NA
2007-10-01,2007-11-01,NA,NA,salinas_socs,nitrate_N_mg_kg,colorimetric_nitrate,15,1,NA,NA,socs_sys2,2,4,0,30,10.1016/j.dib.2020.106481,FILLED_ZOTERO_XLSX,NA,white_salinas_2020,NA,NA
2007-10-01,2007-11-01,NA,NA,salinas_socs,total_N_conc_mg_kg,elemental_analysis,500,1,NA,NA,socs_sys2,3,4,0,30,10.1016/j.dib.2020.106481,FILLED_ZOTERO_XLSX,NA,white_salinas_2020,NA,NA
2007-10-01,2007-11-01,NA,NA,salinas_socs,nitrate_N_mg_kg,colorimetric_nitrate,22,1,NA,NA,socs_sys2,3,4,0,30,10.1016/j.dib.2020.106481,FILLED_ZOTERO_XLSX,NA,white_salinas_2020,NA,NA
2007-10-01,2007-11-01,NA,NA,salinas_socs,total_N_conc_mg_kg,elemental_analysis,700,1,NA,NA,socs_sys2,4,4,0,30,10.1016/j.dib.2020.106481,FILLED_ZOTERO_XLSX,NA,white_salinas_2020,NA,NA
2007-10-01,2007-11-01,NA,NA,salinas_socs,nitrate_N_mg_kg,colorimetric_nitrate,15,1,NA,NA,socs_sys2,4,4,0,30,10.1016/j.dib.2020.106481,FILLED_ZOTERO_XLSX,NA,white_salinas_2020,NA,NA
2007-10-01,2007-11-01,NA,NA,salinas_socs,total_N_conc_mg_kg,elemental_analysis,600,1,NA,NA,socs_sys4,1,4,0,30,10.1016/j.dib.2020.106481,FILLED_ZOTERO_XLSX,NA,white_salinas_2020,NA,NA
2007-10-01,2007-11-01,NA,NA,salinas_socs,nitrate_N_mg_kg,colorimetric_nitrate,22,1,NA,NA,socs_sys4,1,4,0,30,10.1016/j.dib.2020.106481,FILLED_ZOTERO_XLSX,NA,white_salinas_2020,NA,NA
2007-10-01,2007-11-01,NA,NA,salinas_socs,total_N_conc_mg_kg,elemental_analysis,700,1,NA,NA,socs_sys4,2,4,0,30,10.1016/j.dib.2020.106481,FILLED_ZOTERO_XLSX,NA,white_salinas_2020,NA,NA
2007-10-01,2007-11-01,NA,NA,salinas_socs,nitrate_N_mg_kg,colorimetric_nitrate,19,1,NA,NA,socs_sys4,2,4,0,30,10.1016/j.dib.2020.106481,FILLED_ZOTERO_XLSX,NA,white_salinas_2020,NA,NA
2007-10-01,2007-11-01,NA,NA,salinas_socs,total_N_conc_mg_kg,elemental_analysis,700,1,NA,NA,socs_sys4,3,4,0,30,10.1016/j.dib.2020.106481,FILLED_ZOTERO_XLSX,NA,white_salinas_2020,NA,NA
2007-10-01,2007-11-01,NA,NA,salinas_socs,nitrate_N_mg_kg,colorimetric_nitrate,19,1,NA,NA,socs_sys4,3,4,0,30,10.1016/j.dib.2020.106481,FILLED_ZOTERO_XLSX,NA,white_salinas_2020,NA,NA
2007-10-01,2007-11-01,NA,NA,salinas_socs,total_N_conc_mg_kg,elemental_analysis,700,1,NA,NA,socs_sys4,4,4,0,30,10.1016/j.dib.2020.106481,FILLED_ZOTERO_XLSX,NA,white_salinas_2020,NA,NA
2007-10-01,2007-11-01,NA,NA,salinas_socs,nitrate_N_mg_kg,colorimetric_nitrate,34,1,NA,NA,socs_sys4,4,4,0,30,10.1016/j.dib.2020.106481,FILLED_ZOTERO_XLSX,NA,white_salinas_2020,NA,NA
2007-10-01,2007-11-01,NA,NA,salinas_socs,total_N_conc_mg_kg,elemental_analysis,400,1,NA,NA,socs_sys5,1,4,0,30,10.1016/j.dib.2020.106481,FILLED_ZOTERO_XLSX,NA,white_salinas_2020,NA,NA
2007-10-01,2007-11-01,NA,NA,salinas_socs,nitrate_N_mg_kg,colorimetric_nitrate,11,1,NA,NA,socs_sys5,1,4,0,30,10.1016/j.dib.2020.106481,FILLED_ZOTERO_XLSX,NA,white_salinas_2020,NA,NA
2007-10-01,2007-11-01,NA,NA,salinas_socs,total_N_conc_mg_kg,elemental_analysis,700,1,NA,NA,socs_sys5,2,4,0,30,10.1016/j.dib.2020.106481,FILLED_ZOTERO_XLSX,NA,white_salinas_2020,NA,NA
2007-10-01,2007-11-01,NA,NA,salinas_socs,nitrate_N_mg_kg,colorimetric_nitrate,17,1,NA,NA,socs_sys5,2,4,0,30,10.1016/j.dib.2020.106481,FILLED_ZOTERO_XLSX,NA,white_salinas_2020,NA,NA
2007-10-01,2007-11-01,NA,NA,salinas_socs,total_N_conc_mg_kg,elemental_analysis,700,1,NA,NA,socs_sys5,3,4,0,30,10.1016/j.dib.2020.106481,FILLED_ZOTERO_XLSX,NA,white_salinas_2020,NA,NA
2007-10-01,2007-11-01,NA,NA,salinas_socs,nitrate_N_mg_kg,colorimetric_nitrate,11,1,NA,NA,socs_sys5,3,4,0,30,10.1016/j.dib.2020.106481,FILLED_ZOTERO_XLSX,NA,white_salinas_2020,NA,NA
2007-10-01,2007-11-01,NA,NA,salinas_socs,total_N_conc_mg_kg,elemental_analysis,800,1,NA,NA,socs_sys5,4,4,0,30,10.1016/j.dib.2020.106481,FILLED_ZOTERO_XLSX,NA,white_salinas_2020,NA,NA
2007-10-01,2007-11-01,NA,NA,salinas_socs,nitrate_N_mg_kg,colorimetric_nitrate,17,1,NA,NA,socs_sys5,4,4,0,30,10.1016/j.dib.2020.106481,FILLED_ZOTERO_XLSX,NA,white_salinas_2020,NA,NA
2007-10-01,2007-11-01,NA,NA,salinas_socs,total_N_conc_mg_kg,elemental_analysis,500,1,NA,NA,socs_sys7,1,4,0,30,10.1016/j.dib.2020.106481,FILLED_ZOTERO_XLSX,NA,white_salinas_2020,NA,NA
2007-10-01,2007-11-01,NA,NA,salinas_socs,nitrate_N_mg_kg,colorimetric_nitrate,12,1,NA,NA,socs_sys7,1,4,0,30,10.1016/j.dib.2020.106481,FILLED_ZOTERO_XLSX,NA,white_salinas_2020,NA,NA
2007-10-01,2007-11-01,NA,NA,salinas_socs,total_N_conc_mg_kg,elemental_analysis,600,1,NA,NA,socs_sys7,2,4,0,30,10.1016/j.dib.2020.106481,FILLED_ZOTERO_XLSX,NA,white_salinas_2020,NA,NA
2007-10-01,2007-11-01,NA,NA,salinas_socs,nitrate_N_mg_kg,colorimetric_nitrate,7,1,NA,NA,socs_sys7,2,4,0,30,10.1016/j.dib.2020.106481,FILLED_ZOTERO_XLSX,NA,white_salinas_2020,NA,NA
2007-10-01,2007-11-01,NA,NA,salinas_socs,total_N_conc_mg_kg,elemental_analysis,600,1,NA,NA,socs_sys7,3,4,0,30,10.1016/j.dib.2020.106481,FILLED_ZOTERO_XLSX,NA,white_salinas_2020,NA,NA
2007-10-01,2007-11-01,NA,NA,salinas_socs,nitrate_N_mg_kg,colorimetric_nitrate,16,1,NA,NA,socs_sys7,3,4,0,30,10.1016/j.dib.2020.106481,FILLED_ZOTERO_XLSX,NA,white_salinas_2020,NA,NA
2007-10-01,2007-11-01,NA,NA,salinas_socs,total_N_conc_mg_kg,elemental_analysis,800,1,NA,NA,socs_sys7,4,4,0,30,10.1016/j.dib.2020.106481,FILLED_ZOTERO_XLSX,NA,white_salinas_2020,NA,NA
2007-10-01,2007-11-01,NA,NA,salinas_socs,nitrate_N_mg_kg,colorimetric_nitrate,15,1,NA,NA,socs_sys7,4,4,0,30,10.1016/j.dib.2020.106481,FILLED_ZOTERO_XLSX,NA,white_salinas_2020,NA,NA
2008-10-01,2008-11-01,NA,NA,salinas_socs,total_N_conc_mg_kg,elemental_analysis,600,1,NA,NA,socs_sys1,1,5,0,30,10.1016/j.dib.2020.106481,FILLED_ZOTERO_XLSX,NA,white_salinas_2020,NA,NA
2008-10-01,2008-11-01,NA,NA,salinas_socs,nitrate_N_mg_kg,colorimetric_nitrate,10,1,NA,NA,socs_sys1,1,5,0,30,10.1016/j.dib.2020.106481,FILLED_ZOTERO_XLSX,NA,white_salinas_2020,NA,NA
2008-10-01,2008-11-01,NA,NA,salinas_socs,total_N_conc_mg_kg,elemental_analysis,500,1,NA,NA,socs_sys1,2,5,0,30,10.1016/j.dib.2020.106481,FILLED_ZOTERO_XLSX,NA,white_salinas_2020,NA,NA
2008-10-01,2008-11-01,NA,NA,salinas_socs,nitrate_N_mg_kg,colorimetric_nitrate,9,1,NA,NA,socs_sys1,2,5,0,30,10.1016/j.dib.2020.106481,FILLED_ZOTERO_XLSX,NA,white_salinas_2020,NA,NA
2008-10-01,2008-11-01,NA,NA,salinas_socs,total_N_conc_mg_kg,elemental_analysis,400,1,NA,NA,socs_sys1,3,5,0,30,10.1016/j.dib.2020.106481,FILLED_ZOTERO_XLSX,NA,white_salinas_2020,NA,NA
2008-10-01,2008-11-01,NA,NA,salinas_socs,nitrate_N_mg_kg,colorimetric_nitrate,7,1,NA,NA,socs_sys1,3,5,0,30,10.1016/j.dib.2020.106481,FILLED_ZOTERO_XLSX,NA,white_salinas_2020,NA,NA
2008-10-01,2008-11-01,NA,NA,salinas_socs,total_N_conc_mg_kg,elemental_analysis,700,1,NA,NA,socs_sys1,4,5,0,30,10.1016/j.dib.2020.106481,FILLED_ZOTERO_XLSX,NA,white_salinas_2020,NA,NA
2008-10-01,2008-11-01,NA,NA,salinas_socs,nitrate_N_mg_kg,colorimetric_nitrate,27,1,NA,NA,socs_sys1,4,5,0,30,10.1016/j.dib.2020.106481,FILLED_ZOTERO_XLSX,NA,white_salinas_2020,NA,NA
2008-10-01,2008-11-01,NA,NA,salinas_socs,total_N_conc_mg_kg,elemental_analysis,600,1,NA,NA,socs_sys2,1,5,0,30,10.1016/j.dib.2020.106481,FILLED_ZOTERO_XLSX,NA,white_salinas_2020,NA,NA
2008-10-01,2008-11-01,NA,NA,salinas_socs,nitrate_N_mg_kg,colorimetric_nitrate,9,1,NA,NA,socs_sys2,1,5,0,30,10.1016/j.dib.2020.106481,FILLED_ZOTERO_XLSX,NA,white_salinas_2020,NA,NA
2008-10-01,2008-11-01,NA,NA,salinas_socs,total_N_conc_mg_kg,elemental_analysis,600,1,NA,NA,socs_sys2,2,5,0,30,10.1016/j.dib.2020.106481,FILLED_ZOTERO_XLSX,NA,white_salinas_2020,NA,NA
2008-10-01,2008-11-01,NA,NA,salinas_socs,nitrate_N_mg_kg,colorimetric_nitrate,12,1,NA,NA,socs_sys2,2,5,0,30,10.1016/j.dib.2020.106481,FILLED_ZOTERO_XLSX,NA,white_salinas_2020,NA,NA
2008-10-01,2008-11-01,NA,NA,salinas_socs,total_N_conc_mg_kg,elemental_analysis,700,1,NA,NA,socs_sys2,3,5,0,30,10.1016/j.dib.2020.106481,FILLED_ZOTERO_XLSX,NA,white_salinas_2020,NA,NA
2008-10-01,2008-11-01,NA,NA,salinas_socs,nitrate_N_mg_kg,colorimetric_nitrate,13,1,NA,NA,socs_sys2,3,5,0,30,10.1016/j.dib.2020.106481,FILLED_ZOTERO_XLSX,NA,white_salinas_2020,NA,NA
2008-10-01,2008-11-01,NA,NA,salinas_socs,total_N_conc_mg_kg,elemental_analysis,700,1,NA,NA,socs_sys2,4,5,0,30,10.1016/j.dib.2020.106481,FILLED_ZOTERO_XLSX,NA,white_salinas_2020,NA,NA
2008-10-01,2008-11-01,NA,NA,salinas_socs,nitrate_N_mg_kg,colorimetric_nitrate,15,1,NA,NA,socs_sys2,4,5,0,30,10.1016/j.dib.2020.106481,FILLED_ZOTERO_XLSX,NA,white_salinas_2020,NA,NA
2008-10-01,2008-11-01,NA,NA,salinas_socs,total_N_conc_mg_kg,elemental_analysis,800,1,NA,NA,socs_sys4,1,5,0,30,10.1016/j.dib.2020.106481,FILLED_ZOTERO_XLSX,NA,white_salinas_2020,NA,NA
2008-10-01,2008-11-01,NA,NA,salinas_socs,nitrate_N_mg_kg,colorimetric_nitrate,23,1,NA,NA,socs_sys4,1,5,0,30,10.1016/j.dib.2020.106481,FILLED_ZOTERO_XLSX,NA,white_salinas_2020,NA,NA
2008-10-01,2008-11-01,NA,NA,salinas_socs,total_N_conc_mg_kg,elemental_analysis,700,1,NA,NA,socs_sys4,2,5,0,30,10.1016/j.dib.2020.106481,FILLED_ZOTERO_XLSX,NA,white_salinas_2020,NA,NA
2008-10-01,2008-11-01,NA,NA,salinas_socs,nitrate_N_mg_kg,colorimetric_nitrate,26,1,NA,NA,socs_sys4,2,5,0,30,10.1016/j.dib.2020.106481,FILLED_ZOTERO_XLSX,NA,white_salinas_2020,NA,NA
2008-10-01,2008-11-01,NA,NA,salinas_socs,total_N_conc_mg_kg,elemental_analysis,600,1,NA,NA,socs_sys4,3,5,0,30,10.1016/j.dib.2020.106481,FILLED_ZOTERO_XLSX,NA,white_salinas_2020,NA,NA
2008-10-01,2008-11-01,NA,NA,salinas_socs,nitrate_N_mg_kg,colorimetric_nitrate,20,1,NA,NA,socs_sys4,3,5,0,30,10.1016/j.dib.2020.106481,FILLED_ZOTERO_XLSX,NA,white_salinas_2020,NA,NA
2008-10-01,2008-11-01,NA,NA,salinas_socs,total_N_conc_mg_kg,elemental_analysis,800,1,NA,NA,socs_sys4,4,5,0,30,10.1016/j.dib.2020.106481,FILLED_ZOTERO_XLSX,NA,white_salinas_2020,NA,NA
2008-10-01,2008-11-01,NA,NA,salinas_socs,nitrate_N_mg_kg,colorimetric_nitrate,26,1,NA,NA,socs_sys4,4,5,0,30,10.1016/j.dib.2020.106481,FILLED_ZOTERO_XLSX,NA,white_salinas_2020,NA,NA
2008-10-01,2008-11-01,NA,NA,salinas_socs,total_N_conc_mg_kg,elemental_analysis,600,1,NA,NA,socs_sys5,1,5,0,30,10.1016/j.dib.2020.106481,FILLED_ZOTERO_XLSX,NA,white_salinas_2020,NA,NA
2008-10-01,2008-11-01,NA,NA,salinas_socs,nitrate_N_mg_kg,colorimetric_nitrate,13,1,NA,NA,socs_sys5,1,5,0,30,10.1016/j.dib.2020.106481,FILLED_ZOTERO_XLSX,NA,white_salinas_2020,NA,NA
2008-10-01,2008-11-01,NA,NA,salinas_socs,total_N_conc_mg_kg,elemental_analysis,600,1,NA,NA,socs_sys5,2,5,0,30,10.1016/j.dib.2020.106481,FILLED_ZOTERO_XLSX,NA,white_salinas_2020,NA,NA
2008-10-01,2008-11-01,NA,NA,salinas_socs,nitrate_N_mg_kg,colorimetric_nitrate,21,1,NA,NA,socs_sys5,2,5,0,30,10.1016/j.dib.2020.106481,FILLED_ZOTERO_XLSX,NA,white_salinas_2020,NA,NA
2008-10-01,2008-11-01,NA,NA,salinas_socs,total_N_conc_mg_kg,elemental_analysis,500,1,NA,NA,socs_sys5,3,5,0,30,10.1016/j.dib.2020.106481,FILLED_ZOTERO_XLSX,NA,white_salinas_2020,NA,NA
2008-10-01,2008-11-01,NA,NA,salinas_socs,nitrate_N_mg_kg,colorimetric_nitrate,18,1,NA,NA,socs_sys5,3,5,0,30,10.1016/j.dib.2020.106481,FILLED_ZOTERO_XLSX,NA,white_salinas_2020,NA,NA
2008-10-01,2008-11-01,NA,NA,salinas_socs,total_N_conc_mg_kg,elemental_analysis,900,1,NA,NA,socs_sys5,4,5,0,30,10.1016/j.dib.2020.106481,FILLED_ZOTERO_XLSX,NA,white_salinas_2020,NA,NA
2008-10-01,2008-11-01,NA,NA,salinas_socs,nitrate_N_mg_kg,colorimetric_nitrate,17,1,NA,NA,socs_sys5,4,5,0,30,10.1016/j.dib.2020.106481,FILLED_ZOTERO_XLSX,NA,white_salinas_2020,NA,NA
2008-10-01,2008-11-01,NA,NA,salinas_socs,total_N_conc_mg_kg,elemental_analysis,700,1,NA,NA,socs_sys7,1,5,0,30,10.1016/j.dib.2020.106481,FILLED_ZOTERO_XLSX,NA,white_salinas_2020,NA,NA
2008-10-01,2008-11-01,NA,NA,salinas_socs,nitrate_N_mg_kg,colorimetric_nitrate,20,1,NA,NA,socs_sys7,1,5,0,30,10.1016/j.dib.2020.106481,FILLED_ZOTERO_XLSX,NA,white_salinas_2020,NA,NA
2008-10-01,2008-11-01,NA,NA,salinas_socs,total_N_conc_mg_kg,elemental_analysis,900,1,NA,NA,socs_sys7,2,5,0,30,10.1016/j.dib.2020.106481,FILLED_ZOTERO_XLSX,NA,white_salinas_2020,NA,NA
2008-10-01,2008-11-01,NA,NA,salinas_socs,nitrate_N_mg_kg,colorimetric_nitrate,15,1,NA,NA,socs_sys7,2,5,0,30,10.1016/j.dib.2020.106481,FILLED_ZOTERO_XLSX,NA,white_salinas_2020,NA,NA
2008-10-01,2008-11-01,NA,NA,salinas_socs,total_N_conc_mg_kg,elemental_analysis,700,1,NA,NA,socs_sys7,3,5,0,30,10.1016/j.dib.2020.106481,FILLED_ZOTERO_XLSX,NA,white_salinas_2020,NA,NA
2008-10-01,2008-11-01,NA,NA,salinas_socs,nitrate_N_mg_kg,colorimetric_nitrate,18,1,NA,NA,socs_sys7,3,5,0,30,10.1016/j.dib.2020.106481,FILLED_ZOTERO_XLSX,NA,white_salinas_2020,NA,NA
2008-10-01,2008-11-01,NA,NA,salinas_socs,total_N_conc_mg_kg,elemental_analysis,800,1,NA,NA,socs_sys7,4,5,0,30,10.1016/j.dib.2020.106481,FILLED_ZOTERO_XLSX,NA,white_salinas_2020,NA,NA
2008-10-01,2008-11-01,NA,NA,salinas_socs,nitrate_N_mg_kg,colorimetric_nitrate,20,1,NA,NA,socs_sys7,4,5,0,30,10.1016/j.dib.2020.106481,FILLED_ZOTERO_XLSX,NA,white_salinas_2020,NA,NA
2009-10-30,2009-10-30,NA,NA,salinas_socs,total_N_conc_mg_kg,elemental_analysis,550,1,NA,NA,socs_sys1,1,6,0,30,10.1016/j.dib.2020.106481,FILLED_ZOTERO_XLSX,NA,white_salinas_2020,NA,NA
2009-10-30,2009-10-30,NA,NA,salinas_socs,nitrate_N_mg_kg,colorimetric_nitrate,19,1,NA,NA,socs_sys1,1,6,0,30,10.1016/j.dib.2020.106481,FILLED_ZOTERO_XLSX,NA,white_salinas_2020,NA,NA
2009-10-30,2009-10-30,NA,NA,salinas_socs,total_N_conc_mg_kg,elemental_analysis,650,1,NA,NA,socs_sys1,2,6,0,30,10.1016/j.dib.2020.106481,FILLED_ZOTERO_XLSX,NA,white_salinas_2020,NA,NA
2009-10-30,2009-10-30,NA,NA,salinas_socs,nitrate_N_mg_kg,colorimetric_nitrate,21,1,NA,NA,socs_sys1,2,6,0,30,10.1016/j.dib.2020.106481,FILLED_ZOTERO_XLSX,NA,white_salinas_2020,NA,NA
2009-10-30,2009-10-30,NA,NA,salinas_socs,total_N_conc_mg_kg,elemental_analysis,510,1,NA,NA,socs_sys1,3,6,0,30,10.1016/j.dib.2020.106481,FILLED_ZOTERO_XLSX,NA,white_salinas_2020,NA,NA
2009-10-30,2009-10-30,NA,NA,salinas_socs,nitrate_N_mg_kg,colorimetric_nitrate,16,1,NA,NA,socs_sys1,3,6,0,30,10.1016/j.dib.2020.106481,FILLED_ZOTERO_XLSX,NA,white_salinas_2020,NA,NA
2009-10-30,2009-10-30,NA,NA,salinas_socs,total_N_conc_mg_kg,elemental_analysis,550,1,NA,NA,socs_sys1,4,6,0,30,10.1016/j.dib.2020.106481,FILLED_ZOTERO_XLSX,NA,white_salinas_2020,NA,NA
2009-10-30,2009-10-30,NA,NA,salinas_socs,nitrate_N_mg_kg,colorimetric_nitrate,15,1,NA,NA,socs_sys1,4,6,0,30,10.1016/j.dib.2020.106481,FILLED_ZOTERO_XLSX,NA,white_salinas_2020,NA,NA
2009-10-30,2009-10-30,NA,NA,salinas_socs,total_N_conc_mg_kg,elemental_analysis,670,1,NA,NA,socs_sys2,1,6,0,30,10.1016/j.dib.2020.106481,FILLED_ZOTERO_XLSX,NA,white_salinas_2020,NA,NA
2009-10-30,2009-10-30,NA,NA,salinas_socs,nitrate_N_mg_kg,colorimetric_nitrate,25,1,NA,NA,socs_sys2,1,6,0,30,10.1016/j.dib.2020.106481,FILLED_ZOTERO_XLSX,NA,white_salinas_2020,NA,NA
2009-10-30,2009-10-30,NA,NA,salinas_socs,total_N_conc_mg_kg,elemental_analysis,1040,1,NA,NA,socs_sys2,2,6,0,30,10.1016/j.dib.2020.106481,FILLED_ZOTERO_XLSX,NA,white_salinas_2020,NA,NA
2009-10-30,2009-10-30,NA,NA,salinas_socs,nitrate_N_mg_kg,colorimetric_nitrate,31,1,NA,NA,socs_sys2,2,6,0,30,10.1016/j.dib.2020.106481,FILLED_ZOTERO_XLSX,NA,white_salinas_2020,NA,NA
2009-10-30,2009-10-30,NA,NA,salinas_socs,total_N_conc_mg_kg,elemental_analysis,890,1,NA,NA,socs_sys2,3,6,0,30,10.1016/j.dib.2020.106481,FILLED_ZOTERO_XLSX,NA,white_salinas_2020,NA,NA
2009-10-30,2009-10-30,NA,NA,salinas_socs,nitrate_N_mg_kg,colorimetric_nitrate,29,1,NA,NA,socs_sys2,3,6,0,30,10.1016/j.dib.2020.106481,FILLED_ZOTERO_XLSX,NA,white_salinas_2020,NA,NA
2009-10-30,2009-10-30,NA,NA,salinas_socs,total_N_conc_mg_kg,elemental_analysis,820,1,NA,NA,socs_sys2,4,6,0,30,10.1016/j.dib.2020.106481,FILLED_ZOTERO_XLSX,NA,white_salinas_2020,NA,NA
2009-10-30,2009-10-30,NA,NA,salinas_socs,nitrate_N_mg_kg,colorimetric_nitrate,22,1,NA,NA,socs_sys2,4,6,0,30,10.1016/j.dib.2020.106481,FILLED_ZOTERO_XLSX,NA,white_salinas_2020,NA,NA
2009-10-30,2009-10-30,NA,NA,salinas_socs,total_N_conc_mg_kg,elemental_analysis,1010,1,NA,NA,socs_sys4,1,6,0,30,10.1016/j.dib.2020.106481,FILLED_ZOTERO_XLSX,NA,white_salinas_2020,NA,NA
2009-10-30,2009-10-30,NA,NA,salinas_socs,nitrate_N_mg_kg,colorimetric_nitrate,38,1,NA,NA,socs_sys4,1,6,0,30,10.1016/j.dib.2020.106481,FILLED_ZOTERO_XLSX,NA,white_salinas_2020,NA,NA
2009-10-30,2009-10-30,NA,NA,salinas_socs,total_N_conc_mg_kg,elemental_analysis,980,1,NA,NA,socs_sys4,2,6,0,30,10.1016/j.dib.2020.106481,FILLED_ZOTERO_XLSX,NA,white_salinas_2020,NA,NA
2009-10-30,2009-10-30,NA,NA,salinas_socs,nitrate_N_mg_kg,colorimetric_nitrate,44,1,NA,NA,socs_sys4,2,6,0,30,10.1016/j.dib.2020.106481,FILLED_ZOTERO_XLSX,NA,white_salinas_2020,NA,NA
2009-10-30,2009-10-30,NA,NA,salinas_socs,total_N_conc_mg_kg,elemental_analysis,810,1,NA,NA,socs_sys4,3,6,0,30,10.1016/j.dib.2020.106481,FILLED_ZOTERO_XLSX,NA,white_salinas_2020,NA,NA
2009-10-30,2009-10-30,NA,NA,salinas_socs,nitrate_N_mg_kg,colorimetric_nitrate,57,1,NA,NA,socs_sys4,3,6,0,30,10.1016/j.dib.2020.106481,FILLED_ZOTERO_XLSX,NA,white_salinas_2020,NA,NA
2009-10-30,2009-10-30,NA,NA,salinas_socs,total_N_conc_mg_kg,elemental_analysis,700,1,NA,NA,socs_sys4,4,6,0,30,10.1016/j.dib.2020.106481,FILLED_ZOTERO_XLSX,NA,white_salinas_2020,NA,NA
2009-10-30,2009-10-30,NA,NA,salinas_socs,nitrate_N_mg_kg,colorimetric_nitrate,37,1,NA,NA,socs_sys4,4,6,0,30,10.1016/j.dib.2020.106481,FILLED_ZOTERO_XLSX,NA,white_salinas_2020,NA,NA
2009-10-30,2009-10-30,NA,NA,salinas_socs,total_N_conc_mg_kg,elemental_analysis,630,1,NA,NA,socs_sys5,1,6,0,30,10.1016/j.dib.2020.106481,FILLED_ZOTERO_XLSX,NA,white_salinas_2020,NA,NA
2009-10-30,2009-10-30,NA,NA,salinas_socs,nitrate_N_mg_kg,colorimetric_nitrate,40,1,NA,NA,socs_sys5,1,6,0,30,10.1016/j.dib.2020.106481,FILLED_ZOTERO_XLSX,NA,white_salinas_2020,NA,NA
2009-10-30,2009-10-30,NA,NA,salinas_socs,total_N_conc_mg_kg,elemental_analysis,1030,1,NA,NA,socs_sys5,2,6,0,30,10.1016/j.dib.2020.106481,FILLED_ZOTERO_XLSX,NA,white_salinas_2020,NA,NA
2009-10-30,2009-10-30,NA,NA,salinas_socs,nitrate_N_mg_kg,colorimetric_nitrate,36,1,NA,NA,socs_sys5,2,6,0,30,10.1016/j.dib.2020.106481,FILLED_ZOTERO_XLSX,NA,white_salinas_2020,NA,NA
2009-10-30,2009-10-30,NA,NA,salinas_socs,total_N_conc_mg_kg,elemental_analysis,740,1,NA,NA,socs_sys5,3,6,0,30,10.1016/j.dib.2020.106481,FILLED_ZOTERO_XLSX,NA,white_salinas_2020,NA,NA
2009-10-30,2009-10-30,NA,NA,salinas_socs,nitrate_N_mg_kg,colorimetric_nitrate,44,1,NA,NA,socs_sys5,3,6,0,30,10.1016/j.dib.2020.106481,FILLED_ZOTERO_XLSX,NA,white_salinas_2020,NA,NA
2009-10-30,2009-10-30,NA,NA,salinas_socs,total_N_conc_mg_kg,elemental_analysis,880,1,NA,NA,socs_sys5,4,6,0,30,10.1016/j.dib.2020.106481,FILLED_ZOTERO_XLSX,NA,white_salinas_2020,NA,NA
2009-10-30,2009-10-30,NA,NA,salinas_socs,nitrate_N_mg_kg,colorimetric_nitrate,37,1,NA,NA,socs_sys5,4,6,0,30,10.1016/j.dib.2020.106481,FILLED_ZOTERO_XLSX,NA,white_salinas_2020,NA,NA
2009-10-30,2009-10-30,NA,NA,salinas_socs,total_N_conc_mg_kg,elemental_analysis,720,1,NA,NA,socs_sys7,1,6,0,30,10.1016/j.dib.2020.106481,FILLED_ZOTERO_XLSX,NA,white_salinas_2020,NA,NA
2009-10-30,2009-10-30,NA,NA,salinas_socs,nitrate_N_mg_kg,colorimetric_nitrate,41,1,NA,NA,socs_sys7,1,6,0,30,10.1016/j.dib.2020.106481,FILLED_ZOTERO_XLSX,NA,white_salinas_2020,NA,NA
2009-10-30,2009-10-30,NA,NA,salinas_socs,total_N_conc_mg_kg,elemental_analysis,1010,1,NA,NA,socs_sys7,2,6,0,30,10.1016/j.dib.2020.106481,FILLED_ZOTERO_XLSX,NA,white_salinas_2020,NA,NA
2009-10-30,2009-10-30,NA,NA,salinas_socs,nitrate_N_mg_kg,colorimetric_nitrate,32,1,NA,NA,socs_sys7,2,6,0,30,10.1016/j.dib.2020.106481,FILLED_ZOTERO_XLSX,NA,white_salinas_2020,NA,NA
2009-10-30,2009-10-30,NA,NA,salinas_socs,total_N_conc_mg_kg,elemental_analysis,730,1,NA,NA,socs_sys7,3,6,0,30,10.1016/j.dib.2020.106481,FILLED_ZOTERO_XLSX,NA,white_salinas_2020,NA,NA
2009-10-30,2009-10-30,NA,NA,salinas_socs,nitrate_N_mg_kg,colorimetric_nitrate,35,1,NA,NA,socs_sys7,3,6,0,30,10.1016/j.dib.2020.106481,FILLED_ZOTERO_XLSX,NA,white_salinas_2020,NA,NA
2009-10-30,2009-10-30,NA,NA,salinas_socs,total_N_conc_mg_kg,elemental_analysis,740,1,NA,NA,socs_sys7,4,6,0,30,10.1016/j.dib.2020.106481,FILLED_ZOTERO_XLSX,NA,white_salinas_2020,NA,NA
2009-10-30,2009-10-30,NA,NA,salinas_socs,nitrate_N_mg_kg,colorimetric_nitrate,40,1,NA,NA,socs_sys7,4,6,0,30,10.1016/j.dib.2020.106481,FILLED_ZOTERO_XLSX,NA,white_salinas_2020,NA,NA
2010-10-01,2010-11-01,NA,NA,salinas_socs,total_N_conc_mg_kg,elemental_analysis,320,1,NA,NA,socs_sys1,1,7,0,30,10.1016/j.dib.2020.106481,FILLED_ZOTERO_XLSX,NA,white_salinas_2020,NA,NA
2010-10-01,2010-11-01,NA,NA,salinas_socs,nitrate_N_mg_kg,colorimetric_nitrate,5,1,NA,NA,socs_sys1,1,7,0,30,10.1016/j.dib.2020.106481,FILLED_ZOTERO_XLSX,NA,white_salinas_2020,NA,NA
2010-10-01,2010-11-01,NA,NA,salinas_socs,total_N_conc_mg_kg,elemental_analysis,460,1,NA,NA,socs_sys1,2,7,0,30,10.1016/j.dib.2020.106481,FILLED_ZOTERO_XLSX,NA,white_salinas_2020,NA,NA
2010-10-01,2010-11-01,NA,NA,salinas_socs,nitrate_N_mg_kg,colorimetric_nitrate,5,1,NA,NA,socs_sys1,2,7,0,30,10.1016/j.dib.2020.106481,FILLED_ZOTERO_XLSX,NA,white_salinas_2020,NA,NA
2010-10-01,2010-11-01,NA,NA,salinas_socs,total_N_conc_mg_kg,elemental_analysis,500,1,NA,NA,socs_sys1,3,7,0,30,10.1016/j.dib.2020.106481,FILLED_ZOTERO_XLSX,NA,white_salinas_2020,NA,NA
2010-10-01,2010-11-01,NA,NA,salinas_socs,nitrate_N_mg_kg,colorimetric_nitrate,5,1,NA,NA,socs_sys1,3,7,0,30,10.1016/j.dib.2020.106481,FILLED_ZOTERO_XLSX,NA,white_salinas_2020,NA,NA
2010-10-01,2010-11-01,NA,NA,salinas_socs,total_N_conc_mg_kg,elemental_analysis,610,1,NA,NA,socs_sys1,4,7,0,30,10.1016/j.dib.2020.106481,FILLED_ZOTERO_XLSX,NA,white_salinas_2020,NA,NA
2010-10-01,2010-11-01,NA,NA,salinas_socs,nitrate_N_mg_kg,colorimetric_nitrate,9,1,NA,NA,socs_sys1,4,7,0,30,10.1016/j.dib.2020.106481,FILLED_ZOTERO_XLSX,NA,white_salinas_2020,NA,NA
2010-10-01,2010-11-01,NA,NA,salinas_socs,total_N_conc_mg_kg,elemental_analysis,420,1,NA,NA,socs_sys2,1,7,0,30,10.1016/j.dib.2020.106481,FILLED_ZOTERO_XLSX,NA,white_salinas_2020,NA,NA
2010-10-01,2010-11-01,NA,NA,salinas_socs,nitrate_N_mg_kg,colorimetric_nitrate,5,1,NA,NA,socs_sys2,1,7,0,30,10.1016/j.dib.2020.106481,FILLED_ZOTERO_XLSX,NA,white_salinas_2020,NA,NA
2010-10-01,2010-11-01,NA,NA,salinas_socs,total_N_conc_mg_kg,elemental_analysis,720,1,NA,NA,socs_sys2,2,7,0,30,10.1016/j.dib.2020.106481,FILLED_ZOTERO_XLSX,NA,white_salinas_2020,NA,NA
2010-10-01,2010-11-01,NA,NA,salinas_socs,nitrate_N_mg_kg,colorimetric_nitrate,8,1,NA,NA,socs_sys2,2,7,0,30,10.1016/j.dib.2020.106481,FILLED_ZOTERO_XLSX,NA,white_salinas_2020,NA,NA
2010-10-01,2010-11-01,NA,NA,salinas_socs,total_N_conc_mg_kg,elemental_analysis,710,1,NA,NA,socs_sys2,3,7,0,30,10.1016/j.dib.2020.106481,FILLED_ZOTERO_XLSX,NA,white_salinas_2020,NA,NA
2010-10-01,2010-11-01,NA,NA,salinas_socs,nitrate_N_mg_kg,colorimetric_nitrate,9,1,NA,NA,socs_sys2,3,7,0,30,10.1016/j.dib.2020.106481,FILLED_ZOTERO_XLSX,NA,white_salinas_2020,NA,NA
2010-10-01,2010-11-01,NA,NA,salinas_socs,total_N_conc_mg_kg,elemental_analysis,790,1,NA,NA,socs_sys2,4,7,0,30,10.1016/j.dib.2020.106481,FILLED_ZOTERO_XLSX,NA,white_salinas_2020,NA,NA
2010-10-01,2010-11-01,NA,NA,salinas_socs,nitrate_N_mg_kg,colorimetric_nitrate,7,1,NA,NA,socs_sys2,4,7,0,30,10.1016/j.dib.2020.106481,FILLED_ZOTERO_XLSX,NA,white_salinas_2020,NA,NA
2010-10-01,2010-11-01,NA,NA,salinas_socs,total_N_conc_mg_kg,elemental_analysis,740,1,NA,NA,socs_sys4,1,7,0,30,10.1016/j.dib.2020.106481,FILLED_ZOTERO_XLSX,NA,white_salinas_2020,NA,NA
2010-10-01,2010-11-01,NA,NA,salinas_socs,nitrate_N_mg_kg,colorimetric_nitrate,21,1,NA,NA,socs_sys4,1,7,0,30,10.1016/j.dib.2020.106481,FILLED_ZOTERO_XLSX,NA,white_salinas_2020,NA,NA
2010-10-01,2010-11-01,NA,NA,salinas_socs,total_N_conc_mg_kg,elemental_analysis,740,1,NA,NA,socs_sys4,2,7,0,30,10.1016/j.dib.2020.106481,FILLED_ZOTERO_XLSX,NA,white_salinas_2020,NA,NA
2010-10-01,2010-11-01,NA,NA,salinas_socs,nitrate_N_mg_kg,colorimetric_nitrate,23,1,NA,NA,socs_sys4,2,7,0,30,10.1016/j.dib.2020.106481,FILLED_ZOTERO_XLSX,NA,white_salinas_2020,NA,NA
2010-10-01,2010-11-01,NA,NA,salinas_socs,total_N_conc_mg_kg,elemental_analysis,1170,1,NA,NA,socs_sys4,3,7,0,30,10.1016/j.dib.2020.106481,FILLED_ZOTERO_XLSX,NA,white_salinas_2020,NA,NA
2010-10-01,2010-11-01,NA,NA,salinas_socs,nitrate_N_mg_kg,colorimetric_nitrate,22,1,NA,NA,socs_sys4,3,7,0,30,10.1016/j.dib.2020.106481,FILLED_ZOTERO_XLSX,NA,white_salinas_2020,NA,NA
2010-10-01,2010-11-01,NA,NA,salinas_socs,total_N_conc_mg_kg,elemental_analysis,870,1,NA,NA,socs_sys4,4,7,0,30,10.1016/j.dib.2020.106481,FILLED_ZOTERO_XLSX,NA,white_salinas_2020,NA,NA
2010-10-01,2010-11-01,NA,NA,salinas_socs,nitrate_N_mg_kg,colorimetric_nitrate,20,1,NA,NA,socs_sys4,4,7,0,30,10.1016/j.dib.2020.106481,FILLED_ZOTERO_XLSX,NA,white_salinas_2020,NA,NA
2010-10-01,2010-11-01,NA,NA,salinas_socs,total_N_conc_mg_kg,elemental_analysis,630,1,NA,NA,socs_sys5,1,7,0,30,10.1016/j.dib.2020.106481,FILLED_ZOTERO_XLSX,NA,white_salinas_2020,NA,NA
2010-10-01,2010-11-01,NA,NA,salinas_socs,nitrate_N_mg_kg,colorimetric_nitrate,21,1,NA,NA,socs_sys5,1,7,0,30,10.1016/j.dib.2020.106481,FILLED_ZOTERO_XLSX,NA,white_salinas_2020,NA,NA
2010-10-01,2010-11-01,NA,NA,salinas_socs,total_N_conc_mg_kg,elemental_analysis,1400,1,NA,NA,socs_sys5,2,7,0,30,10.1016/j.dib.2020.106481,FILLED_ZOTERO_XLSX,NA,white_salinas_2020,NA,NA
2010-10-01,2010-11-01,NA,NA,salinas_socs,nitrate_N_mg_kg,colorimetric_nitrate,23,1,NA,NA,socs_sys5,2,7,0,30,10.1016/j.dib.2020.106481,FILLED_ZOTERO_XLSX,NA,white_salinas_2020,NA,NA
2010-10-01,2010-11-01,NA,NA,salinas_socs,total_N_conc_mg_kg,elemental_analysis,690,1,NA,NA,socs_sys5,3,7,0,30,10.1016/j.dib.2020.106481,FILLED_ZOTERO_XLSX,NA,white_salinas_2020,NA,NA
2010-10-01,2010-11-01,NA,NA,salinas_socs,nitrate_N_mg_kg,colorimetric_nitrate,18,1,NA,NA,socs_sys5,3,7,0,30,10.1016/j.dib.2020.106481,FILLED_ZOTERO_XLSX,NA,white_salinas_2020,NA,NA
2010-10-01,2010-11-01,NA,NA,salinas_socs,total_N_conc_mg_kg,elemental_analysis,700,1,NA,NA,socs_sys5,4,7,0,30,10.1016/j.dib.2020.106481,FILLED_ZOTERO_XLSX,NA,white_salinas_2020,NA,NA
2010-10-01,2010-11-01,NA,NA,salinas_socs,nitrate_N_mg_kg,colorimetric_nitrate,20,1,NA,NA,socs_sys5,4,7,0,30,10.1016/j.dib.2020.106481,FILLED_ZOTERO_XLSX,NA,white_salinas_2020,NA,NA
2010-10-01,2010-11-01,NA,NA,salinas_socs,total_N_conc_mg_kg,elemental_analysis,800,1,NA,NA,socs_sys7,1,7,0,30,10.1016/j.dib.2020.106481,FILLED_ZOTERO_XLSX,NA,white_salinas_2020,NA,NA
2010-10-01,2010-11-01,NA,NA,salinas_socs,nitrate_N_mg_kg,colorimetric_nitrate,17,1,NA,NA,socs_sys7,1,7,0,30,10.1016/j.dib.2020.106481,FILLED_ZOTERO_XLSX,NA,white_salinas_2020,NA,NA
2010-10-01,2010-11-01,NA,NA,salinas_socs,total_N_conc_mg_kg,elemental_analysis,1060,1,NA,NA,socs_sys7,2,7,0,30,10.1016/j.dib.2020.106481,FILLED_ZOTERO_XLSX,NA,white_salinas_2020,NA,NA
2010-10-01,2010-11-01,NA,NA,salinas_socs,nitrate_N_mg_kg,colorimetric_nitrate,16,1,NA,NA,socs_sys7,2,7,0,30,10.1016/j.dib.2020.106481,FILLED_ZOTERO_XLSX,NA,white_salinas_2020,NA,NA
2010-10-01,2010-11-01,NA,NA,salinas_socs,total_N_conc_mg_kg,elemental_analysis,970,1,NA,NA,socs_sys7,3,7,0,30,10.1016/j.dib.2020.106481,FILLED_ZOTERO_XLSX,NA,white_salinas_2020,NA,NA
2010-10-01,2010-11-01,NA,NA,salinas_socs,nitrate_N_mg_kg,colorimetric_nitrate,12,1,NA,NA,socs_sys7,3,7,0,30,10.1016/j.dib.2020.106481,FILLED_ZOTERO_XLSX,NA,white_salinas_2020,NA,NA
2010-10-01,2010-11-01,NA,NA,salinas_socs,total_N_conc_mg_kg,elemental_analysis,850,1,NA,NA,socs_sys7,4,7,0,30,10.1016/j.dib.2020.106481,FILLED_ZOTERO_XLSX,NA,white_salinas_2020,NA,NA
2010-10-01,2010-11-01,NA,NA,salinas_socs,nitrate_N_mg_kg,colorimetric_nitrate,14,1,NA,NA,socs_sys7,4,7,0,30,10.1016/j.dib.2020.106481,FILLED_ZOTERO_XLSX,NA,white_salinas_2020,NA,NA
2011-08-01,2011-09-01,NA,NA,salinas_socs,total_N_conc_mg_kg,elemental_analysis,510,1,NA,NA,socs_sys1,1,8,0,30,10.1016/j.dib.2020.106481,FILLED_ZOTERO_XLSX,NA,white_salinas_2020,NA,NA
2011-08-01,2011-09-01,NA,NA,salinas_socs,nitrate_N_mg_kg,colorimetric_nitrate,27,1,NA,NA,socs_sys1,1,8,0,30,10.1016/j.dib.2020.106481,FILLED_ZOTERO_XLSX,NA,white_salinas_2020,NA,NA
2011-08-01,2011-09-01,NA,NA,salinas_socs,total_N_conc_mg_kg,elemental_analysis,440,1,NA,NA,socs_sys1,2,8,0,30,10.1016/j.dib.2020.106481,FILLED_ZOTERO_XLSX,NA,white_salinas_2020,NA,NA
2011-08-01,2011-09-01,NA,NA,salinas_socs,nitrate_N_mg_kg,colorimetric_nitrate,29,1,NA,NA,socs_sys1,2,8,0,30,10.1016/j.dib.2020.106481,FILLED_ZOTERO_XLSX,NA,white_salinas_2020,NA,NA
2011-08-01,2011-09-01,NA,NA,salinas_socs,total_N_conc_mg_kg,elemental_analysis,440,1,NA,NA,socs_sys1,3,8,0,30,10.1016/j.dib.2020.106481,FILLED_ZOTERO_XLSX,NA,white_salinas_2020,NA,NA
2011-08-01,2011-09-01,NA,NA,salinas_socs,nitrate_N_mg_kg,colorimetric_nitrate,21,1,NA,NA,socs_sys1,3,8,0,30,10.1016/j.dib.2020.106481,FILLED_ZOTERO_XLSX,NA,white_salinas_2020,NA,NA
2011-08-01,2011-09-01,NA,NA,salinas_socs,total_N_conc_mg_kg,elemental_analysis,590,1,NA,NA,socs_sys1,4,8,0,30,10.1016/j.dib.2020.106481,FILLED_ZOTERO_XLSX,NA,white_salinas_2020,NA,NA
2011-08-01,2011-09-01,NA,NA,salinas_socs,nitrate_N_mg_kg,colorimetric_nitrate,30,1,NA,NA,socs_sys1,4,8,0,30,10.1016/j.dib.2020.106481,FILLED_ZOTERO_XLSX,NA,white_salinas_2020,NA,NA
2011-08-01,2011-09-01,NA,NA,salinas_socs,total_N_conc_mg_kg,elemental_analysis,530,1,NA,NA,socs_sys2,1,8,0,30,10.1016/j.dib.2020.106481,FILLED_ZOTERO_XLSX,NA,white_salinas_2020,NA,NA
2011-08-01,2011-09-01,NA,NA,salinas_socs,nitrate_N_mg_kg,colorimetric_nitrate,30,1,NA,NA,socs_sys2,1,8,0,30,10.1016/j.dib.2020.106481,FILLED_ZOTERO_XLSX,NA,white_salinas_2020,NA,NA
2011-08-01,2011-09-01,NA,NA,salinas_socs,total_N_conc_mg_kg,elemental_analysis,850,1,NA,NA,socs_sys2,2,8,0,30,10.1016/j.dib.2020.106481,FILLED_ZOTERO_XLSX,NA,white_salinas_2020,NA,NA
2011-08-01,2011-09-01,NA,NA,salinas_socs,nitrate_N_mg_kg,colorimetric_nitrate,36,1,NA,NA,socs_sys2,2,8,0,30,10.1016/j.dib.2020.106481,FILLED_ZOTERO_XLSX,NA,white_salinas_2020,NA,NA
2011-08-01,2011-09-01,NA,NA,salinas_socs,total_N_conc_mg_kg,elemental_analysis,540,1,NA,NA,socs_sys2,3,8,0,30,10.1016/j.dib.2020.106481,FILLED_ZOTERO_XLSX,NA,white_salinas_2020,NA,NA
2011-08-01,2011-09-01,NA,NA,salinas_socs,nitrate_N_mg_kg,colorimetric_nitrate,26,1,NA,NA,socs_sys2,3,8,0,30,10.1016/j.dib.2020.106481,FILLED_ZOTERO_XLSX,NA,white_salinas_2020,NA,NA
2011-08-01,2011-09-01,NA,NA,salinas_socs,total_N_conc_mg_kg,elemental_analysis,760,1,NA,NA,socs_sys2,4,8,0,30,10.1016/j.dib.2020.106481,FILLED_ZOTERO_XLSX,NA,white_salinas_2020,NA,NA
2011-08-01,2011-09-01,NA,NA,salinas_socs,nitrate_N_mg_kg,colorimetric_nitrate,33,1,NA,NA,socs_sys2,4,8,0,30,10.1016/j.dib.2020.106481,FILLED_ZOTERO_XLSX,NA,white_salinas_2020,NA,NA
2011-08-01,2011-09-01,NA,NA,salinas_socs,total_N_conc_mg_kg,elemental_analysis,880,1,NA,NA,socs_sys4,1,8,0,30,10.1016/j.dib.2020.106481,FILLED_ZOTERO_XLSX,NA,white_salinas_2020,NA,NA
2011-08-01,2011-09-01,NA,NA,salinas_socs,nitrate_N_mg_kg,colorimetric_nitrate,50,1,NA,NA,socs_sys4,1,8,0,30,10.1016/j.dib.2020.106481,FILLED_ZOTERO_XLSX,NA,white_salinas_2020,NA,NA
2011-08-01,2011-09-01,NA,NA,salinas_socs,total_N_conc_mg_kg,elemental_analysis,640,1,NA,NA,socs_sys4,2,8,0,30,10.1016/j.dib.2020.106481,FILLED_ZOTERO_XLSX,NA,white_salinas_2020,NA,NA
2011-08-01,2011-09-01,NA,NA,salinas_socs,nitrate_N_mg_kg,colorimetric_nitrate,39,1,NA,NA,socs_sys4,2,8,0,30,10.1016/j.dib.2020.106481,FILLED_ZOTERO_XLSX,NA,white_salinas_2020,NA,NA
2011-08-01,2011-09-01,NA,NA,salinas_socs,total_N_conc_mg_kg,elemental_analysis,710,1,NA,NA,socs_sys4,3,8,0,30,10.1016/j.dib.2020.106481,FILLED_ZOTERO_XLSX,NA,white_salinas_2020,NA,NA
2011-08-01,2011-09-01,NA,NA,salinas_socs,nitrate_N_mg_kg,colorimetric_nitrate,48,1,NA,NA,socs_sys4,3,8,0,30,10.1016/j.dib.2020.106481,FILLED_ZOTERO_XLSX,NA,white_salinas_2020,NA,NA
2011-08-01,2011-09-01,NA,NA,salinas_socs,total_N_conc_mg_kg,elemental_analysis,730,1,NA,NA,socs_sys4,4,8,0,30,10.1016/j.dib.2020.106481,FILLED_ZOTERO_XLSX,NA,white_salinas_2020,NA,NA
2011-08-01,2011-09-01,NA,NA,salinas_socs,nitrate_N_mg_kg,colorimetric_nitrate,42,1,NA,NA,socs_sys4,4,8,0,30,10.1016/j.dib.2020.106481,FILLED_ZOTERO_XLSX,NA,white_salinas_2020,NA,NA
2011-08-01,2011-09-01,NA,NA,salinas_socs,total_N_conc_mg_kg,elemental_analysis,730,1,NA,NA,socs_sys5,1,8,0,30,10.1016/j.dib.2020.106481,FILLED_ZOTERO_XLSX,NA,white_salinas_2020,NA,NA
2011-08-01,2011-09-01,NA,NA,salinas_socs,nitrate_N_mg_kg,colorimetric_nitrate,37,1,NA,NA,socs_sys5,1,8,0,30,10.1016/j.dib.2020.106481,FILLED_ZOTERO_XLSX,NA,white_salinas_2020,NA,NA
2011-08-01,2011-09-01,NA,NA,salinas_socs,total_N_conc_mg_kg,elemental_analysis,830,1,NA,NA,socs_sys5,2,8,0,30,10.1016/j.dib.2020.106481,FILLED_ZOTERO_XLSX,NA,white_salinas_2020,NA,NA
2011-08-01,2011-09-01,NA,NA,salinas_socs,nitrate_N_mg_kg,colorimetric_nitrate,37,1,NA,NA,socs_sys5,2,8,0,30,10.1016/j.dib.2020.106481,FILLED_ZOTERO_XLSX,NA,white_salinas_2020,NA,NA
2011-08-01,2011-09-01,NA,NA,salinas_socs,total_N_conc_mg_kg,elemental_analysis,600,1,NA,NA,socs_sys5,3,8,0,30,10.1016/j.dib.2020.106481,FILLED_ZOTERO_XLSX,NA,white_salinas_2020,NA,NA
2011-08-01,2011-09-01,NA,NA,salinas_socs,nitrate_N_mg_kg,colorimetric_nitrate,30,1,NA,NA,socs_sys5,3,8,0,30,10.1016/j.dib.2020.106481,FILLED_ZOTERO_XLSX,NA,white_salinas_2020,NA,NA
2011-08-01,2011-09-01,NA,NA,salinas_socs,total_N_conc_mg_kg,elemental_analysis,700,1,NA,NA,socs_sys5,4,8,0,30,10.1016/j.dib.2020.106481,FILLED_ZOTERO_XLSX,NA,white_salinas_2020,NA,NA
2011-08-01,2011-09-01,NA,NA,salinas_socs,nitrate_N_mg_kg,colorimetric_nitrate,47,1,NA,NA,socs_sys5,4,8,0,30,10.1016/j.dib.2020.106481,FILLED_ZOTERO_XLSX,NA,white_salinas_2020,NA,NA
2011-08-01,2011-09-01,NA,NA,salinas_socs,total_N_conc_mg_kg,elemental_analysis,610,1,NA,NA,socs_sys7,1,8,0,30,10.1016/j.dib.2020.106481,FILLED_ZOTERO_XLSX,NA,white_salinas_2020,NA,NA
2011-08-01,2011-09-01,NA,NA,salinas_socs,nitrate_N_mg_kg,colorimetric_nitrate,36,1,NA,NA,socs_sys7,1,8,0,30,10.1016/j.dib.2020.106481,FILLED_ZOTERO_XLSX,NA,white_salinas_2020,NA,NA
2011-08-01,2011-09-01,NA,NA,salinas_socs,total_N_conc_mg_kg,elemental_analysis,680,1,NA,NA,socs_sys7,2,8,0,30,10.1016/j.dib.2020.106481,FILLED_ZOTERO_XLSX,NA,white_salinas_2020,NA,NA
2011-08-01,2011-09-01,NA,NA,salinas_socs,nitrate_N_mg_kg,colorimetric_nitrate,38,1,NA,NA,socs_sys7,2,8,0,30,10.1016/j.dib.2020.106481,FILLED_ZOTERO_XLSX,NA,white_salinas_2020,NA,NA
2011-08-01,2011-09-01,NA,NA,salinas_socs,total_N_conc_mg_kg,elemental_analysis,800,1,NA,NA,socs_sys7,3,8,0,30,10.1016/j.dib.2020.106481,FILLED_ZOTERO_XLSX,NA,white_salinas_2020,NA,NA
2011-08-01,2011-09-01,NA,NA,salinas_socs,nitrate_N_mg_kg,colorimetric_nitrate,36,1,NA,NA,socs_sys7,3,8,0,30,10.1016/j.dib.2020.106481,FILLED_ZOTERO_XLSX,NA,white_salinas_2020,NA,NA
2011-08-01,2011-09-01,NA,NA,salinas_socs,total_N_conc_mg_kg,elemental_analysis,920,1,NA,NA,socs_sys7,4,8,0,30,10.1016/j.dib.2020.106481,FILLED_ZOTERO_XLSX,NA,white_salinas_2020,NA,NA
2011-08-01,2011-09-01,NA,NA,salinas_socs,nitrate_N_mg_kg,colorimetric_nitrate,40,1,NA,NA,socs_sys7,4,8,0,30,10.1016/j.dib.2020.106481,FILLED_ZOTERO_XLSX,NA,white_salinas_2020,NA,NA
